vendor_name,import_year,total_spend,num_transactions,num_categories,mean_approval_delay,mean_fulfillment_delay,anomaly_score,is_anomaly,pca_1,pca_2
058731095,2018,130900.0,2,2,1.5,78.0,0.13938423706416425,False,-0.35678091046203775,0.06414507984059767
1 ADVANCED ENTERPRISES LLC,2021,66.55000000000001,2,2,0.5,6.0,0.19438832261393368,False,-0.23858750135766849,-0.7474568927695214
11400 INC,2019,5495.0,2,2,1.0,44.0,0.1979922267398621,False,-0.3039931835195846,-0.3374054558491525
11400 INC,2020,8500.0,1,1,5.0,55.0,0.17688853756910772,False,-0.4689626137176201,0.5772567194335708
1ST CHOICE SHREDDING,2020,3005.0,4,1,3.25,208.5,0.10789509288956012,False,-0.6105667951544044,1.4490748168040655
1ST CHOICE SHREDDING,2022,2490.0,2,1,0.5,0.0,0.1891473781283306,False,-0.2766343932491364,-0.799370191407914
2 PROCUREMENT LLC,2020,4144.150000000001,5,8,3.1,29.7,0.18152032399046641,False,-0.009387735910999328,0.01382478200876551
22ND CENTURY TECHNOLOGIES,2020,223882.12,7,1,5.714285714285714,79.0,0.07007407810396749,False,-0.4267256078380959,0.969629637393758
22ND CENTURY TECHNOLOGIES INC,2022,339365.45,8,2,4.818181818181818,0.0,0.07404738625976759,False,-0.22650048605838444,0.17760166359996843
3 G FOODSERVICE,2017,303.74,1,1,3.0,27.0,0.19870128279237892,False,-0.38464090856834016,-0.06486294389058693
3 G FOODSERVICE,2018,517.04,2,2,0.5,25.0,0.1946466280221098,False,-0.2658474479478574,-0.5948432864934745
3 G FOODSERVICE,2019,17.5,2,2,1.5,23.0,0.20478493881237797,False,-0.2852942275430791,-0.4031302771128237
360 INTEGRATED SERVICESOLUTIONS360IS2LLC,2019,121.4,1,2,1.0,390.0,0.05156220251505972,False,-0.814569918322767,2.4376218881141285
4IMPRINT INC,2018,258.44,1,2,2.0,13.0,0.2025665681319529,False,-0.2954455766396182,-0.380900816238979
623 LANDFILL INC,2021,15241.0246,3,2,0.6666666666666666,3.5,0.18868239495613043,False,-0.22446206168944396,-0.7284204800917828
A F DAULTON SUPPLY,2016,467.28000000000003,2,2,0.0,30.5,0.19486045667453977,False,-0.2626036343572591,-0.6546344024715843
A F DAULTON SUPPLY,2017,9.45,1,1,4.0,14.0,0.1945357713917638,False,-0.3882789127431272,0.03858653348701022
A M DAVIS INC,2018,5206.8,2,2,2.0,28.0,0.20353976310721955,False,-0.3033225615843274,-0.2580376679157035
A M DAVIS INC,2019,5448.98,5,2,3.75,22.0,0.18949708997040815,False,-0.29355752387044887,0.062035545546154
A M DAVIS INC,2020,2618.67,5,2,0.7142857142857143,9.142857142857142,0.19211711106207452,False,-0.2075885107940501,-0.6727573105638757
A M DAVIS INC,2021,3596.5,4,1,2.142857142857143,2.6666666666666665,0.19767761636965558,False,-0.29025862481915554,-0.43330046827639607
A M DAVIS INC,2022,3752.1,7,1,2.0,0.0,0.19776765702273902,False,-0.24309308288227588,-0.47994725009324624
A1 ASPHALT PAVING & SEALING LLC,2019,74813.94,1,1,12.0,1.0,0.051659900675787296,False,-0.5436468435404843,1.6118803338483974
AAA OSHA TRAINING & SAFETY CONSULTANTS I,2020,750.0,1,1,1.0,28.0,0.20305739538011586,False,-0.3414707438229682,-0.47248063734260404
AAM SUPPLY LLC,2016,1274.46,4,5,0.8333333333333334,18.0,0.1936844488950175,False,-0.09601284925516176,-0.5659756299277223
AAM SUPPLY LLC,2017,207.05,2,2,0.0,63.0,0.18578013351178896,False,-0.3092915462940923,-0.3937876600131351
AARON MONTGOMERY,2017,3800.0,1,1,4.0,0.0,0.18903848627631376,False,-0.3679564544215418,-0.07305435220945004
ABACUS OFFICE SOLUTIONS LLC,2016,575.22,10,13,6.315789473684211,23.7,0.0938849105058368,False,0.22825925609697378,0.6619086556234952
ABACUS OFFICE SOLUTIONS LLC,2017,770.24,6,4,1.5714285714285714,23.142857142857142,0.2018573163832743,False,-0.13992023220467167,-0.3726391095484322
ABACUS OFFICE SOLUTIONS LLC,2018,284.42,2,5,1.2857142857142858,34.285714285714285,0.1916503134716968,False,-0.15630289631383623,-0.34434979069807026
ABACUS OFFICE SOLUTIONS LLC,2019,524.67,1,6,4.0,130.0,0.12496293405850045,False,-0.32082467210281795,0.9910150293375308
ABACUS OFFICE SOLUTIONS LLC,2021,167.1,2,2,0.0,11.0,0.19706150268309403,False,-0.2346170301442456,-0.8112322446004123
ABATEMENT TECHNOLOGIES INC,2020,25969.790399999998,2,2,0.0,204.0,0.10583628376016924,False,-0.5103045999312541,0.7431777971302721
ABBOTT FARM SUPPLIERS INC,2020,95.71000000000001,1,2,1.0,1.0,0.19708901593569383,False,-0.25593144557055975,-0.6851309606329872
ABILITY2ACCESS,2021,6165.0,1,1,1.0,11.0,0.20356334921069047,False,-0.3167469418060405,-0.6078847430987366
ACCESS OFFICE PRODUCTS LLC,2016,700.31,7,7,2.2857142857142856,104.5,0.14956068773508008,False,-0.11889451915162388,0.44307644468624496
ACCESS OFFICE PRODUCTS LLC,2017,1190.46,14,19,1.8076923076923077,16.833333333333332,0.1427517022387581,False,0.6729800608686323,-0.29892971245384087
ACCESS OFFICE PRODUCTS LLC,2018,11730.53,69,60,1.9829545454545454,74.98125,-0.015902397970541937,True,3.241015030971093,0.46068876343851917
ACCESS OFFICE PRODUCTS LLC,2019,5682.12,37,38,1.2345679012345678,60.111111111111114,0.05382999771751229,False,1.8208659219943173,0.044426480661541486
ACCESS OFFICE PRODUCTS LLC,2020,18058.739999999998,58,55,1.4268292682926829,14.121212121212121,0.042027056869104906,False,2.959973055059899,-0.17957411708825982
ACCESS OFFICE PRODUCTS LLC,2021,5202.54,31,24,2.101449275362319,13.954545454545455,0.10739577929315536,False,1.1322829920715238,-0.21399161214089538
ACCRUENT,2020,127050.0,1,1,4.0,2.0,0.14642279749119774,False,-0.3637675141450626,-0.03274531101603041
ACCRUENT LLC,2018,5077.76,1,1,2.0,7.0,0.2010932062494093,False,-0.3333552065615223,-0.4323426429897018
ACCRUENT LLC,2020,65750.95000000001,2,2,12.333333333333334,3.0,0.05523331685901611,False,-0.4942851792751383,1.7011403531608975
ACTION MAINTENANCE SUPPLY CO INC,2020,33.75,1,1,5.0,41.0,0.1830624515245986,False,-0.4493423606528121,0.4632038762298817
ACTION MAINTENANCE SUPPLY CO INC,2021,745.87,2,1,0.3333333333333333,54.0,0.1880900588397756,False,-0.35056824853024077,-0.40086585722395274
ADAMS OUTDOOR ADVERTISING LP,2021,16211.5,3,3,0.4,63.0,0.17281714311214097,False,-0.25710757963529624,-0.30179222538076417
ADAMS PROPANE COMPANY LLC,2019,638.07,1,1,0.0,0.0,0.19538623258454202,False,-0.2789762239277802,-0.9051428536661027
ADANI SYSTEMS INC,2021,165250.0,1,2,5.0,282.0,0.023809898775514315,False,-0.7391729245963419,2.43459907875777
ADVANCE TOWING LLC,2021,1800.0,1,1,1.0,5.0,0.2014942660043948,False,-0.30838046293671395,-0.6569094864672417
ADVANCED EDUCATIONAL PRODUCTS,2017,64.44,2,2,1.3333333333333333,101.0,0.17339284859379767,False,-0.3935916881564346,0.1883896161675244
ADVANTAGE SUPPLY CENTER INC,2016,882.1200000000001,8,8,1.6666666666666667,26.5,0.19041797622157453,False,0.06711308205377628,-0.3060228007485746
ADVANTAGE SUPPLY CENTER INC,2017,1438.65,7,7,3.0,20.8,0.18574931144361778,False,-0.014572959926661175,-0.08021471088506921
ADVANTAGE SUPPLY CENTER INC,2018,5793.59,25,24,1.6,20.65,0.11345111086016696,False,1.0535936146648657,-0.27321088439458374
ADVANTAGE SUPPLY CENTER INC,2019,5567.06,27,26,2.116279069767442,27.92,0.10492015368891616,False,1.1519985912357462,-0.09617870411945179
ADVANTAGE SUPPLY CENTER INC,2020,27620.82,61,62,1.8265895953757225,26.03448275862069,0.017601989678383445,False,3.3022602549844433,0.035035476634789266
ADVANTAGE SUPPLY CENTER INC,2021,2521.5699999999997,26,21,1.880952380952381,23.176470588235293,0.11225411391893231,False,0.916489425475531,-0.20637091429415436
ADVERTISING PROMOTIONS AND DESIGN,2016,2251.3,2,2,1.5,17.0,0.20365921348570248,False,-0.27654969632334897,-0.45085647394400136
AIR FORCE ONE HVAC CONTROL  LLC,2022,1890.0,1,2,1.0,0.0,0.19781537205437305,False,-0.25439255636385405,-0.692805500107485
AIR WATER & SOIL LABORATORIES INC,2017,215.0,1,1,7.0,5.0,0.15994666683695974,False,-0.44221334058889417,0.5899780292897779
AIR WATER & SOIL LABORATORIES INC,2018,513.0,2,2,2.6666666666666665,22.0,0.2018553397836949,False,-0.30983515016482555,-0.1685494008997307
AIR WATER & SOIL LABORATORIES INC,2020,2685.0,2,2,3.0,1.0,0.19083076182134617,False,-0.2869828885686239,-0.2674133417032012
AIRGAS USA LLC-NORTH DIV,2020,694.95,3,5,0.34615384615384615,13.846153846153847,0.18819660553940126,False,-0.09260224837730868,-0.7021784797116142
AIRGAS USA LLC-SOUTH DIV,2016,2625.17,3,3,0.0,122.0,0.14510896956411773,False,-0.3336992687550814,0.0860176852247049
AIRGAS USA LLC-SOUTH DIV,2017,219.52,2,2,1.0,4.5,0.20237243199349336,False,-0.24756977154621299,-0.655534949430186
AIRGAS USA LLC-SOUTH DIV,2018,2172.61,12,4,1.6875,95.0,0.15294125012956117,False,-0.1653352327022011,0.2374563987946335
AIRGAS USA LLC-SOUTH DIV,2019,1290.45,3,3,3.5,233.66666666666666,0.09672944872237815,False,-0.5721555961652369,1.709706631147978
AIRGAS USA LLC-SOUTH DIV,2020,4887.32,11,4,0.0,219.15384615384616,0.07191983782732236,False,-0.31924204591731004,0.8824018836985591
AIRGAS USA LLC-SOUTH DIV,2021,2408.78,6,4,0.0,217.0,0.08385319100709526,False,-0.3831954431669805,0.8572491415571326
AIRGAS USA LLC-SOUTH DIV,2023,4049.82,5,4,1.0,0.0,0.18901478914696884,False,-0.10714062432569683,-0.6780318562787618
AIRTEC INC,2016,119.01,1,1,0.0,59.0,0.1911554600379261,False,-0.3637354131791343,-0.4316148689825045
AIRTEC INC,2017,39.98,1,1,0.0,6.0,0.1988253337695502,False,-0.2876270435620587,-0.8570947732263035
AIRTEC INC,2018,20780.42,4,7,0.0,18.6,0.17110705020171485,False,0.016422877142116935,-0.7220938645105145
ALBEMARLE CHARLOTTESVILLE REGIONAL JAIL,2021,49995.0,1,1,1.0,308.0,0.07007422849358058,False,-0.7407553174905277,1.7849462533720715
ALERT VISIONS OF NORTH AMERICA INC,2017,1590.0,1,1,0.0,55.0,0.1915346875075769,False,-0.3579067689698029,-0.46343591699610737
ALL GLASS INC,2016,60.0,1,1,7.0,22.0,0.1634274499171396,False,-0.4666357915475808,0.7264172254845268
ALLEGHANY HIGHLANDS CSB,2020,33000.0,1,1,4.0,301.0,0.07311758588018435,False,-0.7985473681535555,2.349008193143277
ALLEGHANY HIGHLANDS CSB,2021,33000.0,1,1,1.0,338.0,0.060904471253418524,False,-0.7848117513962724,2.022430766635302
ALLEN BUSINESS COMMUNICATIONS INC,2020,263.98,1,2,0.0,52.0,0.18945428412192067,False,-0.3068721725109071,-0.4835553239148608
ALLIANCE BEAUTY SUPPLY LLC,2018,525.03,3,3,0.8181818181818182,22.545454545454547,0.19895121219508266,False,-0.2092312260935605,-0.5427071651181177
ALLIANCE BEAUTY SUPPLY LLC,2019,222.5,2,3,0.125,34.125,0.1893478682154524,False,-0.22380749781403442,-0.5953746720056025
ALLIANCE BEAUTY SUPPLY LLC,2020,611.97,2,2,0.06666666666666667,5.0,0.1958596828638608,False,-0.22746101166300073,-0.845452705139289
ALLIANCE BEAUTY SUPPLY LLC,2021,336.95,2,3,2.5,3.25,0.1929353083884101,False,-0.23240115781269466,-0.3495221003216416
ALLSTATE POWER VAC INC,2020,1592.0,1,1,6.0,58.0,0.15647752258278086,False,-0.49595700289223266,0.8078467848261159
AMAZING SOUTHERN GRACES CATERING,2021,798.0,1,1,1.0,11.0,0.20503139004987014,False,-0.3170544230093829,-0.6089408895595834
"AMERICAN BOILER, INC.",2017,147.0,1,1,2.0,21.0,0.20439809735753223,False,-0.35374298874054455,-0.32092613380826357
"AMERICAN BOILER, INC.",2019,1268.35,2,1,1.0,18.333333333333332,0.20369678217766407,False,-0.3141779162117854,-0.5485041054543829
"AMERICAN BOILER, INC.",2020,11342.21,5,1,4.25,29.166666666666668,0.17476130730909828,False,-0.3614593509071592,0.22043545244908197
AMERICAN CORRECTIONAL ASSOCIATION,2018,8792.0,4,6,3.4285714285714284,115.0,0.14500776549039784,False,-0.2459295890386015,0.7578714155935068
AMERICAN CORRECTIONAL ASSOCIATION,2019,152268.0,3,3,4.666666666666667,10.0,0.13207917490510707,False,-0.2683053319844336,0.18641470089897566
AMERICAN COUNCIL ON EDUCATION,2019,8000.0,1,1,4.0,317.0,0.08757905909942698,False,-0.8229571234858212,2.4725306304014514
AMERICAN HARDWARE & HOME INC,2017,2501.3999999999996,2,2,0.6666666666666666,50.0,0.18672671134931024,False,-0.30535112942658466,-0.35911763314243256
AMERICAN LOCK & KEY CO INC,2020,632.89,2,1,0.0,17.0,0.19792596084570618,False,-0.29000918731260356,-0.7671992303948002
AMERICAN PUBLIC SAFETY LLC,2020,2865.44,7,3,2.0,27.363636363636363,0.2010789377918651,False,-0.18883601414575896,-0.25200775872537723
AMERICAN PUBLIC SAFETY LLC,2021,1277.31,16,3,3.5357142857142856,43.0,0.1715934794641878,False,-0.12518572640014863,0.20570081496323978
AMERICAN SOCIETY OF POWER ENGINEERS INC,2020,450.0,1,1,6.0,299.0,0.06572680315015478,False,-0.8421206982954149,2.7422807146605437
AMERICAN VAN EQUIPMENT INC,2018,1337.6100000000001,1,2,0.0,3.0,0.19544680898051364,False,-0.23644213537237307,-0.8766978845121147
AMERICAN WELDING & CONSTRUCTION SUPPLY,2017,1253.92,2,2,0.0,4.0,0.19720352088492116,False,-0.22450211824006702,-0.8672117794715608
AMERICAN WELDING & CONSTRUCTION SUPPLY,2018,2677.89,4,3,0.2222222222222222,36.666666666666664,0.18867241801010276,False,-0.20272220251546827,-0.5513287903971337
AMERICAN WELDING & CONSTRUCTION SUPPLY,2019,12.5,1,1,0.0,14.0,0.1993256761015217,False,-0.299117357140561,-0.7928791465748875
AMTEK COMPANY,2017,2590.0,1,1,2.0,56.0,0.19492669095200083,False,-0.40386626072895204,-0.039478362324379325
AMTEK COMPANY,2021,160902.0,1,1,1.0,64.0,0.13374274135451564,False,-0.38399478995449393,-0.1519704308696126
ANCHOR SALES AND SERVICE INC,2021,1999.0,1,1,2.0,54.0,0.19661755286496563,False,-0.40102793494976197,-0.05564992098733512
ANCHORAGE PHOTO & VIDEO,2018,19.75,1,1,1.0,21.0,0.20467689121930666,False,-0.33145993381373245,-0.5288177447961284
ANCHORAGE PHOTO & VIDEO,2019,107.68,1,1,0.0,7.0,0.1988253337695502,False,-0.28905925735870064,-0.8490538215757983
ANCHORAGE PHOTO & VIDEO,2020,3089.49,8,7,1.5555555555555556,42.875,0.18600368166076742,False,-0.0006020517745252827,-0.20145670097108773
ANCHORAGE PHOTO & VIDEO,2021,1017.0,4,4,0.5,12.333333333333334,0.18936497875732067,False,-0.12726191575983914,-0.6850294723812188
ANTHEM HEALTH PLANS OF VA INC,2021,114000000.0,2,2,4.5,141.0,-0.1061645046418852,True,6.009557461808717,23.601245257250064
ANYSOURCE LLC,2020,73.74,2,3,10.0,13.0,0.10943807424645757,False,-0.41359572744226525,1.287694764878824
ANYSOURCE LLC,2021,41.4,1,1,1.0,15.0,0.20554675201799066,False,-0.32284213904713704,-0.5769792601280256
APEX INDUSTRIAL SUPPLY COMPANY,2016,313.29200000000003,3,3,0.0,16.0,0.19192963761317205,False,-0.1816059240710365,-0.7653659628861477
APEX INDUSTRIAL SUPPLY COMPANY,2017,12.46,1,1,0.0,7.0,0.19727266681986239,False,-0.28906471261493,-0.849072559467731
APEX INDUSTRIAL SUPPLY COMPANY,2018,986.9142,9,7,0.0,18.142857142857142,0.17258617153885009,False,0.0828499064112227,-0.7222839844271376
APEX INDUSTRIAL SUPPLY COMPANY,2020,12013.7585,13,7,0.38596491228070173,48.6,0.1572738139572839,False,0.08466270048837783,-0.389486430693068
APEX INDUSTRIAL SUPPLY COMPANY,2021,13159.810650000001,11,5,0.10256410256410256,73.2,0.1481753275797592,False,-0.06464879734591532,-0.26208951197531233
APPOMATTOX TRUE VALUE,2018,41.98,1,1,3.0,259.0,0.11763554613336424,False,-0.717829342452829,1.7974955405972681
AQUIONICS,2017,51.25,1,1,5.0,64.0,0.172614731641553,False,-0.4823714833157447,0.647842793613687
ARC WELDERS INC,2020,4792.9601999999995,4,3,0.13333333333333333,28.857142857142858,0.19423901105972557,False,-0.18940446603954003,-0.6320815662844449
ARC3 GASES,2016,1726.93,2,2,2.0,32.0,0.20101903118650044,False,-0.30926629668983363,-0.2266119378641402
ARC3 GASES,2018,914.11,5,5,0.8333333333333334,37.27272727272727,0.18810563601637842,False,-0.11033000708059036,-0.4098572868553113
ARC3 GASES,2019,590.825,2,2,5.285714285714286,1.7142857142857142,0.17105266928624147,False,-0.3390780068887415,0.21303216517527426
ARC3 GASES,2020,13650.709,4,6,2.1578947368421053,0.9230769230769231,0.1805601167606593,False,-0.05350240372893903,-0.42107091655554785
ARC3 GASES,2021,161.452,1,1,7.0,0.0,0.1547626076182021,False,-0.43503594639907794,0.5498293453890896
ARCH ROANOKE,2020,2640.0,1,1,7.0,224.0,0.08445307529617962,False,-0.7565786458707248,2.348506047773895
ARCHITECTURAL PRODUCTS OF VIRGINIA,2016,997.4000000000001,3,3,0.6666666666666666,65.0,0.17737549362570776,False,-0.26679548865286284,-0.23329979199308323
ARCHITECTURAL PRODUCTS OF VIRGINIA,2017,536.03,1,1,0.0,42.0,0.19476739493694678,False,-0.33929795081279,-0.568002503504872
ARCHITECTURAL PRODUCTS OF VIRGINIA,2018,32.0,2,2,0.5,202.0,0.12090879893618262,False,-0.5200635916480065,0.8259516489000688
ARCHITECTURAL PRODUCTS OF VIRGINIA,2019,262.5,4,2,1.75,59.0,0.1882682993972684,False,-0.3157902955726168,-0.059170878394022165
ARCHITECTURAL PRODUCTS OF VIRGINIA,2020,778.3000000000001,3,2,2.6,62.666666666666664,0.18474260976238432,False,-0.35335411463681343,0.14557690401062667
ARMOR CORRECTIONAL HEALTH SERVICES INC,2021,1751288.16,7,4,5.285714285714286,183.75,-0.08448016504452716,True,-0.33968968173331243,2.0346823851912403
ARMY NAVY STORE,2016,619.7099999999999,4,4,1.0,7.0,0.19536396312633542,False,-0.1307706900595788,-0.6239883910363325
ARMY NAVY STORE,2018,578.6,1,1,6.0,5.0,0.1662898490209297,False,-0.4199021643375694,0.38218301034407953
ARMY NAVY STORE,2020,648.2,1,2,4.0,5.0,0.19039093802318097,False,-0.32851519808259994,-0.029312011399936406
ARROW SAFETY DEVICE COMPANY,2019,18256.84,2,2,2.5,68.5,0.17686650181554336,False,-0.3718818256626929,0.17358265875434856
ARROW SAFETY DEVICE COMPANY,2020,5129.36,26,9,3.2933333333333334,51.0,0.1423763250147882,False,0.2835717500019487,0.2603929585743371
ARTHUR L DAVIS PUBLISHING AGENCY INC,2020,10597.12,1,1,10.0,201.0,0.04225579866350365,False,-0.7899636842981927,2.789036128208942
ASHLEY'S U.S. LOCK & SECURITY,2020,259.98,2,2,1.6666666666666667,169.33333333333334,0.14099958777172467,False,-0.4991435813668494,0.8062716203106356
ASHLEY'S U.S. LOCK & SECURITY,2021,46.5,2,1,0.0,9.0,0.1972534157619481,False,-0.2785540430067483,-0.8315356576103899
ASSOCIATES POLYGRAPH & DIAGNOSTICS,2020,87370.0,9,2,11.3,208.0,-0.003625009900705134,True,-0.6707458568529617,3.1465878248511316
ASSOCIATES POLYGRAPH & DIAGNOSTICS,2021,69785.0,8,3,8.375,188.0,0.022227499305495058,False,-0.5444108284738091,2.377314530358537
ASSOCIATES POLYGRAPH & DIAGNOSTICS,2023,9875.0,2,1,3.5,0.0,0.19119715807737264,False,-0.3430823343035976,-0.17431722211081402
ATLANTIC CONSTRUCTORS INC,2021,130633.06,5,5,0.6666666666666666,70.0,0.13498226328162827,False,-0.1461825990760458,-0.1562525255242311
ATLANTIC CONSTRUCTORS INC,2023,23933.95,3,2,0.7777777777777778,0.0,0.18853973525566586,False,-0.22141441625758487,-0.7317102575027071
ATLANTIC ELECTRICAL SUPPLY CORP,2018,2711.6359999999995,6,6,0.0,6.0,0.18089706082610046,False,0.013441981427148204,-0.8280721965181367
ATLANTIC ELECTRICAL SUPPLY CORP,2019,6111.9114,10,10,0.0,19.75,0.15609127763162683,False,0.23462328668302676,-0.6942257023757021
ATLANTIC ELECTRICAL SUPPLY CORP,2020,12264.0907,23,16,0.0,18.901960784313726,0.1161494009808488,False,0.6909590994336776,-0.6553019746415201
ATLANTIC ELECTRICAL SUPPLY CORP,2021,5917.313,7,3,0.0,14.0,0.1918560793093344,False,-0.12488906197510255,-0.7744186539261451
ATLANTIC FENCE SUPPLY,2017,4205.94,5,4,0.0,20.833333333333332,0.19149426856670243,False,-0.11475992654483794,-0.7186254273795585
ATLANTIC FENCE SUPPLY,2018,21279.16,3,2,0.0,6.0,0.18703024013506303,False,-0.21284613127912605,-0.8457409042346634
ATLANTIC FENCE SUPPLY,2020,340.12,1,1,0.0,7.0,0.198927412300823,False,-0.28904594062106237,-0.8490080808112448
ATLANTIC FENCE SUPPLY,2021,34747.101,7,4,0.0,43.0,0.16346875980065967,False,-0.11808176371591106,-0.531719705252436
ATLANTIC GREEN LLC,2016,135.0,1,1,0.0,93.0,0.17641010188398665,False,-0.41256163877873603,-0.15867232656789573
ATLANTIC GREEN LLC,2018,3750.0,2,1,4.0,1.0,0.1876559864866676,False,-0.356014507152895,-0.06356161747367224
ATLANTIC GREEN LLC,2019,135.0,1,1,1.0,19.0,0.2044907222481272,False,-0.3285811462123212,-0.5448503238731006
ATLANTIC GREEN LLC,2020,9210.9,8,5,4.916666666666667,10.181818181818182,0.16953392663208833,False,-0.12182582329324339,0.22751295235665384
ATLANTIC GREEN LLC,2021,6725.0,4,3,4.25,52.0,0.1791762646141325,False,-0.31429097985534227,0.4097982885829959
ATLANTIC LIFT SYSTEMS INC,2016,1896.06,1,1,5.0,22.0,0.18835658600233957,False,-0.4219499112627176,0.3110453948904235
ATLANTIC LIFT SYSTEMS INC,2018,1215.0,1,1,0.0,5.0,0.19887983268118198,False,-0.2861236329998087,-0.8648911759053491
ATLANTIC LIFT SYSTEMS INC,2020,8096.719999999999,3,2,0.0,122.0,0.1505891660806562,False,-0.38018808613348065,0.08286998345317506
ATLANTIC MERCHANDISING SERVICE LLC,2018,28.0,1,1,0.0,5.0,0.1988253337695502,False,-0.286191637506678,-0.8651247600024284
ATLANTIC PUMP & EQUIPMENT CO INC,2017,4360.0,1,2,1.0,33.0,0.19897319451530127,False,-0.30164209668828196,-0.42740767399928153
"ATLANTIC SOURCE, INC.",2021,1066.2000000000003,7,4,0.0,9.5,0.18782533607185659,False,-0.07190228328245747,-0.807273191101168
ATLANTIC TACTICAL INC,2020,143040.15,3,2,4.666666666666667,84.0,0.10510377723168457,False,-0.4219071315837544,0.7744189413270344
ATTRONICA COMPUTERS INC,2019,22081.25,5,3,2.5714285714285716,8.5,0.1870770007207047,False,-0.20014434342880424,-0.28382564266974136
ATTRONICA COMPUTERS INC,2020,58424.05,22,8,2.7586206896551726,15.529411764705882,0.14470226075611503,False,0.2491571265532583,-0.1351372494798184
ATTRONICA COMPUTERS INC,2021,3469.0,6,6,3.3333333333333335,29.0,0.18577407554200498,False,-0.09384590435199876,0.04960088207196631
AUDIO VISUAL INNOVATIONS INC,2018,1275.0,1,2,0.0,6.0,0.19682312272005836,False,-0.24075399957402646,-0.8526273173705697
AUGUSTA COUNTY SERVICE AUTHORITY,2020,46945.15,6,2,3.0,231.0,0.08609375160225602,False,-0.5612248126319568,1.593550918435727
AUGUSTA COUNTY SERVICE AUTHORITY,2022,3734.15,4,4,0.5,1.0,0.18261536737779888,False,-0.11083053341883611,-0.7754745759331118
AUSTIN INDUSTRIAL SERVICES LLC,2019,1000.0,1,1,0.0,147.0,0.1520453495036354,False,-0.49006107173150265,0.27498987427115096
AUXO MEDICAL LLC,2020,373.8,1,1,0.0,0.0,0.1954343108930764,False,-0.2789913642403585,-0.9051948581053069
AVANT GUARDS MANUFACTURING,2021,31378.0,1,1,10.0,171.0,0.04517186905245857,False,-0.7456903532547342,2.5522966203049795
Augusta Regional Landfill,2020,200.0,1,1,1.0,177.0,0.14172999556921173,False,-0.5554800218822994,0.7235278947950748
B & G HARDWARE LLC,2016,4570.2,19,13,0.5588235294117647,27.483870967741936,0.1376682401390374,False,0.47180704076974467,-0.49033594023989474
B & G HARDWARE LLC,2017,5264.89,28,18,1.6470588235294117,28.391304347826086,0.12476927078536826,False,0.8007261215845511,-0.22231034565960023
B & G HARDWARE LLC,2018,15406.61,24,23,2.619047619047619,38.27272727272727,0.10338520370694959,False,0.9459383743654537,0.07627610425828169
B & G HARDWARE LLC,2019,15638.35,22,17,2.5,116.52272727272727,0.08164696233157581,False,0.5286554943999339,0.6514412566702968
B & G HARDWARE LLC,2020,38893.76,51,37,1.5038167938931297,170.06976744186048,-0.01945099077258483,True,1.799386581652359,1.0060620194221186
B & G HARDWARE LLC,2021,36177.6,26,10,3.173076923076923,52.91428571428571,0.12437713891505647,False,0.3320842911628355,0.26109710505377964
B W WILSON PAPER CO INC,2016,4775.78,6,5,0.125,9.5,0.18742364444415194,False,-0.04105466646703769,-0.7778104017777812
B W WILSON PAPER CO INC,2017,3746.12,5,2,0.6,20.0,0.19500147014841235,False,-0.22056831031568083,-0.6091345064721864
B W WILSON PAPER CO INC,2018,18548.62,21,10,2.6956521739130435,63.125,0.13395392518259736,False,0.260148220074579,0.23298044217630798
B W WILSON PAPER CO INC,2019,16102.4,9,3,1.5555555555555556,2.0,0.1916663364406636,False,-0.11498450044155246,-0.5424480431570188
B W WILSON PAPER CO INC,2020,59323.56,59,12,2.6265060240963853,17.13157894736842,0.09463378444451304,False,0.9321552916098228,-0.0780902145765878
B W WILSON PAPER CO INC,2021,17121.1,29,6,2.7058823529411766,8.555555555555555,0.15063595395778046,False,0.25804324661394057,-0.20833536182405255
B3 ENTERPRISES LLC,2020,87.33,1,1,4.0,100.0,0.16245832411090028,False,-0.5117783975263746,0.72897797795738
BAKER & TAYLOR LLC,2018,1767.83,3,2,5.260416666666667,123.73958333333333,0.12625521110219257,False,-0.5003053809391312,1.1890540509495353
"BAKER & TAYLOR, INC.",2016,645.6,1,1,0.0,109.0,0.1675904553933263,False,-0.4355098643949614,-0.03012977939653461
BALL OFFICE PRODUCTS,2016,67.08,1,1,1.0,4.0,0.20275214383482743,False,-0.3070436513851678,-0.6652781288592281
BALL OFFICE PRODUCTS,2018,1893.06,3,3,0.6666666666666666,34.666666666666664,0.1912517413292823,False,-0.22318270578647054,-0.47662829440492394
BALL OFFICE PRODUCTS,2019,233.45,1,1,2.0,52.0,0.19680667968275795,False,-0.3982569004035485,-0.07205261377095191
BALL OFFICE PRODUCTS,2020,211.67000000000002,2,2,0.0,8.666666666666666,0.19602733731050875,False,-0.23126359440857644,-0.8299546088887643
BARBEE FABRICS OF DANVILLE INC,2017,125.72,1,1,1.0,53.0,0.19701724763249484,False,-0.37740881955740635,-0.27191275422187294
BARNES & NOBLE BOOKSELLERS INC,2019,87.25999999999999,2,1,0.0,0.0,0.19268023204760615,False,-0.2656268762002928,-0.9037763002424022
BATEMAN PRODUCE FARMS INC,2016,8100.0,5,1,0.6,6.5,0.19242994396165497,False,-0.2477339127773561,-0.7208751446175801
BATEMAN PRODUCE FARMS INC,2018,6857.5,5,1,0.0,7.333333333333333,0.19425378600641147,False,-0.23562763347793259,-0.839149901260842
BATEMAN PRODUCE FARMS INC,2019,15818.0,11,1,0.8181818181818182,13.4,0.1774101215533856,False,-0.1817787005298139,-0.6097633394766844
BATEMAN PRODUCE FARMS INC,2020,10080.0,6,2,1.0,6.0,0.19848612394159781,False,-0.1956353757440851,-0.6356533295919263
BATEMAN PRODUCE FARMS INC,2021,15720.0,9,2,0.8888888888888888,6.4,0.18753738613369536,False,-0.15326727333933887,-0.650003860474608
BATTERIES PLUS BULBS 218,2016,9.0,1,1,1.0,7.0,0.20078689100401137,False,-0.31135525605824826,-0.6412066702804803
BEAMERS PRODUCE MARKET INC,2016,7026.5,5,1,0.2,10.333333333333334,0.19551598648180096,False,-0.24438429753677982,-0.7734604426736585
BEAMON AND JOHNSON INC,2020,2378.2799999999997,1,2,3.0,42.0,0.19072768795580874,False,-0.35926115361344263,0.06018415645363833
BEC-PLASTIC CARD SOLUTIONS INC,2020,56.37,1,2,2.0,4.0,0.20145268618810058,False,-0.2825323218250778,-0.45318924423433926
BELEW ENTERPRISES,2017,60.0,1,1,0.0,21.0,0.20031465279397503,False,-0.3091672826317387,-0.7366763942538661
BELL PERFORMANCE ENTERPRISES LLC,2018,8.5,1,1,1.0,0.0,0.1986421012651835,False,-0.30130263788651207,-0.6974001736945409
BELMONT PEANUTS OF SOUTHAMPTON,2023,175.65,1,1,6.0,0.0,0.16140134479565976,False,-0.4127447877641886,0.34196556928190197
BELTWAY SUPPLY INC,2016,486.90000000000003,5,4,1.8,28.5,0.1984109846525542,False,-0.16610565748845707,-0.283652295616183
BELTWAY SUPPLY INC,2018,1751.2,3,4,2.0,23.333333333333332,0.20247317011584448,False,-0.18983329112839128,-0.2862561600842142
BELTWAY SUPPLY INC,2020,960.51,5,5,2.5714285714285716,32.666666666666664,0.19098997582493554,False,-0.14245536300877765,-0.08553200745876316
BEST INK STORE INC,2017,1170.98,6,2,5.5,5.166666666666667,0.16016749243826833,False,-0.29525559288757874,0.29130338085517815
BEST INK STORE INC,2018,4099.7300000000005,13,4,1.7647058823529411,16.375,0.18683237512883288,False,-0.040652102325820186,-0.37581325857254544
BEST INK STORE INC,2019,7127.03,12,3,3.888888888888889,47.07142857142857,0.1691974937649332,False,-0.1920935380133124,0.30704928740609067
BEST INK STORE INC,2020,7124.93,14,3,4.896551724137931,41.94444444444444,0.15558109785919744,False,-0.18043017938166922,0.47830065298005653
BEST INK STORE INC,2021,1479.41,8,2,1.8888888888888888,8.6,0.19732258108178002,False,-0.19291378478572743,-0.42875378881203025
"BEST PROMOTIONAL PRODUCTS & APPAREL, LLC",2016,127.0,1,2,2.0,31.0,0.19989064996196537,False,-0.32130277022302856,-0.23642935449485822
"BEST PROMOTIONAL PRODUCTS & APPAREL, LLC",2017,1190.0,1,1,6.0,16.0,0.17141026252829888,False,-0.4356641530010242,0.47060724702521234
BEVELLS HARDWARE INC,2020,33843.909999999996,7,9,0.5,42.4,0.15219617029241295,False,0.10559441615204507,-0.4116586218107065
BH MEDIA GROUP INC,2019,697.8,2,1,6.0,1.0,0.1572074825599583,False,-0.40077006140657384,0.3515708947010358
BIG TRUCK TIRE AND TOWING,2019,544.5,1,1,0.0,3.0,0.19853431987181985,False,-0.2832898618611377,-0.8810783789960368
BILL HUDGINS AUTOMOTIVE INC,2020,49.849999999999994,1,1,0.0,0.0,0.19533116246191395,False,-0.2790099236843351,-0.9052586066884987
BIOETHICAL SERVICES OF VIRGINIA INC,2020,3000.0,1,1,0.0,19.0,0.19730383339340224,False,-0.30612666206421213,-0.7521531041832185
BLACK BOX NETWORK SERVICES,2017,657.23,1,1,4.0,15.0,0.1965702730559254,False,-0.38967789313257073,0.04674163632793985
BLAUCH BROTHERS INC,2020,460.0,1,1,0.0,14.0,0.20097027853008304,False,-0.2990917193841802,-0.7927910851735033
BLUE RIDGE ANALYTICAL LLC,2021,2410.0,2,1,4.0,50.0,0.18456371662769272,False,-0.42645980491526647,0.32952852543534344
BLUE RIDGE BEHAVIORAL HEALTHCARE,2020,156325.0,1,1,4.0,289.0,0.03412023005790793,False,-0.77424883741185,2.2769451831879173
BLUE RIDGE SAFETY AND HEALTH,2019,2779.55,8,2,1.9166666666666667,7.5,0.19688056750774535,False,-0.19187877297984313,-0.4315542612582387
BLUE RIDGE SAFETY AND HEALTH,2020,2476.1000000000004,3,7,0.0,3.3333333333333335,0.17295543712793554,False,0.02391764274526074,-0.849725969965019
BLUE RIDGE SPACE INNOVATORS,2018,3390.0,2,2,1.6666666666666667,107.0,0.17268737517593624,False,-0.40944783273356394,0.30649866975917933
BLUE RIDGE SPRINGS INC,2018,180.0,1,1,6.0,34.0,0.16782659840551517,False,-0.46157168023191175,0.6149058211161484
BLUE RIDGE SPRINGS INC,2019,1266.0,2,1,1.6666666666666667,558.0,-0.020285703399395394,True,-1.104049480855023,3.922317084985959
BLUE RIDGE SPRINGS INC,2020,4716.0,6,5,3.769230769230769,265.7142857142857,0.06651519283287405,False,-0.4902366423391611,2.036484889125103
BLUE RIDGE SPRINGS INC,2021,5328.4,4,6,2.909090909090909,236.0,0.0832303630346044,False,-0.40831580299471915,1.6205503403283714
BLUE WATER SALES LLC,2021,422.0,1,1,0.0,80.0,0.18378664732075173,False,-0.3938759950079265,-0.2629750299539472
"BOB BARKER COMPANY, INC.",2016,1663.03,15,10,1.3333333333333333,26.333333333333332,0.16998795640680442,False,0.2620981913352345,-0.35772246684881537
"BOB BARKER COMPANY, INC.",2017,3414.21,20,14,0.6451612903225806,34.642857142857146,0.13265997042812167,False,0.5197185412963908,-0.4094476338609173
"BOB BARKER COMPANY, INC.",2018,11001.73,18,15,2.1066666666666665,39.31818181818182,0.13421155384616407,False,0.5009020607737387,-0.06535010608623686
"BOB BARKER COMPANY, INC.",2019,18913.51,18,14,3.7241379310344827,129.70454545454547,0.07156006410890797,False,0.2886958838321199,0.9937888173586353
"BOB BARKER COMPANY, INC.",2020,170151.02730000002,29,22,2.207317073170732,25.83783783783784,0.06114574090343622,False,1.0019413475002974,-0.07552987377688031
"BOB BARKER COMPANY, INC.",2021,14392.56,17,13,3.6153846153846154,41.65714285714286,0.14408557034530983,False,0.3571220360311634,0.25778170762306407
BOBCAT COMPANY,2020,116494.63,1,2,0.0,183.0,0.08659648453497343,False,-0.4883412982650574,0.5909365909545807
BOOKEND CREATIVE LLC,2021,10800.0,3,2,4.666666666666667,12.0,0.18506664810304146,False,-0.3260846590517992,0.17040672096363207
BOONE & BECKNER,2021,11900.0,1,1,0.0,3.0,0.18924524256786796,False,-0.28263929305089824,-0.8788437840386779
BOXLEY CONCRETE PRODUCTS OF VA INC,2021,4.0,1,1,6.0,7.0,0.16561027963462333,False,-0.42280726859460854,0.39812519611440184
BOXLEY MATERIALS CO,2019,1345.0,1,1,1.0,19.0,0.20464002116209673,False,-0.32851182401071066,-0.5446122137151681
BOXWOOD SALES LLC,2017,28.889999999999997,1,1,0.0,19.0,0.19979767287882227,False,-0.3062968801521687,-0.7527377748206857
BREATHE 4 ME CPR LLC,2020,15507.0,7,5,0.08333333333333333,4.7,0.1821613798864271,False,-0.01923695118879021,-0.8214174388815045
BRICKFLATS STORAGE,2019,3400.0,1,1,2.0,7.0,0.20227086305522507,False,-0.3334513272367076,-0.4326728014182744
BRIDGESTONE AMERICAS INC,2023,577.76,1,1,0.0,0.0,0.19538623258454202,False,-0.2789796791525564,-0.9051547217848009
BRIGHT IDEAS LLC,2016,81.5,3,3,3.3333333333333335,20.0,0.19527128426127888,False,-0.261664724014583,-0.04041249209798182
BRIGHT IDEAS LLC,2018,212.2,1,1,1.0,26.0,0.20378628125215253,False,-0.3386293701585504,-0.48864172703002096
BRIGHT IDEAS LLC,2020,35.0,1,1,1.0,79.0,0.18848825945510805,False,-0.41475241946795544,-0.0632122450719799
BRITTS TREE SERVICE INC,2020,2000.0,1,1,0.0,30.0,0.19669439141900774,False,-0.32198096956706834,-0.6640459672611704
BROAD SERVICES LLC,2017,19.99,1,1,0.0,17.0,0.19979767287882227,False,-0.3034252052378071,-0.7687947847870029
BROAD SERVICES LLC,2021,383.72,3,3,2.7142857142857144,8.0,0.1964896051299826,False,-0.23061551554223314,-0.26536387640154124
BROWN MOTOR PARTS INC,2018,461.78000000000003,2,2,0.0,18.0,0.1966239139257434,False,-0.244652794427329,-0.7549808509001863
BROWN MOTOR PARTS INC,2019,274.89,2,2,1.0,34.0,0.19960200729876587,False,-0.28993132521214854,-0.4187089894117482
BROWN MOTOR PARTS INC,2020,89.0,2,1,0.0,17.8,0.1974742683134718,False,-0.29118922127774644,-0.7608841564958438
BRUNER DETENTION & SECURITY LLC,2016,3200.0,3,2,0.0,32.0,0.19318684897402438,False,-0.25122030826764297,-0.6405802548280449
BRUNER DETENTION & SECURITY LLC,2017,34932.0,3,4,0.25,67.0,0.15857268392975615,False,-0.21163359151617733,-0.29295335324788424
"BUFORD SATELLITE SYSTEMS,LP",2020,33752.880000000005,2,2,4.5,169.0,0.10741652037539312,False,-0.5599020177422263,1.3991419345797989
BUGGY TOP LLC,2021,4300.0,1,1,10.0,101.0,0.09013040600667255,False,-0.6467152128301036,1.9850340189695734
BUSINESS SERVICES,2020,1478.84,4,3,0.75,20.666666666666668,0.1962770119907718,False,-0.19157776780442,-0.5702994579541597
BUSINESS SERVICES,2021,1858.8999999999999,3,2,1.6666666666666667,60.666666666666664,0.18998635734923985,False,-0.3296156988936811,-0.06427450714753957
C & H DISTRIBUTORS LLC,2016,20.28,1,1,1.0,1.0,0.19934700584432397,False,-0.30273805540010784,-0.6893702262754667
C & H DISTRIBUTORS LLC,2017,985.79,4,4,1.0,43.666666666666664,0.1928284191673535,False,-0.18340643836639875,-0.3295699446352429
C AND D SALES INC,2016,3699.48,5,8,3.4615384615384617,141.0,0.1133372898823864,False,-0.17730911304491773,0.9823641772967373
C AND D SALES INC,2017,2160.48,9,5,0.2857142857142857,18.5,0.183310430248949,False,-0.0175689956746008,-0.6682444291939337
C AND D SALES INC,2018,3704.84,2,2,10.473684210526315,16.0,0.11315574280403462,False,-0.47505684796445363,1.4067308896876851
C AND D SALES INC,2019,1496.63,4,3,1.25,30.625,0.19842717026635476,False,-0.21702300804552233,-0.3864208637783042
C AND D SALES INC,2020,4007.06,3,2,1.5416666666666667,32.125,0.20307728810439868,False,-0.28571786469069055,-0.31895702147710325
C AND D SALES INC,2021,5506.47,6,6,2.7222222222222223,21.22222222222222,0.193488740110614,False,-0.06893769029710045,-0.13946486116085755
C&L MACHINE & WELDING INC,2020,148984.03999999998,12,3,1.3157894736842106,71.0,0.12159203408484476,False,-0.16097476270319958,-0.007806993814200392
C&L MACHINE & WELDING INC,2021,63687.95,9,3,1.6666666666666667,191.5,0.09637857978839254,False,-0.3868744883853943,1.0112481271955434
C-TECH ASSOCIATES INC,2020,49910.0,2,2,75.0,30.25,-0.0597762819771408,True,-1.9311878758564733,14.943081043261413
C. E. THURSTON & SONS INC,2020,833.8,1,1,0.0,1.0,0.194304108677822,False,-0.280401102747999,-0.897076707599465
C. E. THURSTON & SONS INC,2021,833.8,1,1,0.0,6.0,0.19887983268118198,False,-0.28758156476033747,-0.8569385611555843
CALSAK PLASTICS,2020,37353.78,2,2,0.0,33.0,0.17077014787369416,False,-0.26408059809920437,-0.6273066099599062
CAMCOR INC,2017,45.489999999999995,1,2,5.0,14.0,0.18665697448063368,False,-0.3637649048252476,0.2506846178225465
CAMCOR INC,2018,189.95,1,1,3.0,3.0,0.19584082807269548,False,-0.35018121006062014,-0.2575484390153232
CANON SOLUTIONS AMERICA INC,2019,2395.21,4,3,5.0,86.0,0.14434145680806826,False,-0.38008393877809576,0.8377855731225212
CANON SOLUTIONS AMERICA INC,2020,154631.04,3,2,5.333333333333333,124.0,0.08141083336370458,False,-0.4935470032700428,1.236382742492648
CAPITAL JANITORIAL SUPPLY & SERVICE LLC,2017,5.9,1,1,0.0,21.0,0.19881570587336245,False,-0.30917038207893466,-0.7366870403361341
CAPITAL JANITORIAL SUPPLY & SERVICE LLC,2019,910.32,1,1,6.0,18.0,0.17141026252829888,False,-0.43855236097401473,0.48660746870278904
CAPITAL LIGHTING & SUPPLY LLC,2019,451.71,1,1,4.0,8.0,0.1924501941578282,False,-0.3796370207771769,-0.009492211998996034
CAPITAL OFFICE SYSTEMS INC,2018,5742.3099999999995,10,8,3.6842105263157894,14.0,0.17142013358332708,False,0.06713274192728783,0.016918058346607305
CAPITAL OFFICE SYSTEMS INC,2019,6377.45,9,8,2.411764705882353,67.33333333333333,0.1618451561073223,False,0.005559887364304255,0.1792093802720818
CAPITAL OFFICE SYSTEMS INC,2020,132572.91,29,14,6.861538461538461,71.42857142857143,-0.00185502880371613,True,0.45615344223541404,1.2167224743904708
CAPITAL OFFICE SYSTEMS INC,2021,5193.6,10,7,6.076923076923077,18.285714285714285,0.12783934286789556,False,-0.03919005310359676,0.5443547347465836
CAPITAL OUTDOOR INC,2021,4400.0,2,1,2.0,71.0,0.1829718370016044,False,-0.4119230456940304,0.0827672030276156
CARE SUPPLIES LLC,2016,44.1,1,1,7.0,26.0,0.16376787949712857,False,-0.4723810720855556,0.7585246137540851
CARE SUPPLIES LLC,2018,454.7,1,1,0.0,18.0,0.19989945368413553,False,-0.30483639263675233,-0.7606816109802474
CARLTON GROUP INC,2021,440.0,1,1,14.0,125.0,0.025752813673768804,False,-0.7705639549063595,3.0084038110747944
CAROUSEL INDUSTRIES,2016,6899.0,2,2,8.0,56.5,0.12643639552055447,False,-0.47789631839351654,1.2182821872074505
CAROUSEL INDUSTRIES,2017,606.0,1,1,1.0,7.0,0.20247355307099224,False,-0.3113210532860487,-0.6410891894835498
CAROUSEL INDUSTRIES,2018,14009.550000000001,3,3,5.384615384615385,47.833333333333336,0.1601353710385689,False,-0.3465617946417382,0.6121569888710712
CAROUSEL INDUSTRIES,2019,174022.69,6,5,10.117647058823529,50.0,0.048629558419354846,False,-0.3122596237970562,1.6577511506536873
CAROUSEL INDUSTRIES,2020,903298.8,60,9,3.482142857142857,38.3,-0.0249842805121816,True,0.8040093310826619,0.4245838766726651
CAROUSEL INDUSTRIES,2021,74993.65,12,6,2.3404255319148937,69.0,0.14531652747006563,False,-0.04477419330146362,0.18723837926304446
CARRERAS TECHNOLOGIES INC,2016,3067.0,4,5,0.6,4.0,0.18564802012444587,False,-0.07060377852531242,-0.7265118942121597
CARRERAS TECHNOLOGIES INC,2017,75.0,2,2,1.5,21.0,0.204793069026174,False,-0.2824187485012903,-0.4191742205382428
CARRERAS TECHNOLOGIES INC,2018,1464.0,9,9,2.0,31.833333333333332,0.1826942668008979,False,0.11224033662162518,-0.1881060489426829
CARRERAS TECHNOLOGIES INC,2019,1091.5,8,6,0.6923076923076923,86.0,0.14941469120705914,False,-0.09020819911207455,-0.03932315744257685
CARRERAS TECHNOLOGIES INC,2020,6110.1,14,14,2.0303030303030303,48.89473684210526,0.14531910075333837,False,0.3882452626705889,-0.015433321283211076
CARRERAS TECHNOLOGIES INC,2021,340.34999999999997,7,5,2.125,17.625,0.19626397032529558,False,-0.08417681400052268,-0.2962506561896088
CARTER MACHINERY COMPANY INC,2017,12762.68,2,2,1.5,3.0,0.1964019931823583,False,-0.255842194421391,-0.5611747993985287
CARTER MACHINERY COMPANY INC,2018,14405.92,3,3,3.6666666666666665,8.0,0.18302546374834228,False,-0.25104106882629584,-0.06463635224010028
CARTER MACHINERY COMPANY INC,2020,534462.49,44,4,2.3636363636363638,37.666666666666664,0.03204349373315574,False,0.36061381375949497,0.06969682991896577
CARTER MACHINERY COMPANY INC,2021,314391.4,23,5,0.625,1.0,0.06854300158323912,False,0.20522053009595287,-0.6561101170592064
CASAS,2019,1229.0,1,1,1.0,7.0,0.20247355307099224,False,-0.3112853609458805,-0.6409665922700029
CATER NATION,2017,556.83334,4,3,2.0,31.0,0.1985943857419829,False,-0.23433314357019622,-0.22769551337174665
CATER NATION,2018,7302.60004,23,4,2.142857142857143,24.294117647058822,0.16570323239739165,False,0.07353872896536692,-0.2182567876280993
CATER NATION,2019,4316.22996,13,4,1.5294117647058822,28.3,0.1909077071398501,False,-0.05252031359995462,-0.3289509564957479
CATER NATION,2020,14905.700209999999,45,13,2.7011494252873565,14.666666666666666,0.1255284555881192,False,0.790956188475176,-0.1075273324600149
CATER NATION,2021,3121.63,12,4,1.380952380952381,14.125,0.18665630191624277,False,-0.04230383702217843,-0.47531236892570783
CDWG,2016,682.0,1,1,2.0,1.0,0.19959826711790635,False,-0.3249904899656846,-0.4813734394726348
CDWG,2018,25.67,1,1,1.0,19.0,0.2044907222481272,False,-0.3285874098456288,-0.5448718384049741
CDWG,2019,39216.41,5,5,1.3333333333333333,29.0,0.1797483646096893,False,-0.1074003989354214,-0.3647970617227542
CDWG,2020,4421.46,3,3,3.0,75.0,0.17583407050076005,False,-0.3329710501012982,0.3326723022297056
CEDAR VIEW FARMS,2020,6560.0,10,1,0.7,15.6,0.18023211310378073,False,-0.19621509529352738,-0.6199653868265783
CEIA USA LTD,2018,7740.0,1,1,7.0,68.0,0.1390662456647066,False,-0.5322560465996334,1.0971994835227121
CELLEBRITE USA INC,2020,6040.75,2,1,4.0,0.0,0.18869451836590412,False,-0.3544471752187417,-0.07113846094072587
CELLEBRITE USA INC,2021,5330.0,2,3,10.333333333333334,36.333333333333336,0.1066131582343714,False,-0.45423352844895937,1.545329326100109
CENGAGE LEARNING,2019,27.16,1,1,2.0,4.0,0.2025406763261891,False,-0.32933628366110657,-0.4574194144623564
CENTER FOR CHILD & FAMILY SERVICES INC,2020,104000.0,2,1,6.0,39.0,0.12157150121282562,False,-0.44942327853900566,0.6769491573908858
CENTER FOR PSYCHOLOGICAL ASSESSMENT AND,2017,9300.0,1,1,4.0,34.0,0.18516205321405826,False,-0.41646849518903234,0.2009673625086336
CHAD HYMAS COMMUNICATIONS,2020,4999.0,1,1,13.0,149.0,0.02166264351245817,False,-0.7824786373352209,2.9940974879164104
CHAPTERS BOOKSHOP,2018,5.99,1,1,2.0,18.0,0.2027304240533469,False,-0.34944279014772744,-0.3450367703633276
CHARLES BERRIER & SON LLC,2016,16196.0,4,1,1.0,3.0,0.19585152319622684,False,-0.2645408031311391,-0.6657069903919808
CHARLES BERRIER & SON LLC,2018,3024.0,1,1,0.0,11.0,0.19788767052598516,False,-0.29463654785865334,-0.8163694156473199
CHECKERED PIG,2019,4.99,1,1,7.0,13.0,0.16147034166413649,False,-0.45371411150744634,0.6541577367286917
CHECKERED PIG BBQ & RIBS,2019,2.99,1,1,2.0,6.0,0.20062069243261138,False,-0.332209853191342,-0.4413689121844051
CHESAPEAKE FARMS INC,2019,36251.25,3,1,0.3333333333333333,7.0,0.18066686982732472,False,-0.26765685997562044,-0.7697025538476499
CHESAPEAKE FARMS INC,2020,552349.9,97,3,0.3381294964028777,7.985074626865671,-0.037674148923506845,True,1.11179899440599,-0.5121435267968606
CHESAPEAKE FARMS INC,2021,600185.75,97,3,0.45714285714285713,6.616666666666666,-0.03813949447722775,True,1.1138518730889377,-0.4889763096123264
CHESAPEAKE FARMS INC,2022,251048.0,40,3,0.16176470588235295,0.0,0.0821435294011118,False,0.3472240806913047,-0.7562687093542877
CHESAPEAKE FARMS INC,2023,215020.0,34,2,0.5581395348837209,0.0,0.10325767180438766,False,0.2092369523290203,-0.6940395027278247
CHESAPEAKE PACKAGING PRODUCTS INC,2020,3045.0,1,1,1.0,13.0,0.20249812464599215,False,-0.3197978747671952,-0.5924434545151924
CHESAPEAKE SYSTEMS INC.,2020,1953.0,3,1,2.3333333333333335,114.0,0.16865394683093976,False,-0.4678644211095731,0.4982375303250571
"CHESTERFIELD TRADING CO., INC.",2016,385.1,5,3,0.0,34.0,0.1870878194619039,False,-0.18068966490809088,-0.6179046155131706
"CHESTERFIELD TRADING CO., INC.",2017,3.0,1,1,0.0,2.0,0.19560403317587133,False,-0.28188479257616766,-0.8892125675001192
"CHESTERFIELD TRADING CO., INC.",2018,702.3,2,2,0.0,6.0,0.1975734137406997,False,-0.2274059059481863,-0.8512650715760902
"CHESTERFIELD TRADING CO., INC.",2019,320.09999999999997,1,2,0.0,3.0,0.1957698242702553,False,-0.23650042961482004,-0.8768981154764106
CIOX HEALTH LLC,2020,6.45,1,2,7.0,225.0,0.0729194408468728,False,-0.7113633288219245,2.360239855386444
CLAYS GARDEN CENTER INC,2019,50.0,1,1,1.0,84.0,0.1841381160688258,False,-0.4219320221141585,-0.02307114684928177
CLEAN HARBORS ENVIRONMENTAL SERVICES INC,2016,1097.5,1,1,0.0,1.0,0.194304108677822,False,-0.28038599509133394,-0.897024815327856
CLEANWORLD SERVICES INC,2019,2965.92,1,1,2.0,35.0,0.19671104053577698,False,-0.3736867834159486,-0.20798460187581094
CLINTWOOD FARM & GARDEN SUPPLY,2018,1198.0,1,1,7.0,56.0,0.15386058307206202,False,-0.5153977359873236,0.9995805629225256
CLINTWOOD LUMBER AND SUPPLY INC.,2020,3696.8199999999997,6,5,1.8571428571428572,1.0,0.1896998569096468,False,-0.0675197580745945,-0.48620297957502
CMC SUPPLY INC,2018,1590.5,1,1,0.0,8.0,0.19763652652272634,False,-0.2904103974082823,-0.8407343951759596
CMI INC,2017,95.0,1,1,12.0,4.0,0.09563800741384726,False,-0.5522358491964934,1.621259636091618
CMI INC,2018,341.0,2,1,1.5,14.0,0.2054560485357798,False,-0.3191531506215842,-0.4795397028127151
CMI INC,2019,1029.0,2,1,3.5,41.5,0.1933687255029517,False,-0.40318696586175,0.15708863101218012
CMI INC,2020,2781.0,4,2,4.5,33.5,0.18188952675171077,False,-0.34032410108005107,0.3082532460822535
"COBB TECHNOLOGIES, INC",2018,19650.96,2,1,5.5,1109.0,-0.09412283752327821,True,-1.9797294238081797,9.145980564046893
"COBB TECHNOLOGIES, INC",2020,2899.96,2,2,10.0,43.0,0.10686969481686415,False,-0.5033188706960076,1.5248553798333193
"COBB TECHNOLOGIES, INC",2021,21802.559999999998,4,3,3.4285714285714284,126.4,0.13971398593010292,False,-0.4019625185398493,0.8392734094540091
"COBB TECHNOLOGIES, INC",2022,21237.97,6,5,6.0,0.0,0.13069816760965103,False,-0.15742443021508445,0.3703827353548113
COCA COLA BOTTLING CO CONSOLIDATED,2019,300.0,1,1,5.0,23.0,0.18921851952782548,False,-0.42347744365948514,0.3187589431059185
COFFEE'S CUSTOM EMBROIDERY,2018,64.0,1,1,0.0,48.0,0.19343053957769035,False,-0.34794154833406427,-0.5199296163158919
COGGIN ELECTRICAL SPECIALISTS INC,2019,988.0,1,1,0.0,46.0,0.1940607980648278,False,-0.3450164265751716,-0.5358030453182955
COLE MEDICAL INC,2017,821.46,6,7,0.5,32.5,0.1783645862756209,False,0.010934358301039112,-0.5075542719679101
COLEMAN ONE INC,2017,3797.17,1,1,0.0,173.0,0.13704362700807876,False,-0.5272392213174159,0.48425867758963187
COLONIAL FORD TRUCK SALES INC,2017,0.0,1,1,0.0,111.0,0.16782862086894812,False,-0.4384190363183761,-0.01420156537928088
COLONIAL FORD TRUCK SALES INC,2020,33545.25,2,2,0.0,114.0,0.1426241373541035,False,-0.38062227747966826,0.022181899885680867
COLONIAL POWERLIFT INC,2018,760.53,1,2,0.0,96.0,0.17135122517510254,False,-0.37003179033584227,-0.13024192149059274
COLONIAL POWERLIFT INC,2021,1601.69,5,3,1.6666666666666667,302.0,0.06406122970795236,False,-0.6026433043799668,1.8801837242919854
COLONIAL REFRIGERATION & A C CO INC,2017,333.4794,8,5,0.0,8.4,0.18535608189330888,False,-0.010181367402505557,-0.8105484050881032
COLONIAL REFRIGERATION & A C CO INC,2018,3774.9400600000004,10,10,0.0,15.4375,0.15820359752219743,False,0.2406825475666938,-0.7293047351834265
COLONIAL REFRIGERATION & A C CO INC,2019,2834.25015,9,7,0.0,17.5,0.17236805090205304,False,0.08387894453372757,-0.7270810747805876
COLONIAL REFRIGERATION & A C CO INC,2020,21806.06178,22,7,0.02586206896551724,138.2972972972973,0.07768476589579215,False,0.08486505962137238,0.2709183605850038
COLONIAL REFRIGERATION & A C CO INC,2021,17338.8201,9,5,0.36486486486486486,13.68421052631579,0.1788323262725669,False,-0.011547787301046521,-0.6874641688955215
COLONIAL SCIENTIFIC INC,2016,29924.65,15,4,5.714285714285714,33.0,0.12129081775309986,False,-0.12432329053279662,0.5866635440859161
COLONIAL SCIENTIFIC INC,2017,411.92,1,1,3.0,1.0,0.19296134100886775,False,-0.347296308355609,-0.27356001716993644
COLONIAL SCIENTIFIC INC,2018,9813.880000000001,16,8,2.6842105263157894,28.0,0.17642638816354278,False,0.1498364834834697,-0.06891080847777861
COLONIAL SCIENTIFIC INC,2019,3847.04,5,4,1.7142857142857142,6.0,0.1957544061658793,False,-0.1316904713792618,-0.4814298631855594
COLONIAL SCIENTIFIC INC,2020,50313.21,14,4,2.857142857142857,59.0,0.15698124380726036,False,-0.1101878140695496,0.20401464295484803
COLONIAL SCIENTIFIC INC,2021,11434.94,6,7,4.375,45.25,0.16510891645216003,False,-0.093142849856945,0.4023695368257035
COLONIAL TIRE DISTRIBUTORS INC,2019,412.56,1,3,0.0,13.0,0.19384103231118238,False,-0.20405376814292958,-0.7923792056932852
COLONIAL TIRE DISTRIBUTORS INC,2020,2163.39,5,3,0.0,11.333333333333334,0.1919200994188377,False,-0.14803635697179596,-0.7995142714752235
COLONIAL TIRE DISTRIBUTORS INC,2021,573.28,1,1,0.0,9.0,0.19963272911458407,False,-0.2919047674387851,-0.8329069397837557
COLONIAL TRUCK SALES,2018,15.0,1,1,1.0,1.0,0.19779676852627792,False,-0.30273835789698766,-0.6893712653016105
COLONIAL TRUCK SALES,2020,11880.67,7,2,1.6428571428571428,6.6,0.19780473682704114,False,-0.19734247227834817,-0.495378952677727
COLONIAL TRUCK SALES,2021,16718.34,8,2,0.9166666666666666,2.5,0.18900123961358245,False,-0.16160939747809464,-0.6768160294289207
COLONIAL TRUCK SALES,2022,20274.34,3,1,3.0,0.0,0.18596825228280622,False,-0.3179604680953122,-0.2747291256647776
COLT PLUMBING CO,2016,129.68,1,1,0.0,36.0,0.19416873430505083,False,-0.3307046766265989,-0.6162482429256908
COLT PLUMBING CO,2017,176.3,2,2,1.5,6.0,0.2037600759074345,False,-0.26087155887830493,-0.5395687255236054
COLT PLUMBING CO,2018,796.9,3,2,5.0,88.66666666666667,0.155467145454243,False,-0.4441882800058372,0.8531786938786947
COLUMBIA BOOKS,2017,199.0,1,1,0.0,1.0,0.19447743889641989,False,-0.2804374711228604,-0.8972016268790153
COMCAST METRO RICHMOND,2020,9297.67,6,1,3.1666666666666665,244.0,0.097852906039409,False,-0.6325682243907959,1.7209216364704227
COMMERCIAL AIR REFRIGERATION & EQUIP.,2016,4696.35,3,1,0.9473684210526315,1.0,0.19623637524808157,False,-0.2745351738058963,-0.696440501023907
COMMERCIAL AIR REFRIGERATION & EQUIP.,2018,1288.0,1,1,6.0,6.0,0.16742478343129497,False,-0.4212976144509273,0.39035023909239064
COMMERCIAL BUSINESS SYS,2016,635.37,5,4,2.5,60.0,0.18166196088164938,False,-0.22693730381151667,0.11475384273196186
COMMERCIAL BUSINESS SYS,2017,438.0,5,5,0.75,59.0,0.1776548658188309,False,-0.13970212645661131,-0.25285470154416356
COMMERCIAL BUSINESS SYS,2018,1784.12,11,12,3.2222222222222223,140.3125,0.0883859739487341,False,0.09639748784143444,0.9524697785096169
COMMERCIAL BUSINESS SYS,2019,191.69,2,2,0.0,49.0,0.18940155521725532,False,-0.2891871326504671,-0.5061774926775103
COMMERCIAL BUSINESS SYS,2020,2800.5,8,10,1.7857142857142858,22.0,0.18098012277525988,False,0.16463636812038096,-0.3085747591443504
COMMERCIAL BUSINESS SYS,2021,818.65,11,7,4.0,7.0,0.16696044185355247,False,0.03644286644385592,0.022648346975170982
COMMERCIAL FYR-FYTERS,2019,1226.3,4,2,0.75,293.0,0.07259530489060367,False,-0.6294903553950959,1.6116174667436467
COMMERCIAL FYR-FYTERS,2020,605.65,3,4,3.533333333333333,101.2,0.15631543072228787,False,-0.3359011786571597,0.6573318872853631
COMMERCIAL FYR-FYTERS,2021,1643.8,2,2,0.0,211.0,0.11267533597350321,False,-0.5217509089062865,0.7945842059401256
COMMERCIAL LAUNDRY EQUIPMENT,2016,799.73,3,2,1.4,18.0,0.20513447837385967,False,-0.26245901198606725,-0.4624262045237821
COMMERCIAL LAUNDRY EQUIPMENT,2017,25.0,1,1,0.0,17.0,0.19979767287882227,False,-0.3034249182095177,-0.7687937988928778
COMMERCIAL LAUNDRY EQUIPMENT,2018,1221.45,3,1,1.3333333333333333,14.5,0.20407425957596143,False,-0.30272479313427547,-0.508522112225324
COMMERCIAL LAUNDRY EQUIPMENT,2019,359.58,3,3,0.5,3.0,0.18856556345023406,False,-0.1740792435577418,-0.7657827498122626
COMMERCIAL LAUNDRY EQUIPMENT,2020,2972.74,7,3,6.166666666666667,15.368421052631579,0.14876504864732926,False,-0.26448006764005483,0.5178309231775936
COMMERCIAL LAUNDRY EQUIPMENT,2021,264.72,1,1,0.0,59.0,0.19125988705080899,False,-0.3637270652964924,-0.43158619540307286
"COMMONWEALTH BUILDING SOLUTIONS, LLC.",2021,775.0,1,1,1.0,9.0,0.20340858469129597,False,-0.3141835558991889,-0.6250006741979888
COMMONWEALTH DOCUMENT MANAGEMENT INC,2020,1155.0,3,1,6.333333333333333,154.66666666666666,0.1012937365255065,False,-0.6154726112864631,1.6560037003591286
COMMONWEALTH EPOXY COATINGS INC,2021,9875.0,1,1,0.0,90.0,0.1689800108297625,False,-0.4076953464939051,-0.1808385260554935
COMMONWEALTH OF VIRGINIA STATE POLICE,2019,915.0,10,1,0.15384615384615385,3.3846153846153846,0.1769759738205291,False,-0.16682212460462004,-0.8326639456276885
COMMONWEALTH OF VIRGINIA STATE POLICE,2020,840.0,14,3,1.375,1.1666666666666667,0.17691012826505798,False,-0.043732989298229816,-0.5822978899898693
COMMONWEALTH SUPPLY COMPANY LLC,2019,4130.24,21,18,0.0,9.5,0.11990206707644735,False,0.7708379551056667,-0.7268790974435682
COMMONWEALTH SUPPLY COMPANY LLC,2020,36183.31,74,74,1.2513966480446927,49.32743362831859,-0.049622876216920075,True,4.017700444122401,0.17401158474051948
COMMUNITY CORRECTIONS INSTITUTE LLC,2016,2455.0,1,1,8.0,40.0,0.1367577157769091,False,-0.5146385878818674,1.079252423431232
COMPANION CORPORATION,2016,499.0,1,1,6.0,1.0,0.16046163377067624,False,-0.41416235509732513,0.3500568290827174
COMPANION CORPORATION,2019,2423.0,1,1,1.0,31.0,0.19930919967908983,False,-0.34568317306070645,-0.4480685277455141
COMPLETE COMBUSTION LLC,2020,6192.0,3,1,3.0,47.0,0.19259515654910142,False,-0.3862636034184269,0.09979825404699035
COMPLETE COMBUSTION LLC,2023,8945.0,5,2,6.2,0.0,0.1426919996410112,False,-0.316374546049332,0.3953887630358455
COMPLETE FACILITIES SUPPLY INC,2018,42.92,1,1,0.0,290.0,0.09073671592497318,False,-0.6954771174271281,1.4227525233347749
COMPLETE FACILITIES SUPPLY INC,2020,21345.49,6,6,0.625,13.0,0.1810832492769472,False,-0.009474577609941753,-0.6382953175050436
COMPLETE FACILITIES SUPPLY INC,2021,14983.240000000002,5,7,0.7142857142857143,11.5,0.17919608477354715,False,0.02374623559181984,-0.6302797658182716
COMPLETE PRODUCTS,2020,1155.25,2,1,2.5384615384615383,26.0,0.2008902583977194,False,-0.35948727637884914,-0.1671864808103085
COMPUTER AID INC,2018,335214.6,3,2,3.0,170.0,0.051029041697411015,False,-0.49725062187092817,1.1561678747710853
COMPUTER AID INC,2019,1325552.0,11,4,7.2727272727272725,107.5,-0.07033066585030867,True,-0.24534610715072155,1.7577304064533255
COMPUTER INTELLIGENCE ASSOCIATION,2020,13000.0,1,1,10.0,44.0,0.10981040737425629,False,-0.5643595135307556,1.5291711812233937
COMPUTER INTELLIGENCE ASSOCIATION,2021,13000.0,1,1,9.0,95.0,0.08928489972622478,False,-0.615309880840413,1.7307137048867465
CONSOLIDATED MARKETING LLC,2020,12300.0,1,2,3.0,131.0,0.14991014621963134,False,-0.48650495142136346,0.7765956113498932
CONSOLIDATED SALES & SERVICE LLC,2018,0.0,1,1,9.0,60.0,0.11822882033364107,False,-0.5657914307382893,1.4471884714712138
CONSOLIDATED SALES & SERVICE LLC,2020,18673.21,4,7,2.1,110.3125,0.14908533701616522,False,-0.16221519660086553,0.45024521591514094
CONSOLIDATED SALES & SERVICE LLC,2021,780.0,2,3,4.0,23.666666666666668,0.19283146046672972,False,-0.29513151270961124,0.12626237179421995
CONSULTCITY INTERNATIONAL LLC,2020,929.4399999999999,3,2,1.6666666666666667,87.66666666666667,0.18115430819973055,False,-0.36844344352354014,0.15228857962677875
CONSULTCITY INTERNATIONAL LLC,2021,6832.81,4,3,0.75,18.5,0.19634571429774034,False,-0.18815949956511402,-0.5866390723975273
CONTAINER AND PACKAGING SUPPLY INC,2020,279.22,2,1,0.0,23.0,0.19846112730930043,False,-0.2986460038621567,-0.7191030517030984
"CONTROL EQUIPMENT COMPANY, INC.",2020,2246.7,2,2,1.0,12.0,0.20297975760834652,False,-0.2582243252418605,-0.5949288106321683
"CONTROL EQUIPMENT COMPANY, INC.",2021,2771.38,11,3,3.576923076923077,21.875,0.17986620402589987,False,-0.16258575682701612,0.037602363719453635
CONTROLLING FACTOR LP,2020,11042.28,2,2,0.0,18.0,0.19152567213700739,False,-0.2440466262007659,-0.7528987645150569
COOKS DIRECT INC,2021,67.42,1,1,1.0,71.0,0.18533305860445842,False,-0.40326182287153917,-0.12742689960423864
CORTECH LLC,2019,207871.1,15,1,4.352941176470588,81.5,0.07812606376231929,False,-0.2938410538980177,0.7153695158968588
CORTECH LLC,2020,500294.74,23,1,2.606060606060606,73.8,0.018292175875544214,False,-0.12004407273490525,0.35978291598435175
"COUNSELING AND FORENSIC SERVICES, INC.",2018,282100.0,9,6,3.2,214.5,0.021438980103958283,False,-0.30116321658972595,1.5702658788376376
"COUNSELING AND FORENSIC SERVICES, INC.",2020,409600.0,14,3,6.857142857142857,216.0,-0.04684610964975344,True,-0.45103406379752287,2.362296641823867
COUNTRY BOY CUSTOMS LLC,2016,1341.26,4,5,1.2,30.0,0.1969406401229039,False,-0.12141525762018889,-0.3934131908505239
COUNTRY BOY CUSTOMS LLC,2017,827.94,4,4,0.0,36.0,0.18494479191287388,False,-0.15011509479425095,-0.5990127351325123
COUNTRY BOY CUSTOMS LLC,2018,1374.0,1,1,1.0,7.0,0.20247355307099224,False,-0.31127705373990233,-0.6409380584081019
COUNTRY BOY CUSTOMS LLC,2019,215.64,2,2,5.0,12.75,0.18706013408890537,False,-0.34857913702073073,0.24215850893235363
COUNTRY BOY CUSTOMS LLC,2020,3744.13,12,10,1.7777777777777777,145.75,0.10551513763926457,False,0.04067451929409006,0.6892801019672482
COUNTRY BOY CUSTOMS LLC,2021,1292.3000000000002,6,6,2.0,39.333333333333336,0.18809953179314032,False,-0.07908977104040416,-0.14503071782643595
COURTLAND AUTO REPAIR LLC,2020,1167.9,2,2,0.0,2.0,0.19371113483164326,False,-0.2216348616134643,-0.8832839655167044
COWLING BROS INC,2016,11730.44,9,9,0.26666666666666666,5.0,0.16161047993151445,False,0.19000025652057445,-0.7617958722947394
COWLING BROS INC,2019,10.5,1,1,1.0,0.0,0.1986421012651835,False,-0.3013025233043607,-0.6973997801240318
CRAFTMASTER HARDWARE LLC,2018,20.0,1,1,0.0,15.0,0.2008688257070556,False,-0.30055301985996086,-0.7848500413967026
CRAFTMASTER HARDWARE LLC,2019,64.6,1,2,0.0,30.0,0.19508454326488073,False,-0.27528956235129265,-0.6602024033119764
CRAFTMASTER HARDWARE LLC,2021,4586.8,2,4,0.4,86.0,0.155031379943523,False,-0.2573823123210673,-0.11669484386577232
CREATIVE ENGRAVERS,2018,3.5,1,1,0.0,10.0,0.19884779550856163,False,-0.29337350315037153,-0.8249914347972824
CREATIVE MEDICINE HEALING THROUGH WORDS,2018,2000.4,1,2,1.0,14.0,0.20358112855005084,False,-0.27449152506364355,-0.5803969649725228
CREST FOOD SERVICE EQUIPMENT CO,2016,440.0,1,1,1.0,61.0,0.19410832379512816,False,-0.38887955333787344,-0.20762987424188245
CREST FOOD SERVICE EQUIPMENT CO,2018,4073.34,4,5,2.4,74.75,0.17367196519193545,False,-0.2122722830879255,0.21580073695737298
CREST FOOD SERVICE EQUIPMENT CO,2019,3160.7500000000005,7,6,2.0,48.5,0.18655625023616135,False,-0.07876600166104555,-0.06960148789417707
CREST FOOD SERVICE EQUIPMENT CO,2020,216368.63,11,11,3.15625,61.53125,0.09044252111343037,False,0.17649667507652694,0.34433233432955546
CREST FOOD SERVICE EQUIPMENT CO,2021,50.2,1,1,1.0,42.0,0.19854715969272624,False,-0.3616161297522991,-0.36023153762082966
CROPKING INC,2016,1160.34,6,4,0.2857142857142857,7.0,0.18976751852423762,False,-0.0880562331810911,-0.7694082350791963
CROPKING INC,2017,2147.3,6,5,0.15384615384615385,27.0,0.18865149496133277,False,-0.06697986268429865,-0.6318479842703747
CROPKING INC,2018,1438.6,5,4,2.4,20.0,0.19695710555202256,False,-0.16721855528044482,-0.22697992200554395
CROPKING INC,2019,3566.37,8,8,0.5,15.666666666666666,0.17940190604284822,False,0.10882993606938357,-0.6349715622992217
CROPKING INC,2020,4365.7300000000005,8,10,0.5,18.5,0.1693907986213652,False,0.19841138051742022,-0.6036204661251932
CROPKING INC,2021,1654.0,3,3,0.75,36.0,0.19213587944902882,False,-0.22696872042900337,-0.4486496179974746
CROSS MATCH TECHNOLOGIES INC,2019,102.9,2,2,0.0,6.0,0.1971212448273329,False,-0.2274402462189677,-0.8513830246576316
CROSS ROADS RECONCILIATION SERVICES,2020,157065.0,3,2,3.0,256.0,0.05865642544439692,False,-0.6309609507046853,1.8114867792325806
"CROWN ORCHARD COMPANY, LLP",2016,107649.0,26,1,0.8181818181818182,11.333333333333334,0.13329871081122163,False,0.027163883915761158,-0.5861586159892131
"CROWN ORCHARD COMPANY, LLP",2017,189757.0,32,1,0.6666666666666666,9.137931034482758,0.10281669925586673,False,0.11868349050415898,-0.6102701147083257
"CROWN ORCHARD COMPANY, LLP",2018,90190.0,17,2,0.8333333333333334,14.166666666666666,0.15830605809480247,False,-0.05186887161240871,-0.5727499268667966
"CROWN ORCHARD COMPANY, LLP",2019,258441.0,44,1,0.49295774647887325,13.942857142857143,0.08335998993726484,False,0.28016103536657533,-0.5765908916432435
"CROWN ORCHARD COMPANY, LLP",2020,192478.0,38,1,0.5882352941176471,19.91891891891892,0.1011816600010434,False,0.18539057244853163,-0.530642480066657
"CROWN ORCHARD COMPANY, LLP",2021,99119.0,22,1,0.8333333333333334,18.125,0.14280917658227188,False,-0.03693961926302486,-0.5360664973101553
CRYSTAL ICE COMPANY INC,2018,3885.0,1,1,0.0,21.0,0.19896843598459224,False,-0.3089481442671431,-0.7359236906554426
CRYSTAL ICE COMPANY INC,2020,13990.21,5,3,1.875,13.8,0.19683144495364818,False,-0.19269554427154076,-0.3876356232423042
CRYSTAL ICE COMPANY INC,2021,7158.37,3,3,2.25,7.0,0.19771217207101532,False,-0.21844220730332115,-0.36856783342438104
CSC SALES TEAM LLC.,2020,2106.06,11,9,0.7037037037037037,16.428571428571427,0.16920439896295053,False,0.19005648285967022,-0.5781501943341002
CSC SALES TEAM LLC.,2021,19973.06,35,35,0.8918918918918919,91.05263157894737,0.03956903585129129,False,1.6177194758598192,0.20877174035619642
CSC SALES TEAM LLC.,2023,35154.73996,93,69,0.8672566371681416,0.0,-0.04456553199884283,True,4.117268620813578,-0.29512120126563457
CSM SOLUTIONS LLC,2021,1675.08,2,3,0.0,18.5,0.19329325991300922,False,-0.19849904100269514,-0.7465038545757923
CSS & ASSOCIATES LLC,2020,84900.0,5,2,5.166666666666667,8.0,0.14070739666692278,False,-0.30047838489002093,0.2597611656177887
CUMBERLAND BUILDING SUPPLY INC,2017,165.18,4,4,0.0,1.0,0.18229668117287512,False,-0.09988983094121924,-0.8801101816349436
CUMBERLAND BUILDING SUPPLY INC,2018,8934.710000000001,13,11,0.041666666666666664,13.066666666666666,0.14807204031874527,False,0.3303991287288954,-0.7300111763022274
CUMBERLAND BUILDING SUPPLY INC,2019,2831.17,9,8,0.0,6.0,0.1674678738589246,False,0.1471961190607068,-0.8151749955988816
CUMBERLAND BUILDING SUPPLY INC,2020,27514.104,34,23,0.0,63.6,0.06128051421749908,False,1.1024482395972457,-0.24768636141247796
CUMBERLAND BUILDING SUPPLY INC,2021,497.30999999999995,10,8,0.0,6.6,0.1641808025931924,False,0.15958165849416667,-0.8093427425499335
CUMBERLAND MOUNTAIN COMMUNITY SERVICES,2019,138320.0,1,1,4.0,366.0,0.0071574037928500145,False,-0.8858594782200458,2.8915295199165936
CUMBERLAND MOUNTAIN COMMUNITY SERVICES,2020,138320.0,1,1,4.0,210.0,0.06607524445357416,False,-0.6618290634350819,1.6392193508675115
CURTIS BAY MED WASTE SVCS VA,2018,72.0,2,3,1.5,2.0,0.1986405680940893,False,-0.20833087636392345,-0.56747534525002
CURTIS BAY MED WASTE SVCS VA,2020,1360.0,3,2,1.6666666666666667,66.0,0.18672408499797855,False,-0.3373034408911814,-0.021558660437531667
CURTIS BAY MED WASTE SVCS VA,2021,1240.0,5,2,1.4,30.0,0.19955250567115457,False,-0.25290508882397655,-0.363058124995022
CUSTOM CLEANERS,2020,32.0,1,1,0.0,7.0,0.1988253337695502,False,-0.28906359314731056,-0.8490687142838581
CUSTOM PAK,2018,30866.23,53,2,0.1794871794871795,4.898550724637682,0.11784042419934876,False,0.45432928526249294,-0.7416397168311007
CUSTOM PAK,2019,28801.0,43,1,0.23404255319148937,10.054054054054054,0.1282178387100839,False,0.26497979812595523,-0.7082932849341307
CUSTOM PAK,2020,39416.0,31,2,0.4772727272727273,5.636363636363637,0.14225228914294635,False,0.15274190765757129,-0.704583482807104
CVA SHREDDING INC.,2018,1560.0,2,2,4.5,0.0,0.18324436468145233,False,-0.319046766450626,0.036137500693067946
CVA SHREDDING INC.,2020,9886.0,9,4,7.615384615384615,70.0,0.0997263869537175,False,-0.30126832138342974,1.2660677565967033
CVA SHREDDING INC.,2021,4903.0,7,1,5.571428571428571,12.0,0.1607755221544513,False,-0.3398686311849822,0.35899138889371357
D M JEFFERS CO  INC,2020,30419.38,4,4,11.153846153846153,56.0,0.08054438412258658,False,-0.42576469867173405,1.885874752718245
D M JEFFERS INC,2018,3197.22,1,1,2.0,12.0,0.20341828949668428,False,-0.340643406733379,-0.3925745590882992
D M JEFFERS INC,2019,3533.15,1,2,2.0,100.0,0.17886795733208904,False,-0.4201980039957673,0.31814734652527726
DALY COMPUTERS INC,2016,16594.43,41,24,1.9777777777777779,11.3125,0.1023296372766726,False,1.2732955897318188,-0.24391694056165833
DALY COMPUTERS INC,2017,61433.84,80,40,2.119047619047619,19.12,0.015693341162767438,False,2.532195121392584,-0.01793861505218696
DALY COMPUTERS INC,2018,178047.37,213,51,2.7327586206896552,30.57777777777778,-0.10125384949224459,True,4.803227212175843,0.46719429135262963
DALY COMPUTERS INC,2019,158195.05,127,39,3.036842105263158,25.318840579710145,-0.04692075957276298,True,3.090478821611305,0.3067413295764127
DALY COMPUTERS INC,2020,404707.13,264,72,2.650963597430407,45.416666666666664,-0.1535749923695925,True,6.462000188465474,0.7778512829723692
DALY COMPUTERS INC,2021,93894.53,134,43,3.588607594936709,29.396039603960396,-0.04081181150621971,True,3.3495161808955576,0.46873407899689523
DANDREA PRODUCE INC,2016,43701.5,26,2,0.6666666666666666,1.2857142857142858,0.14343412590089882,False,0.08810918562535437,-0.7066716147273145
DANDREA PRODUCE INC,2017,49991.0,36,2,0.4722222222222222,2.433333333333333,0.1350020702355979,False,0.22496470689186546,-0.721890326227629
DANDREA PRODUCE INC,2018,28631.0,28,3,0.20512820512820512,4.483870967741935,0.14357361846897537,False,0.16650488040763803,-0.772727756056899
DANDREA PRODUCE INC,2019,50097.2,30,3,0.7457627118644068,5.803921568627451,0.13990176965847462,False,0.18054986611712884,-0.6425769175675619
DANDREA PRODUCE INC,2020,43556.0,12,3,0.36363636363636365,2.212121212121212,0.16152882137785113,False,-0.04700527689414648,-0.7786780691279572
DANDREA PRODUCE INC,2021,14711.5,5,2,0.25,2.125,0.18730175306426833,False,-0.18646831938011868,-0.8232238544376639
DANNYS GLASS INC,2020,211.51,1,1,1.0,3.0,0.20217229118491892,False,-0.30559928443263507,-0.6732773364536982
DATA RECOGNITION CORPORATION,2021,2929.99,1,1,1.0,15.0,0.20299896300284942,False,-0.3226766486187481,-0.5764108282097591
DAUBERS INC,2017,50.0,1,1,3.0,17.0,0.19943880013115173,False,-0.370294521581214,-0.1451891690688228
DAVE LUDLUM PRODUCE LLC,2016,190253.2,34,2,0.7941176470588235,6.333333333333333,0.11658617155602907,False,0.1934627502489494,-0.5990196308184027
DAVE LUDLUM PRODUCE LLC,2017,112383.75,23,2,0.25,5.9375,0.13554178301550468,False,0.05450860265331335,-0.7468490544262968
DAVE LUDLUM PRODUCE LLC,2018,87664.0,18,2,0.23076923076923078,6.75,0.14432064320771187,False,-0.014550304132078454,-0.7565632455121666
DAVE LUDLUM PRODUCE LLC,2019,141904.0,22,1,0.1,7.615384615384615,0.10443745178208413,False,-0.0030493886234699502,-0.7644498211858898
DAVE LUDLUM PRODUCE LLC,2020,136388.5,21,2,0.56,8.294117647058824,0.12455257159035399,False,0.018827724437710296,-0.6617184734421467
DAVE LUDLUM PRODUCE LLC,2021,53306.0,7,2,0.7,10.25,0.17427725522404552,False,-0.17919429662611844,-0.6539146920135953
DAVENPORT ENERGY INC,2018,660.4,2,2,1.0,2.0,0.20093508769610097,False,-0.2439542820505841,-0.6755172639691273
DEERE & COMPANY,2017,8454.59,2,2,0.0,32.0,0.19219108511058564,False,-0.2643001713790213,-0.6410211737073814
DEERE & COMPANY,2018,18059.16,1,1,1.0,25.0,0.19424227344024886,False,-0.33617080621950657,-0.49315733775332793
DEERE & COMPANY,2019,47082.24,5,4,1.6666666666666667,13.4,0.18139825024339556,False,-0.13877911903063572,-0.4234157647119954
DEERE & COMPANY,2021,134919.08000000002,7,6,0.65,65.36363636363636,0.1274326876828797,False,-0.06534319921935577,-0.18891823979269054
DELL MARKETING LP,2016,2325.4,4,1,7.5,25.5,0.13716275522018057,False,-0.4425347876866996,0.8633178444720581
DELL MARKETING LP,2017,137730.83,4,2,9.75,20.25,0.07774346378201541,False,-0.43058876820463066,1.3197427874830865
DELL MARKETING LP,2018,6651.849999999999,4,2,1.25,53.25,0.19443249053366385,False,-0.2960215389157334,-0.2080057019708262
DELL MARKETING LP,2019,233810.69999999998,6,2,7.166666666666667,22.0,0.07876175537444485,False,-0.3432522105441428,0.8186594904945961
DELL MARKETING LP,2020,608538.72,19,5,4.095238095238095,32.13333333333333,0.023776161353227576,False,0.046485780987994045,0.3671473080128516
DELL MARKETING LP,2021,303462.14,5,2,3.2,39.0,0.10925013302919062,False,-0.2886379103309757,0.14282322545192958
DELTA AUTOMATION INC,2018,1745.78,1,1,6.0,56.0,0.158372175344056,False,-0.4930760078656743,0.7918217878849989
DELTA AUTOMATION INC,2020,6158.38,4,3,2.0,293.0,0.0712202983124936,False,-0.61026843438294,1.8766456620726328
DELTA AUTOMATION INC,2021,894.86,1,1,0.0,9.0,0.19963272911458407,False,-0.29188634377465783,-0.8328436575816168
DELVE RESOURCES LLC,2020,565.96,2,2,0.3333333333333333,6.0,0.1966102699756282,False,-0.23484383208551426,-0.7820030445896106
DEMCO INC,2016,455.48,2,1,1.0,40.0,0.19690444947322183,False,-0.3453398217952994,-0.37473209836071647
DEMCO INC,2017,88.36,1,1,4.0,29.0,0.19073794996577287,False,-0.40981577794135865,0.15901650114308444
DEMCO INC,2018,265.24,1,1,1.0,6.0,0.20232326670684836,False,-0.30990448339054033,-0.6491838753156463
DEMCO INC,2019,641.1800000000001,4,3,6.8,18.6,0.14703370413357836,False,-0.32351442250645485,0.6705380179346907
DENTAL HEALTH PRODUCTS INC,2017,333.56,5,2,1.3,50.0,0.1925851413026291,False,-0.279449833274379,-0.2234705702520015
DENTAL HEALTH PRODUCTS INC,2018,216.60001,1,1,2.0,43.0,0.19785843997207908,False,-0.3853330341353919,-0.14430459319950767
DEPARTMENT OF ENVIRONMENTAL QUALITY,2020,1119.0,1,1,6.0,24.0,0.17092825858926547,False,-0.4471569598871416,0.5348143095823528
DEPARTMENT OF GENERAL SERVICES,2019,275340.69,199,83,2.930974978429681,140.37721324095457,-0.16902658626596978,True,5.957041373522763,1.5235041827656257
DEPARTMENT OF GENERAL SERVICES,2020,1802025.46,699,106,1.9040011725047632,65.30805547359103,-0.23884875321911625,True,13.942109378874768,1.842466405465154
DEPARTMENT OF GENERAL SERVICES,2021,2043543.88,526,108,1.9902705989662512,30.05320512820513,-0.2331315468445314,True,11.783360622214083,1.37819673926362
DEPARTMENT OF GENERAL SERVICES,2022,5436448.9399999995,339,81,1.843040473840079,0.0,-0.23882594186239858,True,8.258293916881023,1.384136155877988
DEPARTMENT OF GENERAL SERVICES - SURPLUS,2020,80.0,1,1,1.0,15.0,0.20554675201799066,False,-0.3228399276116146,-0.5769716642172024
DEPARTMENT OF GENERAL SERVICES - SURPLUS,2021,700.0,3,3,0.2,33.0,0.18942314265451615,False,-0.21045540903892082,-0.5872468525319133
DEPARTMENT OF HEALTH & HUMAN SERVICES,2019,540.0,3,1,0.6666666666666666,12.0,0.19698632291855012,False,-0.2843133729875187,-0.6673029981350908
DEPARTMENT OF HEALTH & HUMAN SERVICES,2021,180.0,1,1,0.0,51.0,0.19242402116863117,False,-0.3522431797766849,-0.49582390136004245
DEPARTMENT OF JUVENILE JUSTICE,2019,420.0,1,1,4.0,91.0,0.1652142979877424,False,-0.4988345068820083,0.6567947789090054
DEPARTMENT OF JUVENILE JUSTICE,2020,43747.29,4,3,2.5,2.0,0.17785299761881862,False,-0.2013572087842179,-0.3480642327087713
DEPARTMENT OF JUVENILE JUSTICE,2021,16967.9,2,2,2.5,58.0,0.1816239772224611,False,-0.35687670019590917,0.08903890683627678
DEPT OF HEALTH HUMAN SVCS CLIA LAB PROG,2023,180.0,1,1,1.0,0.0,0.2001884197881843,False,-0.30129281246702766,-0.6973664250233957
DEPT OF LABOR AND INDUSTRY,2020,60.0,1,1,0.0,84.0,0.18019560810660762,False,-0.3996411039872049,-0.2309357490609679
DEPT OF LABOR AND INDUSTRY,2021,840.0,8,3,3.1666666666666665,67.0,0.17140712659736373,False,-0.25849803298910623,0.3097656412946196
DEPT OF PROFESSIONAL AND OCCUPATION REG,2017,400.0,1,1,0.0,12.0,0.20064853975039992,False,-0.29622297204378745,-0.8088581508663253
DEPT OF PROFESSIONAL AND OCCUPATION REG,2021,3804.0,15,1,2.4838709677419355,27.0,0.17790903267932034,False,-0.18560302145393767,-0.1508108900455976
DIALOGUE ASSOCIATES LTD,2020,4319.98,1,2,4.0,78.0,0.1703462782311581,False,-0.43313958323676804,0.557427478842454
DIAMOND BUSINESS SERVICES,2017,109.02000000000001,1,1,0.0,20.0,0.1996232655824764,False,-0.30772838182073964,-0.7446943771294672
DIAMOND DRUGS INC,2018,2319.6,3,2,1.3333333333333333,66.0,0.18605104354418106,False,-0.3298183493028633,-0.09065868199540024
DIAMOND DRUGS INC,2019,3750.0,3,2,0.3333333333333333,335.0,0.06922131016250727,False,-0.6937549111957858,1.8611885082491793
DIAMOND DRUGS INC,2020,13516316.43,16,6,3.6,116.0,-0.10149934937099991,True,0.6832445720117021,3.477314283037529
DIAMOND DRUGS INC,2021,35534112.68,6,4,3.0,28.8,-0.0693681709153725,True,1.8558556496143768,6.962164414019674
DIAMOND DRUGS INC,2023,1166925.25,5,3,3.4,0.0,0.021180213118225044,False,-0.14081735690536334,0.045460227177138095
DIAMOND SPRINGS WATER INC,2023,1190.47,2,1,0.0,0.0,0.1929089102481093,False,-0.26556367211265736,-0.9035592047817966
DIRECTV LLC,2017,311.62,1,1,5.0,14.0,0.1896761209934305,False,-0.4105519463149758,0.24651256615159034
DIRECTV LLC,2018,2351.72,2,1,4.714285714285714,81.0,0.16252876822248152,False,-0.48690368347008406,0.7268496862172236
DIRECTV LLC,2019,796.9,2,1,5.6,92.2,0.13756626594636084,False,-0.5228198728795479,1.0005635592304496
DIRECTV LLC,2020,2119.75,2,1,6.923076923076923,27.307692307692307,0.15965756731225872,False,-0.45904457668749027,0.7549159486884442
DIRECTV LLC,2021,383.98,2,1,6.0,23.5,0.167089806136265,False,-0.43310011954747696,0.5321307985499355
DIVERSIFIED EDUCATIONAL SYSTEMS INC,2018,13761.0,1,1,2.0,127.0,0.163250846685579,False,-0.5051888226973893,0.5326816052566337
DIXIE GAS AND OIL CORPORATION,2018,220000.0,3,2,5.0,297.5,0.011034112678942276,False,-0.7315338619895992,2.5727512148365683
DIXIE GAS AND OIL CORPORATION,2019,110000.0,3,1,2.0,444.0,-0.0043956746004840674,True,-0.9281546699944785,3.099328395324972
DIXIE GAS AND OIL CORPORATION,2020,170000.0,3,2,3.6666666666666665,415.5,-0.023796499315808628,True,-0.8741368589780922,3.2330167814353574
DIXON INVESTMENTS,2018,325.0,1,1,0.0,386.0,0.0584379681272168,False,-0.8333258273973924,2.193460444241873
"DMS CLEANING SERVICE, INC.",2019,5020.0,1,4,3.0,458.0,0.0037768590396172197,False,-0.8629196693320708,3.40864663638848
"DMS CLEANING SERVICE, INC.",2020,5020.0,1,3,6.0,369.0,0.018619274446794454,False,-0.8487807695247399,3.31356291774936
DOCBOYS AT STATION ONE,2020,946.0,3,2,2.0,15.666666666666666,0.20383223071937995,False,-0.2724739568777161,-0.3564086137132137
DOCUMENT DESTRUCTION OF VIRGINIA LLC,2019,768.0,1,1,1.0,452.0,0.029971791008944537,False,-0.950372891229918,2.9312377232330706
DOCUMENT DESTRUCTION OF VIRGINIA LLC,2020,3536.0,3,2,2.0,255.0,0.11312128316248066,False,-0.6160303546488975,1.5653803365430101
DOCUMENT DESTRUCTION OF VIRGINIA LLC,2021,3153.35,2,2,0.25,244.0,0.1082602047866521,False,-0.5746280607484302,1.1117596721667113
DOMINION BUSINESS MACHINES INC,2016,743.0,2,2,0.0,6.0,0.1975734137406997,False,-0.2274035742014049,-0.8512570624162326
DOMINION BUSINESS MACHINES INC,2019,13.5,1,1,3.0,17.0,0.19788899033513457,False,-0.3702966127054774,-0.14519635173061166
DOMINION OF BEDFORD INC,2019,11299.0,1,1,7.0,106.0,0.11556147794514793,False,-0.58662365895495,1.4029497552169354
DOMINION OFFICE PRODUCTS,2016,1146.8799999999999,15,3,1.8846153846153846,66.0,0.16697526950385339,False,-0.1348006638652342,0.04562741178637309
DOMINION OFFICE PRODUCTS,2017,1711.72,15,14,1.696969696969697,15.04,0.1581351035774115,False,0.45742282441245874,-0.35588604662669837
DOMINION OFFICE PRODUCTS,2018,2351.87,18,23,2.7708333333333335,7.212765957446808,0.11419540226816732,False,0.9061266474138229,-0.1529292236827514
DOMINION OFFICE PRODUCTS,2019,2641.69,13,14,1.608695652173913,11.869565217391305,0.16310236746163848,False,0.43723499118028974,-0.4024532296994527
DOMINION OFFICE PRODUCTS,2020,8884.47,58,60,1.6647727272727273,27.229885057471265,0.02179493486807005,False,3.1693297856284732,-0.005565310003798231
DOMINION OFFICE PRODUCTS,2021,6920.83,40,47,1.4415584415584415,13.227272727272727,0.060525007003505715,False,2.345015830472026,-0.2462247866975735
DOMINOS PIZZA,2019,54.300000000000004,1,3,3.0,0.0,0.18746687118295674,False,-0.2522761276602225,-0.2732091765399562
DONALD B RICE TIRE CO INC,2020,402.5,1,1,1.0,4.0,0.20275214383482743,False,-0.3070244348125527,-0.6652121231491673
DONNA PRICE,2020,2000.0,1,1,2.0,14.0,0.20475541884512655,False,-0.34358418155997755,-0.3767548957531272
DOORS ON DEMAND LLC,2017,5540.08,3,3,1.0,12.0,0.20219203489573068,False,-0.19785245137032714,-0.5885813551702772
DORCUS HOME LLC,2018,444290.97,1,1,1.0,8.0,0.07879386304393515,False,-0.2873379564802914,-0.5457509004600269
DORCUS HOME LLC,2019,445588.09,1,1,1.0,8.0,0.07879386304393515,False,-0.2872636430801647,-0.5454956463707232
DOUGLAS EQUIPMENT,2018,6915.82,1,1,0.0,78.0,0.18218044726359167,False,-0.3906317722697158,-0.2777524005101887
DOUGLAS EQUIPMENT,2021,132250.7,1,2,2.0,78.0,0.13210285046042747,False,-0.38122960423905755,0.1668692180062547
DOVE MEDICAL SUPPLY LLC,2016,50.5,1,1,0.0,52.0,0.19242402116863117,False,-0.35368669137345726,-0.4878217557617228
DOVE MEDICAL SUPPLY LLC,2018,2548.38,15,15,2.8333333333333335,13.2,0.14947516538648858,False,0.4815855182024335,-0.13005580859966553
DOVE MEDICAL SUPPLY LLC,2021,86.99,1,2,4.0,7.0,0.19120560825742677,False,-0.33141953521213524,-0.013367190675056392
DS SERVICES OF AMERICA INC,2020,3641.35,2,1,5.0,1.0,0.1806373286498874,False,-0.37831107704446737,0.1442835718726584
DUCKS LOCKSMITHING INC,2019,139.5,1,1,1.0,68.0,0.18870592116663892,False,-0.3989494161233988,-0.1514956031894235
DUTT & WAGNER OF VA INC,2016,227742.0,53,2,0.7166666666666667,4.8076923076923075,0.0894681954762927,False,0.4537650747772639,-0.5919651885089164
DUTT & WAGNER OF VA INC,2017,212403.18,63,3,0.7710843373493976,3.8,0.07747960715692209,False,0.6337317784937522,-0.5727875386057975
DUTT & WAGNER OF VA INC,2018,142872.8,33,2,0.5277777777777778,4.44,0.11655294009637401,False,0.18602318118686892,-0.6803804728188464
DUTT & WAGNER OF VA INC,2019,348477.9,60,2,0.4880952380952381,7.245901639344262,0.03980453692257546,False,0.5559419360921378,-0.5858208489621678
DUTT & WAGNER OF VA INC,2020,536396.62,85,4,0.4926829268292683,4.804511278195489,-0.027930630229254128,True,0.9982389850406155,-0.5221637034657839
DUTT & WAGNER OF VA INC,2021,380698.81,74,4,0.6875,4.006711409395973,0.013777723841305156,False,0.8389321180612141,-0.5349356132405276
DUTT & WAGNER OF VA INC,2022,305612.23,57,3,0.6796116504854369,1.3636363636363635,0.054343224678271906,False,0.5643242009607596,-0.6018673779975041
DUTT & WAGNER OF VA INC,2023,552524.64,59,5,0.5483870967741935,0.0,-0.0004989864481635964,True,0.7037198121379495,-0.5801038879781799
DYNAMIC MOBILE IMAGING,2017,5707.0,1,1,2.0,41.0,0.19730482476497502,False,-0.3821462984089442,-0.15927942201777706
DYNAMITE DETAILING & POWER WASHING SVC,2017,40.0,1,1,1.0,39.0,0.1969070255127242,False,-0.3573084369138682,-0.38431643269675403
DYNAMITE DETAILING & POWER WASHING SVC,2018,242.67000000000002,1,2,2.0,48.0,0.19518918535362934,False,-0.3457097142062523,-0.09993689443527665
Dr. Harry L. Moore,2018,35400.0,2,1,0.5,299.0,0.06578287881940414,False,-0.7041405722853262,1.6073671686614184
Dr. Harry L. Moore,2019,15556.0,1,1,6.0,0.0,0.14998240904915006,False,-0.41186363096787276,0.34499219537079406
E A HARPER & CO INC,2016,314.72,1,1,9.0,25.0,0.135209774590771,False,-0.5155101660045716,1.166283378619341
E A HARPER & CO INC,2019,194.10000000000002,1,1,1.0,20.0,0.20431877731910486,False,-0.33001385271221445,-0.5368110645757842
E A HARPER & CO INC,2021,12103.1,2,10,11.88,12.0,0.051228620560937854,False,-0.12576029052577742,1.7023944428948867
E A HOLSTEN INC,2020,5608.91,8,4,2.9166666666666665,21.4,0.19625665776125167,False,-0.14036412878495164,-0.10309802349090882
E A HOLSTEN INC,2021,2720.76,5,5,2.5714285714285716,72.0,0.16930092490377013,False,-0.19884081755648714,0.23056780247731495
E A PARKER & SONS LLC,2016,69091.0,26,2,0.4666666666666667,4.0,0.13670611214990464,False,0.09012388134295271,-0.7214593700231852
E A PARKER & SONS LLC,2017,37722.75,12,2,0.7857142857142857,5.666666666666667,0.1744280293973267,False,-0.10851106749775039,-0.6685826886119504
E A PARKER & SONS LLC,2018,33661.5,8,3,0.7777777777777778,6.428571428571429,0.1792152345852827,False,-0.11638232755313498,-0.666590685136042
E A PARKER & SONS LLC,2019,18746.8,5,1,0.16666666666666666,6.0,0.1888313718452626,False,-0.2367467503575543,-0.8128693397089664
E A PARKER & SONS LLC,2020,30063.6,3,1,3.3333333333333335,6.333333333333333,0.1832397719839331,False,-0.333924997813856,-0.15267223479408473
E A PARKER & SONS LLC,2021,123032.40000000001,9,2,0.3333333333333333,13.5,0.1484863321879336,False,-0.1449319614435919,-0.6873716223938482
E A PARKER & SONS LLC,2023,127491.9,8,1,0.7647058823529411,0.0,0.15398030228153137,False,-0.1950878600811882,-0.7108984886058186
E MCLAUCHLAN AND SONS INC,2018,4376.0,1,1,2.0,41.0,0.1971970961144825,False,-0.38222255283071593,-0.15954134319150298
E MCLAUCHLAN AND SONS INC,2021,2324.0,1,1,1.0,15.0,0.20349025826616424,False,-0.32271136643771847,-0.5765300781061272
E. DILLON & COMPANY,2020,619.8700007,2,2,3.0,0.0,0.19323051626676047,False,-0.28566510968529973,-0.2758473581244444
E. DILLON & COMPANY,2021,483.00000000000006,1,1,3.0,22.0,0.1994868792949147,False,-0.3774501765577695,-0.10496581460974785
E. DILLON & COMPANY,2022,705.98,2,2,3.0,0.0,0.19323051626676047,False,-0.28566017635081037,-0.2758304129463178
EAGLETON'S SUPPLY,2018,530.0,1,1,2.0,18.0,0.2046695956765346,False,-0.3494127690511439,-0.34493365292212247
EAHEART INDUSTRIAL SERVICE INC,2017,631.3,2,2,0.0,11.0,0.19751375221441247,False,-0.23459043562690038,-0.8111408968852784
EAHEART INDUSTRIAL SERVICE INC,2018,181.57,3,3,0.8,57.0,0.18829254700726994,False,-0.2583255352402448,-0.2699658269422321
EAHEART INDUSTRIAL SERVICE INC,2019,554.29,1,3,0.0,82.0,0.17062032878648636,False,-0.30313602404904155,-0.23844489439361144
EAHEART INDUSTRIAL SERVICE INC,2020,20964.69,6,2,0.0,52.0,0.17853693550028438,False,-0.23878168544252007,-0.4721070058807614
EAST COAST HOME & GARDEN,2017,26.99,1,1,3.0,36.0,0.19233642648046084,False,-0.39758159549575267,0.007331259389218512
EAST COAST VALVE SERVICES INC,2019,1850.0,1,1,0.0,58.0,0.1903073473891559,False,-0.3622001504975211,-0.43930186496361134
EDMUNDS WASTE REMOVAL INC,2020,80776.0,2,2,0.0,319.0,0.04164667483818246,False,-0.6723153195114002,1.6771402192432885
EDWARDS TRUE VALUE HARDWARE CO INC,2016,529.0,1,1,0.0,31.0,0.19709334068074308,False,-0.3235013371419074,-0.6563078090817488
EDWARDS TRUE VALUE HARDWARE CO INC,2017,3300.94,3,3,1.0,3.5,0.2002446648351947,False,-0.1857739486886197,-0.6572568338596129
EDWARDS TRUE VALUE HARDWARE CO INC,2018,2848.69,4,6,0.46153846153846156,72.0,0.15630511612413694,False,-0.1183819252526751,-0.20523316571937103
EDWARDS TRUE VALUE HARDWARE CO INC,2019,2117.7,3,2,0.1111111111111111,39.44444444444444,0.18742002388879897,False,-0.26444992953016677,-0.5579357096853977
EDWARDS TRUE VALUE HARDWARE CO INC,2020,12128.56,4,4,2.3333333333333335,29.944444444444443,0.19295395639645252,False,-0.1927821382966502,-0.16037869807096988
EDWARDS TRUE VALUE HARDWARE CO INC,2021,781.9200000000001,2,2,1.0,15.0,0.20471549722224308,False,-0.262616521271144,-0.5711341698709113
EEE CONSULTING INC,2020,9050.0,3,3,1.3333333333333333,49.0,0.19161839733622366,False,-0.2582168982412376,-0.22157951429704337
EI TECHNICAL SERVICES,2020,2555.0,2,1,2.25,5.0,0.196340532354294,False,-0.32281923546989744,-0.39545275631008703
ELECTRIC CONNECTION INC,2019,356.2384,2,3,0.0,14.666666666666666,0.1937800187617399,False,-0.19306957798052557,-0.7775359620959886
ELECTRIC CONNECTION INC,2020,12084.74936,2,6,0.0,77.0,0.1555267251908018,False,-0.14150720030050157,-0.2621658053560237
ELECTRIC MOTOR & CONTRACTING CO INC,2019,5462.0,1,1,6.0,78.0,0.14523986225058721,False,-0.5244571344785843,0.9691609295365149
EMC MECHANICAL SERVICES LLC,2017,63066.0,2,2,0.0,16.0,0.16581682230472983,False,-0.23819394651452824,-0.7587165221129034
EMC MECHANICAL SERVICES LLC,2020,-2499200.63,24,10,1.4166666666666667,6.0,0.132772088464381,False,0.2665921768195241,-0.9824873042717566
EMERGE NEW UNLIMITED LLC,2021,755.0,2,3,1.0,72.25,0.18119784688766133,False,-0.2980320652244717,-0.10733326841679339
EMLEX CONSTRUCTION CO,2021,6500.0,1,1,4.0,52.0,0.18334662668359308,False,-0.4424785734454428,0.34491369099403313
ENCOMPASS SUPPLY,2018,27.91,1,1,0.0,55.0,0.19242402116863117,False,-0.3579962627862608,-0.4637433132742933
ENVIRO MECHANICAL SALES INC,2020,4047.0,1,1,11.0,370.0,-0.010413123800739776,True,-1.055328908952271,4.352283081045206
ENVIROMATION INC,2018,8521.0,3,2,3.3333333333333335,36.0,0.19105073249074994,False,-0.3309609827843086,0.08546592354696987
"ENVIRONMENTAL OPTIONS, INC.",2019,2668.0,4,4,2.0,21.0,0.20092166522140692,False,-0.17304898017285453,-0.3033319376603163
"ENVIRONMENTAL OPTIONS, INC.",2020,1692.65,3,2,0.3333333333333333,57.0,0.1853828591491915,False,-0.29463909110437475,-0.3708972901739191
ENVIRONMENTAL RESOURCE ASSOCIATES,2017,122.0,1,1,5.0,115.0,0.15227241110229328,False,-0.5556081424979917,1.0572658098980263
ENVIRONMENTAL WASTE SPECIALISTS INC,2020,9598.0,2,1,0.08333333333333333,41.0,0.18920872758772367,False,-0.3258193129440754,-0.5554497118392738
ENVY US BEAUTY,2019,735.0,1,1,1.0,12.0,0.20519883399249544,False,-0.31849412474962047,-0.60092565774184
ERIC WILLIAMS,2020,8500.0,1,1,0.0,60.0,0.18544527786908543,False,-0.36469134964897654,-0.4219379844437019
ESCO INSTITUTE LTD,2020,1780.0,2,2,4.6,45.4,0.1835560718441186,False,-0.3864617920076236,0.4214218201659165
ESSENTIAL EDUCATION,2021,54150.0,1,1,9.0,47.0,0.09902499284169919,False,-0.5440199177564434,1.3534852122477457
EVERBRIDGE,2021,21562.5,2,2,1.0,8.0,0.1937454237602393,False,-0.25137333267176576,-0.6232382631685989
EVIDENT INC,2021,24.0,1,2,6.0,20.0,0.16633035139087377,False,-0.39467303564146716,0.5067127347043154
EXTINGUISHER SALES & SERVICES LLC,2020,85.25,1,1,0.0,20.0,0.1996232655824764,False,-0.3077297436296093,-0.7446990547149666
"F & R ELECTRIC, INC.",2018,420.0,1,1,6.0,10.0,0.16989322945690394,False,-0.42709171271451574,0.42228994664659814
"F & R ELECTRIC, INC.",2019,100.0,1,1,4.0,18.0,0.19505865381550003,False,-0.3940180946460924,0.07071486954690881
"F & R ELECTRIC, INC.",2020,25.0,1,1,1.0,77.0,0.18848825945510805,False,-0.41188080757377704,-0.07926947150207707
"F & R ELECTRIC, INC.",2021,1325.0,1,1,1.0,33.0,0.20002336503697127,False,-0.3486182634667729,-0.4322293393773915
F3 TACTICAL INC,2020,2334.19,6,8,6.076923076923077,34.0,0.1301614183989852,False,-0.06864236663878166,0.6682651485660696
FACTORY DIRECT FOOD SERVICE EQUIPMENT CO,2019,67432.0,2,2,0.0,28.0,0.16130761540692667,False,-0.25517692250758545,-0.6615258062264872
FACTORY DIRECT FOOD SERVICE EQUIPMENT CO,2020,286719.0,3,2,2.0,100.0,0.0967020011612656,False,-0.37721217357325526,0.376824035504888
FARMERS MARKET LLC,2017,1030.5,6,2,0.7777777777777778,8.222222222222221,0.19463837668518746,False,-0.19439173773561894,-0.665787532680536
FARMERS MARKET LLC,2018,2303.0,7,2,0.3333333333333333,13.38888888888889,0.1930815910581568,False,-0.17845092126687234,-0.7149712363265645
FARMERS MARKET LLC,2019,8544.75,17,2,0.8666666666666667,27.583333333333332,0.17343394903829662,False,-0.07655700038527316,-0.47418359620604156
FARMERS MARKET LLC,2020,22287.575,38,3,0.5974025974025974,38.92857142857143,0.1390858295939919,False,0.24174079675435062,-0.4011765827540164
FARMERS MARKET LLC,2021,14351.7,20,3,0.6956521739130435,23.733333333333334,0.16639278987341305,False,0.020061614895187336,-0.5308461866143289
FARMERS MARKET LLC,2022,3476.9,8,2,0.6,1.0,0.1863133504093769,False,-0.1531552658974972,-0.7572876073559692
FARMVILLE WHOLESALE ELECTRIC SUPPLY CO,2020,70.44,1,1,0.0,33.0,0.19649570070129307,False,-0.32639979334252095,-0.6403427883504953
FARMVILLE WHOLESALE ELECTRIC SUPPLY CO,2021,26684.06,2,2,0.0,7.0,0.18154686071538223,False,-0.2273534753713819,-0.8381246150336213
FASTENAL COMPANY,2017,1181.498,7,6,0.0,25.5,0.18256947006906749,False,-0.0012685794480790768,-0.6703595892730102
FASTENAL COMPANY,2019,987.35,4,3,0.25,49.333333333333336,0.18266041836361713,False,-0.22162873539119773,-0.44420408802608763
FASTENAL COMPANY,2020,12056.5003,22,34,0.9675675675675676,41.4,0.0821682365125575,False,1.4661308143890415,-0.1990473016041971
FASTENAL COMPANY,2021,607.6484999999999,3,3,0.0,10.0,0.19211860849730666,False,-0.17297250565570263,-0.8134738136000415
FAYES OFFICE SUPPLY,2016,1521.9,13,15,1.565217391304348,3.727272727272727,0.1573276303851862,False,0.4966353553982379,-0.47285014835961675
FAYES OFFICE SUPPLY,2017,1281.64,17,14,2.5,98.77777777777777,0.10496687526067161,False,0.34600498397660767,0.4861182016049701
FAYES OFFICE SUPPLY,2018,7694.44,29,43,1.788888888888889,11.45,0.07100313730425128,False,2.0054712637780354,-0.22126352982090972
FAYES OFFICE SUPPLY,2019,9485.67,24,35,3.1724137931034484,10.55,0.08119484113340741,False,1.5347042926694974,0.018282567313617548
FAYES OFFICE SUPPLY,2020,5540.36,25,25,1.471264367816092,9.78125,0.11049786570077463,False,1.118859486191796,-0.38304642433334996
FAYES OFFICE SUPPLY,2021,3189.44,19,18,1.4871794871794872,6.566666666666666,0.14012714465846993,False,0.7150850407580663,-0.4444269359409724
FENS LAND SERVICES LLC,2019,7832.0,4,2,0.0,5.5,0.1920223955994042,False,-0.19951758311465387,-0.8509259769720905
FENS LAND SERVICES LLC,2020,16978.0,8,5,0.0,135.5,0.12572940893009454,False,-0.19175512926628005,0.21303867373747834
FERGUSON ENTERPRISES INC,2020,8253.2,4,3,0.0,189.75,0.11012764883523984,False,-0.417291188904534,0.632472027564842
FERRELLGAS LP,2019,40359.7176,2,2,9.0,1.0,0.10631596552715666,False,-0.41856653476737943,0.987199907572932
FERRELLGAS LP,2020,97096.75264,7,2,4.125,86.25,0.13172228315947787,False,-0.3621729322541855,0.6767455108059461
FERRELLGAS LP,2021,45259.3864,4,2,2.5,47.0,0.17612510459333863,False,-0.3126970256296373,0.009252221430309484
FERRELLGAS LP,2023,90328.7712,3,1,2.0,0.0,0.1723248935091335,False,-0.2916566291573262,-0.4688100166571787
FIFE MECHANICAL,2018,65.0,1,1,4.0,6.0,0.19270746726423277,False,-0.3767869910041297,-0.025623569402312276
FINKS INC,2020,95.0,1,1,1.0,0.0,0.2001884197881843,False,-0.30129768220846304,-0.6973831517700274
FIRE AND SAFETY EQUIPMENT CO INC,2018,685.0,1,2,0.0,12.0,0.1977727142031086,False,-0.2494043557235024,-0.804577644938062
FIRE PROTECTION EQUIPMENT COMPANY,2018,715.0,1,1,9.0,106.0,0.09918863645097581,False,-0.6318107181326711,1.8166001202118773
FIRE PROTECTION EQUIPMENT COMPANY,2020,2436.5,5,4,8.0,24.25,0.11973031998519035,False,-0.29809071043718,0.9713866668369037
FIRE SAFETY PRODUCTS INCORPORATED,2021,650.0,1,1,8.0,0.0,0.14073038315402964,False,-0.45729830217481743,0.757792054495831
FIRE SAFETY SYSTEMS INC,2018,793.0,2,2,1.0,334.5,0.07537819242865917,False,-0.7214474090744609,1.9936955682736925
FIRE SAFETY SYSTEMS INC,2019,395.0,3,2,2.75,8.0,0.1974695298211428,False,-0.2782132414203278,-0.26216227272088155
FIRE SAFETY SYSTEMS INC,2020,471.0,3,2,1.0,19.0,0.20315311743054187,False,-0.25499779959737506,-0.5376098924774066
FIRE SOLUTIONS,2017,123.75,1,1,0.0,63.0,0.19026030120120535,False,-0.3694795112293064,-0.39950341906529363
FIRE SOLUTIONS INC,2021,280.0,1,1,2.0,22.0,0.20438995733581156,False,-0.35517146142994266,-0.31287233208064025
FIRE-X CORP,2019,257.5,1,1,1.0,13.0,0.2050497897787124,False,-0.3199575736407403,-0.5929919934120828
FIRST PIEDMONT CORPORATION,2019,480.0,1,1,0.0,186.0,0.13057769066241742,False,-0.5460984667871135,0.5879650882010864
FIRST SOURCE SUPPLY INC,2019,714.0,1,1,0.0,5.0,0.19887983268118198,False,-0.28615233582874006,-0.8649897653178485
FIRST SOURCE SUPPLY INC,2021,266.7,1,1,0.0,5.0,0.198927412300823,False,-0.2861779621269057,-0.8650777873621819
FITZGERALD FARMS,2017,5376.0,3,1,0.5,3.0,0.1932944033516945,False,-0.2673964241871368,-0.7732444365874018
FITZGERALD FARMS LLC,2020,3360.0,1,1,1.0,5.0,0.20217204454724635,False,-0.3082910888586044,-0.6566025014702374
FITZGERALDS ORCHARDS,2016,11424.0,4,1,0.25,4.666666666666667,0.1922902832482669,False,-0.2504899245697322,-0.8091665950266194
FITZGERALDS ORCHARDS,2017,13258.0,5,1,0.6,5.2,0.18989250153496323,False,-0.2455714852856293,-0.7302960443503307
FITZGERALDS ORCHARDS,2018,11340.0,3,1,2.0,5.0,0.1977546079692573,False,-0.3033624428408247,-0.444215695655726
FITZGERALDS ORCHARDS,2019,20412.0,6,1,0.3333333333333333,4.166666666666667,0.18848891638025017,False,-0.22435266649822175,-0.7911396002121818
FITZGERALDS ORCHARDS,2020,54600.0,15,1,0.2,5.538461538461538,0.15120417739816405,False,-0.10096383934200752,-0.7878406855283682
FITZGERALDS ORCHARDS,2021,43008.0,10,1,0.7272727272727273,3.4444444444444446,0.16550839050277366,False,-0.1772783676907915,-0.7047041633955791
FLEMINGS ENGRAVING & AWARDS INC,2016,25.5,1,2,2.0,34.0,0.19887812290619017,False,-0.32561686247461646,-0.21236644033186045
FLOMEC INC,2021,100.0,1,1,4.0,217.0,0.118992187192901,False,-0.6798004827371684,1.6682130980133647
FLOWERS BAKING CO OF LYNCHBURG,2018,4.52,1,1,0.0,331.0,0.07227406093081717,False,-0.7543591059056118,1.7518777676208253
FLOWERS BAKING CO OF LYNCHBURG,2020,60035.03,4,4,1.0,48.0,0.17021234683780062,False,-0.1862465109642256,-0.28316353132971717
FLOWERS BAKING CO OF LYNCHBURG,2021,80033.28,4,2,0.8,2.0,0.16903062876512914,False,-0.2081870468800429,-0.6985212761721333
FLOYD LEE LOCUMS,2019,189200.0,2,1,5.5,351.5,-0.008084177234327639,True,-0.8821757820514688,3.098416128783852
FLOYD LEE LOCUMS,2020,928200.0,6,2,5.75,90.5,-0.035043878347341684,True,-0.3702642410975036,1.210720030966926
FLOYD LEE LOCUMS,2021,234000.0,2,1,8.5,135.0,0.029120378224065435,False,-0.6355661723739314,1.9928500773576483
FMB LAUNDRY INC,2018,2454.5099999999998,2,2,3.5,19.0,0.19828892901336298,False,-0.32399092944118174,-0.019028086506422324
FMB LAUNDRY INC,2019,1686.34,1,1,4.0,16.0,0.1955734533734087,False,-0.39105502671611325,0.05497177928996384
FMB LAUNDRY INC,2020,18416.0,7,5,0.6666666666666666,67.75,0.16807849510477613,False,-0.12261861880125018,-0.19344746471472193
FOAM TO SIZE INC,2017,98.84,2,3,4.0,29.666666666666668,0.18744348096103114,False,-0.30378709151354905,0.17429410528292869
FOAM TO SIZE INC,2020,392.64,1,1,1.0,64.0,0.19129950190460943,False,-0.39319054385062235,-0.1835563061252067
FOOD FIRST LLC,2020,560.0,1,1,1.0,120.0,0.1699856457149418,False,-0.4736021301543836,0.2660238680264498
FORENSIC PSYCHOLOGICAL SERVICES,2020,5903.67,1,1,0.0,0.0,0.19355115677508972,False,-0.27867455203951497,-0.9041066612300611
FORRESTER FARM EQUIPMENT  LTD,2021,27600.0,1,1,1.0,12.0,0.18852958195002234,False,-0.31695500000063714,-0.5956390218799718
FRANK DONIO INC,2016,17208.55,14,2,0.7894736842105263,6.529411764705882,0.17689247321118373,False,-0.08424731960415349,-0.6619624401714669
FRANK DONIO INC,2017,22361.25,12,2,0.44,3.76,0.17269356605599828,False,-0.09894690406850848,-0.7587740612696959
"FRANKLIN TRUCK AND TRAILER SERVICE, INC.",2016,1627.3999999999999,2,2,0.6666666666666666,24.0,0.19607866132328383,False,-0.2680627993625957,-0.568007984963037
FRANKLIN-SOUTHAMPTON CHAMBER OF COMMERCE,2020,277.0,1,1,9.0,26.0,0.1351629888101437,False,-0.5169484194264151,1.1743035851683177
FREEDOM FORD LM OF CLAYPOOL HILL LLC,2021,36.44,1,1,1.0,3.0,0.20217229118491892,False,-0.30560931438125993,-0.6733117876482019
FROEHLING AND ROBERTSON INC,2020,126768.86,16,7,0.9705882352941176,134.0,0.08623926308760521,False,-0.0042938904907826566,0.4446037014846258
FULTERER USA,2020,1053.0,1,1,1.0,118.0,0.1751282493854967,False,-0.4707017008491224,0.2500656245793609
GALE WELDING & MACHINE CO INC,2020,680.0,1,1,7.0,0.0,0.1561446393385454,False,-0.4350062382263499,0.5499313879892348
GED TESTING SERVICE LLC,2018,240.55,1,1,5.0,8.0,0.18554655234446765,False,-0.40193946357692034,0.1983328048908968
GENERAL PRODUCE LLC,2016,21364.5,9,2,3.75,9.4,0.17650813208832078,False,-0.22102732543845144,-0.030080864999984365
GENERAL PRODUCE LLC,2017,9078.75,4,2,3.8333333333333335,10.4,0.18644265257164844,False,-0.29192933156685535,-0.014523399528166886
GENSCO EQUIPMENT INC,2016,5396.0,1,4,3.0,32.0,0.18552146508647122,False,-0.25112276443635534,-0.011049449374477289
GENSERV LLC,2018,1350.0,2,2,3.0,19.0,0.19956416902250101,False,-0.3129090353991175,-0.12317872281997423
GENSERV LLC,2019,4575.0,2,1,0.0,451.0,0.03587166378141732,False,-0.9130474422611212,2.717567630053632
GENSERV LLC,2020,27788.21,10,3,2.68,24.666666666666668,0.17751593526472687,False,-0.15854978622356397,-0.12297949624581729
GENSERV LLC,2021,7444.09,5,1,3.75,12.125,0.19085180173046518,False,-0.32606409776172524,-0.021069107582158998
GENSERV LLC,2023,6105.0,5,1,6.0,0.0,0.14743271214852,False,-0.3588814720248199,0.3490321567695149
GERICHARDS GRAPHIC SUPPLIES OF VA INC,2017,120.0,1,1,0.0,43.0,0.19471222363305607,False,-0.3407578780214859,-0.5600567427855212
"GLENWOOD FOODS, LLC",2016,70493.7,20,1,0.9130434782608695,5.7272727272727275,0.1417624466036546,False,-0.04931388664582014,-0.6276047078183489
"GLENWOOD FOODS, LLC",2017,40968.9,31,1,0.46153846153846156,4.173913043478261,0.13445531496202334,False,0.10847952300570328,-0.7235129561796363
"GLENWOOD FOODS, LLC",2018,50462.45007,23,2,0.48148148148148145,5.583333333333333,0.14678295449914153,False,0.04630987869671172,-0.7137601103088598
"GLENWOOD FOODS, LLC",2019,82014.0,38,2,0.76,9.655172413793103,0.1302936462484101,False,0.23677525321165835,-0.59484515607515
"GLENWOOD FOODS, LLC",2020,131218.42,48,1,0.3218390804597701,12.023809523809524,0.09795508046186285,False,0.3329661576474004,-0.6467018936390682
"GLENWOOD FOODS, LLC",2021,224193.0384,53,1,0.8888888888888888,8.951219512195122,0.07971387496959537,False,0.39697008186079613,-0.5278260509833996
"GLENWOOD FOODS, LLC",2022,153441.04938,46,1,0.7457627118644068,0.25,0.09849468615689,False,0.31493638185584566,-0.6516749242250945
GLOBAL COMMODITY OF VIRGINIA INC,2018,569.1771,1,1,0.0,1.0,0.1945326485818355,False,-0.28041626327859787,-0.8971287814841855
GLOBAL INDUSTRIAL EQUIPMENT CO.,2017,636.84,1,1,0.0,7.0,0.19887983268118198,False,-0.2890289412130773,-0.8489496906905325
GLOBAL INDUSTRIAL EQUIPMENT CO.,2020,6816.11,3,5,2.2857142857142856,21.333333333333332,0.19948657729731284,False,-0.1462373138792381,-0.23769984833793484
GLOBAL TELLINK CORPORATION,2020,1325885.0,5,2,5.2,1.5,-0.02421187167772265,True,-0.22078943018963013,0.4587180099525689
GLOBAL TELLINK CORPORATION,2021,834590.0,4,3,3.0,56.0,0.03272004659179423,False,-0.2447431415512526,0.3449872178660055
GLOBAL TELLINK CORPORATION,2023,195360.0,1,1,3.0,0.0,0.12869636620867503,False,-0.3346914307420935,-0.2432247389236158
GOALTEX CORP,2019,269.29999999999995,2,1,1.5,7.0,0.20257032201027858,False,-0.30910461157443886,-0.5357472173368953
GOALTEX CORP,2020,208.8,3,2,3.25,82.0,0.17431605827140745,False,-0.39563991940933446,0.4357789382662839
GOOCHLAND AUTO PARTS,2018,447.24,2,2,0.0,6.5,0.1971212448273329,False,-0.2281385648111911,-0.8473014489787124
GOODRICH GOURMET CATERING CO,2017,103.5,1,1,3.0,10.0,0.19976229628268388,False,-0.3602388096913894,-0.20137204607914075
GRACEINSIDE,2020,941407.16,2,2,3.5,64.0,0.008017799390691471,False,-0.3348214801917763,0.526987267672622
GRAND RENTAL STATION,2020,3290.0,1,1,2.0,33.0,0.2008402384418284,False,-0.3707960317191966,-0.22397608628808816
"GREAT LAKES PACKERS, INC.",2017,2530.0,1,1,3.0,11.0,0.1977616113978874,False,-0.36153588529864367,-0.19286691737034506
"GREAT LAKES PACKERS, INC.",2018,22864.0,6,2,0.16666666666666666,8.75,0.18580320974641246,False,-0.1802769330588148,-0.7842837880745869
"GREAT LAKES PACKERS, INC.",2019,69800.0,13,1,0.7692307692307693,12.11111111111111,0.15644859030162528,False,-0.14898210591019567,-0.6167125972902877
"GREAT LAKES PACKERS, INC.",2020,73000.0,12,1,0.75,15.0,0.16071295749422793,False,-0.16589972959279947,-0.5983643341688787
"GREAT LAKES PACKERS, INC.",2021,31800.0,5,2,0.4,12.8,0.17796956205107523,False,-0.2041631390115989,-0.7029861614489948
GREENBRIER DODGE,2021,1106.58,1,1,4.0,1.0,0.18848311692001052,False,-0.36954685575315177,-0.06555674826082163
GREENER CONCEPTS LLC,2020,3233.28,2,3,0.8,79.0,0.1788732366708422,False,-0.30312563657077574,-0.09423239576990346
GREENLINE SERVICE CORP,2021,1214.05,4,1,2.823529411764706,220.27272727272728,0.10771038544449746,False,-0.6180699481628185,1.4545804961061106
GREGORY GRABER,2019,2500.0,1,1,2.0,4.0,0.20052616449973898,False,-0.3291946119974447,-0.45693279601364384
GREYHOUND LINES INC,2020,118.0,2,1,2.5,1.0,0.1931324121972458,False,-0.32278707051558386,-0.37607619661432556
GREYHOUND LINES INC,2021,2109.0,25,2,1.9736842105263157,23.392857142857142,0.1618036241074206,False,0.011463630180265196,-0.2671781487873679
GROWING TECHNOLOGIES LLC,2017,305.66,7,8,2.0,6.0,0.18608271164064727,False,0.07570893099389454,-0.40288872801793824
GT TONER,2016,147.99,1,1,2.0,167.0,0.15170807878283726,False,-0.5634124227826663,0.8511079371704583
GT TONER,2018,347.98,1,1,2.0,21.0,0.20439809735753223,False,-0.3537314743801481,-0.3208865839078162
GT TONER,2019,3643.67,3,2,5.6923076923076925,37.8,0.1623019510294178,False,-0.3864077294087433,0.5893077785109543
GT TONER,2021,178.98000000000002,2,2,2.0,14.0,0.2034448912806222,False,-0.283505317166062,-0.37141387879679866
GUERNSEY OFFICE PRODUCTS INC,2016,867.89,10,10,1.2727272727272727,7.25,0.17111474107343372,False,0.22390447581165532,-0.5310455617621318
GUERNSEY OFFICE PRODUCTS INC,2017,953.06,13,16,1.7272727272727273,7.666666666666667,0.15313265057114944,False,0.5341354512168848,-0.4034277845367874
GUERNSEY OFFICE PRODUCTS INC,2018,3923.9599999999996,16,25,2.088235294117647,12.352941176470589,0.1265612798560184,False,0.980893061777276,-0.24774679671666275
GUERNSEY OFFICE PRODUCTS INC,2019,7727.0,26,26,1.6896551724137931,16.38,0.10710295371818546,False,1.164823532570887,-0.27854829272940956
GUERNSEY OFFICE PRODUCTS INC,2020,16374.6,86,89,2.0494186046511627,38.46969696969697,-0.05717271548310254,True,4.876975286193035,0.32989939332493323
GUERNSEY OFFICE PRODUCTS INC,2021,12780.73,56,49,2.5074626865671643,35.904761904761905,0.030493154524681265,False,2.59672425126891,0.19058865057627714
GUERNSEY OFFICE PRODUCTS INC,2022,8212.58,40,40,2.126984126984127,2.0,0.05782211110246027,False,2.0183188435890074,-0.2231928413753916
"GUERNSEY, INC.",2020,1392.97,7,23,1.925,5.921052631578948,0.1337927735854817,False,0.7795907012162344,-0.3555321824437021
GUY BROWN,2016,54.19,1,1,6.0,3.0,0.1636169793679938,False,-0.41706002354564764,0.3660245556112202
"H & M SALES AND SERVICE, INC.",2019,631.6,1,3,2.0,56.0,0.19292116737597947,False,-0.3103738828442103,-0.03141490230530506
H C KUHLMAN SUPPLY INC,2016,103.9,1,1,0.0,8.0,0.198572696854393,False,-0.29049556632143464,-0.8410269361352841
H C KUHLMAN SUPPLY INC,2017,243.99,2,2,1.5,21.0,0.204793069026174,False,-0.2824090668824058,-0.4191409657980865
H C KUHLMAN SUPPLY INC,2018,462.22,3,3,0.3333333333333333,21.8,0.19343875910044533,False,-0.19735684283209112,-0.6494875494887884
H C KUHLMAN SUPPLY INC,2019,1693.04,9,3,3.1,43.53333333333333,0.18582207889870506,False,-0.209881932459326,0.10916897971693953
H C KUHLMAN SUPPLY INC,2020,6009.05,12,14,1.2545454545454546,112.5,0.1116443950685932,False,0.2874265339472917,0.33094231111993194
H&E EQUIPMENT SERVICES,2016,678.0,1,1,3.0,4.0,0.19690049034454893,False,-0.3515893415535869,-0.24942476868309332
H&E EQUIPMENT SERVICES,2018,9261.34,3,4,1.411764705882353,46.0,0.19279192301547743,False,-0.20884248714408415,-0.22509313103975984
H&E EQUIPMENT SERVICES,2019,15444.52,3,2,3.230769230769231,40.333333333333336,0.18801823744442708,False,-0.33450120470021694,0.1002951155651157
HAJOCA CORPORATION,2019,12.044,1,1,5.0,28.0,0.1868074963050333,False,-0.43067440298082127,0.3588404240550576
HALIFAX SECURITY INC,2016,68120.92,9,4,7.285714285714286,57.05882352941177,0.10504183360224323,False,-0.271998789508375,1.1051131222020656
HALIFAX SECURITY INC,2017,8087.17,6,5,2.0,21.833333333333332,0.19937116684915224,False,-0.10037115694930814,-0.2884015222885773
HALIFAX SECURITY INC,2018,14689.51,6,5,4.857142857142857,20.5,0.1730106137431287,False,-0.16176481253624342,0.29609870104798525
"HALL AUTOMOTIVE, LLC",2021,29593.0,1,1,9.0,112.0,0.08485117354963478,False,-0.6387728208630868,1.8704486605236905
HAMPTON ROADS REGIONAL JAIL,2021,900000.0,1,1,7.0,225.0,-0.06501326873531033,True,-0.7066040185729222,2.533120893031633
HAMPTON ROADS TRANSIT,2017,1064.0,1,1,2.0,195.0,0.1365104825857984,False,-0.6035705308535002,1.0760618145171557
HANDY RENTALS INC,2019,1182.08,3,2,1.3333333333333333,97.0,0.1767581621293452,False,-0.3744023835238057,0.15797397879397346
HANDY RENTALS INC,2020,125.0,1,1,3.0,76.0,0.1810452180271404,False,-0.45501967649613106,0.3284557178630576
HAPPY SMITH,2019,29854.5,4,1,3.75,158.66666666666666,0.11685368156300463,False,-0.5486084596355512,1.1582481613025923
HAPPY SMITH,2020,41184.0,2,1,2.0,115.0,0.1582636289904068,False,-0.47300371647364636,0.4432214405349194
HAROLD W COLLINS CLEARING & GRADING,2019,4732.0,2,1,4.0,8.0,0.19260054150207906,False,-0.36601089413382065,-0.007174969332330001
HAROLD W COLLINS CLEARING & GRADING,2023,650.0,1,1,1.0,0.0,0.20033967874665454,False,-0.30126588566144336,-0.6972739359537856
HARPOS HARDWARE & BUILDING SUPPLY INC,2020,538.75,2,2,6.0,34.0,0.16255822618967247,False,-0.4013679344698929,0.6206757846666562
HARPOS HARDWARE & BUILDING SUPPLY INC,2021,20.0,1,1,4.0,14.0,0.19610112604624425,False,-0.38827830832227844,0.038588609571445054
HARPOS HARDWARE LLC,2017,148.69,9,6,0.0,7.571428571428571,0.17647978823839672,False,0.05118114353606893,-0.811536866344593
HARPOS HARDWARE LLC,2018,832.03,7,8,0.0,9.894736842105264,0.175089184055908,False,0.1147265757412509,-0.7872527827462346
HARRIS GROUP PROMOTIONS AND SUPPLY LLC,2017,32.306,3,2,0.0,23.5,0.19517009947110642,False,-0.23919500344345157,-0.7094384592525782
HARRIS GROUP PROMOTIONS AND SUPPLY LLC,2018,249.46,4,3,0.5,29.666666666666668,0.1877263089445232,False,-0.19900044562523833,-0.5502593607273966
HARRISONBURG CONSTRUCTION CO INC,2020,3827.0,2,2,3.5,35.0,0.19384844378993438,False,-0.34688977645216224,0.10968406790793109
HARRISONBURG REFRIGERATION SERVICE INC,2020,2530.1000000000004,6,2,3.0,3.0,0.1904496707340329,False,-0.23634033086158718,-0.24548878632266544
HARRY MOORE JR MD,2019,48000.0,2,2,4.0,142.0,0.12298188561678214,False,-0.5091661174369122,1.081266281885674
HARRY MOORE JR MD,2020,16900.0,1,1,0.0,2.0,0.18653194157900743,False,-0.2809167452698741,-0.885887487055005
HARVEY ALMARODE,2020,1400.0,1,1,1.0,21.0,0.20482610531834927,False,-0.331380857806482,-0.5285461319486189
HAYNSWORTHS INC - OFFICE PLUS BUSINESS,2018,728.5,4,6,8.818181818181818,3.727272727272727,0.10257578868573564,False,-0.20672991355458734,0.9833482588682358
HAYNSWORTHS INC - OFFICE PLUS BUSINESS,2019,1099.16,9,16,1.391304347826087,4.739130434782608,0.15673874089199824,False,0.4923132682435957,-0.5026365833346476
HAYNSWORTHS INC - OFFICE PLUS BUSINESS,2020,814.2,6,11,0.9047619047619048,12.761904761904763,0.1715609402369641,False,0.21746654184576342,-0.5649716547083881
HAYNSWORTHS INC - OFFICE PLUS BUSINESS,2021,554.88,8,11,1.0,4.933333333333334,0.17059310593882232,False,0.2533331555039671,-0.6051208487338132
HAYNSWORTHS INC - OFFICE PLUS BUSINESS,2022,407.96999999999997,4,5,1.625,0.0,0.19115728176847607,False,-0.0878593514510913,-0.5460824349466734
HAZELDEN PUBLISHING AND EDU MATERIALS,2018,193.75,1,2,15.0,56.0,0.04046480514675288,False,-0.6469757439159703,2.6665399239752854
HAZELDEN PUBLISHING AND EDU MATERIALS,2020,282.95,1,1,4.0,132.0,0.14944800857673723,False,-0.557722147125111,0.9859006103297004
HAZELDEN PUBLISHING AND EDU MATERIALS,2021,1162.76,3,3,12.166666666666666,15.166666666666666,0.08438726236131916,False,-0.4515597135972,1.757154777931243
HEAT SMART PLUS INC,2021,400.0,1,1,3.0,30.0,0.1950172938982766,False,-0.3889436709367954,-0.04076111347566126
HEATHSVILLE KILMARNOCK ANIMAL CLINIC,2019,53.0,1,1,10.0,0.0,0.11911263792763693,False,-0.5019131953794099,1.1734077138273629
HEAVENLYCREATIONS BAKING & CATERING CO.,2020,250.0,1,1,8.0,2.0,0.14137510999742364,False,-0.4601934034100378,0.7737685989715876
HEC SOFTWARE INC,2017,5000.0,1,1,12.0,24.0,0.09966246000303458,False,-0.5806766845194843,1.7827774535404135
HEC SOFTWARE INC,2020,75950.0,1,1,28.0,60.0,-0.04735725065727148,True,-0.9849567326457487,5.411599142770103
HEC SOFTWARE INC,2021,75950.0,1,1,7.0,45.0,0.12006464551873974,False,-0.49531809706860946,0.9259867320896094
HELP SAVE THE NEXT GIRL,2020,650.0,2,1,1.0,6.0,0.20208075265946573,False,-0.29650153585134964,-0.6476332155114026
HENRY SCHEIN INC,2018,573.17,12,9,2.8125,40.666666666666664,0.17249413964387172,False,0.12153562431072483,0.05594579653961497
HENRY SCHEIN INC,2019,2136.25,15,14,2.5454545454545454,22.176470588235293,0.1514129466115945,False,0.428285494817192,-0.12214192986398857
HENRY SCHEIN INC,2020,24730.26,24,28,1.9294117647058824,50.170731707317074,0.09248352455091785,False,1.1787695656157475,0.05139350099174249
HENRY SCHEIN INC,2021,1947.04,16,14,1.037037037037037,7.9523809523809526,0.15110933641979296,False,0.4957058130485078,-0.5484395111588071
HERITAGE ELECTRICAL CORP,2018,1429.3,1,1,5.0,10.0,0.18869899379823307,False,-0.404743543615604,0.2146219919397238
HERITAGE FOOD SERVICE GROUP INC,2017,415.71999999999997,3,4,1.0,39.0,0.19290698202539425,False,-0.1901182379699801,-0.36861934072928454
HERITAGE FOOD SERVICE GROUP INC,2018,1276.5,6,6,0.625,33.25,0.18372130863235275,False,-0.03970522278545182,-0.47968510571182954
HERITAGE FOOD SERVICE GROUP INC,2019,1921.7,16,7,2.375,23.466666666666665,0.18020869314493726,False,0.11598473857176975,-0.17535474623376215
HERITAGE FOOD SERVICE GROUP INC,2020,2205.368,11,8,0.2631578947368421,42.38461538461539,0.1637849964657564,False,0.11580452460013659,-0.4655643216985944
HERITAGE FOOD SERVICE GROUP INC,2021,1218.08,6,3,2.0,26.6,0.2018015899754536,False,-0.20121464501707637,-0.25993706923064125
"HERITAGE HOME CENTER DBA CAHILL, INC.",2016,759.3199999999999,5,5,1.5714285714285714,70.0,0.1787876020441505,False,-0.17379066054289846,0.0062599913659651465
HERTZLER FARM & FEED INC,2018,296.0,2,1,0.0,4.0,0.19668981578805916,False,-0.27135928687101973,-0.8716247061332755
HERTZLER FARM & FEED INC,2020,300.0,2,1,0.0,0.0,0.19268023204760615,False,-0.265614688096846,-0.9037344361473623
HERTZLER FARM & FEED INC,2021,109.9,1,1,0.0,0.0,0.19533116246191395,False,-0.27900648335523864,-0.9052467897339666
HERTZLER FARM & FEED INC,2022,344.0,1,1,0.0,0.0,0.1954343108930764,False,-0.2789930715144146,-0.9052007223058904
HHM PORTA TOILET LLC,2019,3640.0,1,1,5.0,554.0,-0.03282105947439751,True,-1.1858511571769677,4.582087358196057
HIGH-TECH MACHINE MFG INC,2017,1431.25,3,3,1.6666666666666667,17.666666666666668,0.20048307836740087,False,-0.22108593775238986,-0.40532229964826355
HIGH-TECH MACHINE MFG INC,2018,3426.924,3,3,3.2,46.25,0.1917543825986311,False,-0.2961984406108641,0.1432555641703779
HIGH-TECH MACHINE MFG INC,2019,3018.396,3,2,0.0,6.571428571428571,0.19572384665173959,False,-0.21471293432197736,-0.8447471365891378
HIGH-TECH MACHINE MFG INC,2020,12294.005000000001,4,2,0.2,8.4,0.19068423774070842,False,-0.2078846870587704,-0.7851944812323336
HIGH-TECH MACHINE MFG INC,2021,546.0,1,1,0.0,29.0,0.19742525239657616,False,-0.32062817838868485,-0.6723597223099749
HILTI INC,2018,1399.0,1,1,0.0,43.0,0.1943216639946868,False,-0.3406846027356511,-0.5598050544450288
HILTON GARDEN INN AND SUFFOLK CONF CTR,2019,6681.04,1,2,0.0,3.0,0.19361279940707504,False,-0.23613600451968508,-0.8756463762797164
HOBBS & ASSOCIATES INC,2020,2704.0,1,1,0.0,35.0,0.19357886035976002,False,-0.32912109866210615,-0.6237692839981288
HOLIDAY INN TANGLEWOOD,2017,320.08,1,1,3.0,1.0,0.19296134100886775,False,-0.3473015699680024,-0.2735780899277089
HOLIDAY INN TANGLEWOOD,2019,550.96,1,2,3.0,12.0,0.19883875932906625,False,-0.31628307066787975,-0.1810043118408809
HOLIDAY INN VALLEY VIEW,2017,1288.48,2,1,4.333333333333333,23.0,0.19267246893536477,False,-0.39517967820793515,0.18185069272784868
HOLIDAY INN VALLEY VIEW,2018,2380.0,2,1,2.5,323.0,0.08565084887328606,False,-0.7850792316969303,2.2092655626172553
HOMESTEAD MATERIALS HANDLING CO.,2021,300.0,1,1,1.0,1.0,0.19934700584432397,False,-0.30272202994041,-0.6893151815040809
HONEYBAKED HAM & CAFE,2021,41.94,2,1,1.0,14.0,0.20411662600291647,False,-0.3080251114825884,-0.5835318384430384
HOUGHTALING ASSOCIATES INC,2018,5118.11,2,3,4.333333333333333,25.666666666666668,0.19149705675428802,False,-0.3051852775981583,0.21246016314020377
HOUGHTALING ASSOCIATES INC,2019,23.4,1,1,0.0,22.0,0.20030641137228128,False,-0.3106054718875775,-0.7286559673054042
HOUGHTALING ASSOCIATES INC,2020,10794.970000000001,4,4,4.222222222222222,152.33333333333334,0.11487441088664263,False,-0.4107242799904779,1.2144883547124805
HOWARD UNIFORM COMPANY,2016,63.2,2,2,0.5,18.0,0.19411575754088617,False,-0.2558208021123841,-0.6511260005348052
HOWARD UNIFORM COMPANY,2018,9515.24,3,2,0.8571428571428571,82.5,0.1774623048188429,False,-0.34248717788459904,-0.0557708838649437
HOWARD UNIFORM COMPANY,2020,1717.46,2,2,3.5833333333333335,95.0,0.1653029340221484,False,-0.4350337071840978,0.6082489130407638
HTF MECHANICAL SERVICES INC,2018,1525.0700000000002,3,2,2.4,73.6,0.18180073598849894,False,-0.3645545392706124,0.1919192902128951
HTF MECHANICAL SERVICES INC,2019,77.0,1,1,3.0,318.0,0.08621581226172076,False,-0.802556787864953,2.2711325600546735
HULSING HOTELS VIRGINIA INC,2020,3949.64,1,4,1.0,0.0,0.1811088770451007,False,-0.16066998064526145,-0.6839513490644604
HYDRAULIC EQUIPMENT SERVICE CO.,2023,2128.15,2,2,0.0,0.0,0.19057627421006396,False,-0.2187076630530771,-0.8991502610536329
HYDROLOGIX,2020,470.44,1,1,1.0,16.0,0.20554675201799066,False,-0.32425365128648154,-0.568867202093663
I-CON SYSTEMS INC,2016,34.92,1,1,1.0,14.0,0.20554675201799066,False,-0.32140641789083996,-0.585008164585251
ID NETWORKS INC,2016,20532.0,3,3,4.333333333333333,26.666666666666668,0.1763547258071479,False,-0.29235738743673084,0.22499596340503358
ID NETWORKS INC,2018,1030.0,1,1,4.0,35.0,0.1886197718428947,False,-0.41837838478763223,0.20736757774277909
ID NETWORKS INC,2020,253233.0,6,5,3.727272727272727,39.0,0.10928791778801944,False,-0.14948091359160043,0.256689455762747
ID NETWORKS INC,2021,61124.0,7,1,3.5555555555555554,132.0,0.12826871164664078,False,-0.46404425247772035,0.9143377578449631
IDEAGEN INCORPORATED,2019,20362.61,1,1,6.0,9.0,0.15511860462352017,False,-0.42451308673265764,0.41818672894186265
IDEAGEN INCORPORATED,2020,21968.49,2,1,6.5,45.5,0.14376458023402122,False,-0.4746027252132642,0.8169194412285145
IDENTIFY YOURSELF,2016,21.0,1,1,4.0,38.0,0.18619404965188152,False,-0.422744468690428,0.23125190928732753
IDEXX DISTRIBUTION INC,2018,746.05,2,2,2.5,7.0,0.19931524432181558,False,-0.28456535490658247,-0.32356240777185263
IMC INSULATION MATERIALS OF VA,2018,70.02,1,1,0.0,6.0,0.1988253337695502,False,-0.2876253225381444,-0.8570888617972587
IMC INSULATION MATERIALS OF VA,2019,3175.52,3,3,0.0,8.714285714285714,0.19207350761381403,False,-0.1709789850177208,-0.8232897320104149
IMC INSULATION MATERIALS OF VA,2020,4560.702,5,3,0.0,92.0,0.16350961907545863,False,-0.2637437995208963,-0.1514804198619348
IMPRESS SYSTEMS,2019,6499.0,1,1,8.0,99.0,0.10387332472401384,False,-0.5991363545172862,1.5536783510381822
INCREDIBLE SUPPLY AND LOGISTICS,2021,516.76,4,3,1.0,5.5,0.19972916122135748,False,-0.175424737935829,-0.64027451614218
INDEED INC,2020,1800.0,1,1,1.0,194.0,0.13637977864577522,False,-0.5798019270031125,0.8603124491114531
INGE EQUIPMENT CO INC,2018,3536.0,1,2,6.0,77.0,0.14280259772793613,False,-0.4763290963242292,0.9649787139783247
INGERSOLL-RAND CO,2020,1052.0,1,1,1.0,250.0,0.12431758951032906,False,-0.6602659552659369,1.3097124939125602
INKMARTOFNOVA,2018,638.0,1,1,1.0,433.0,0.03868695295964519,False,-0.9230945834228738,2.77868718466324
INTEGRITY BUSINESS SOLUTIONS LLC,2018,39.95,1,1,0.0,22.0,0.20030641137228128,False,-0.3106045237202744,-0.7286527105094425
INTEGRITY BUSINESS SOLUTIONS LLC,2019,13096.710000000001,16,14,0.041666666666666664,12.61111111111111,0.13905262712288563,False,0.5118413718240628,-0.7157510866721049
INTEGRITY BUSINESS SOLUTIONS LLC,2020,10797.11,31,28,0.018518518518518517,12.192307692307692,0.08235625085829712,False,1.368772646352968,-0.643111258317091
INTEGRITY BUSINESS SOLUTIONS LLC,2021,6344.34,15,13,0.5161290322580645,18.85,0.14868806664793438,False,0.43173577784025585,-0.5740708686275139
INTERLINK COMPUTERS INC,2018,91.31,2,2,1.75,101.5,0.17320739370539984,False,-0.40359583878654587,0.2790197892917967
INTERSTATE OFFICE SUPPLY CO,2016,352.19,4,4,0.0,142.5,0.12427688627540928,False,-0.30308619188633257,0.2558361635373256
INTERSTATE OFFICE SUPPLY CO,2018,767.2,3,6,0.1111111111111111,49.22222222222222,0.17346057937352571,False,-0.09135994005277,-0.46281140438061835
INTERSTATE OFFICE SUPPLY CO,2019,199.54999999999998,2,5,2.0,75.0,0.17631475637839716,False,-0.23069891014804347,0.1309488220834327
INTERSTATE OFFICE SUPPLY CO,2020,1862.4199999999998,7,14,2.8461538461538463,7.24,0.16132636927066418,False,0.3359700337153212,-0.19139448975601808
INTERSTATE OFFICE SUPPLY CO,2021,71.44999999999999,1,3,0.0,20.0,0.19386170787320312,False,-0.2141259575190395,-0.7362529260900114
INTOPRINT TECHNOLOGIES INC,2016,79.59,2,2,3.5,25.0,0.1981477479371307,False,-0.3327435455775162,0.02867033998964192
INTOPRINT TECHNOLOGIES INC,2017,43.33,1,1,2.0,38.0,0.1966235452991847,False,-0.3781624989483148,-0.18447683662640182
INTOXIMETERS INC,2016,72.0,1,1,0.0,7.0,0.1988253337695502,False,-0.28906130150428216,-0.8490608428736786
INTOXIMETERS INC,2017,72.0,1,1,0.0,4.0,0.19915165846059169,False,-0.28475302429687904,-0.8731437307400073
INTOXIMETERS INC,2018,325.0,1,1,1.0,14.0,0.20554675201799066,False,-0.32138979889559766,-0.5849510811186285
INTOXIMETERS INC,2020,450.0,4,2,2.2,28.0,0.19763120856694288,False,-0.28129134436671005,-0.21445053258196234
IRVING FARMS MARKETING,2016,38808.0,9,1,0.1111111111111111,10.6,0.16844386502686626,False,-0.18744147826923593,-0.7776428605756677
IRVING FARMS MARKETING,2017,27127.5,5,1,1.4285714285714286,13.0,0.18864328499034771,False,-0.27444755062943404,-0.4927189219003677
IRVING FARMS MARKETING,2018,12600.0,2,1,0.0,10.0,0.19118627808436905,False,-0.27927093189027447,-0.8210376846293759
IRVING FARMS MARKETING,2019,13632.0,3,1,0.3333333333333333,9.5,0.18986591725532953,False,-0.2725429721460721,-0.7540846154933276
IRVING FARMS MARKETING,2020,113989.5,16,2,0.21052631578947367,10.307692307692308,0.14966697773055432,False,-0.04446184969855509,-0.7299806550498069
IRVING FARMS MARKETING,2021,73590.5,11,2,0.2727272727272727,9.625,0.1552761590443999,False,-0.11408694455733602,-0.7378562072856496
ITS YOUR FATE,2020,4500.0,1,1,1.0,6.0,0.20088749310080917,False,-0.3096618694347612,-0.6483505369913428
J & N TOOL AND SUPPLY LLC,2018,2797.0,3,3,0.0,20.5,0.19320234045704676,False,-0.1879260455790685,-0.7287528739757967
J & N TOOL AND SUPPLY LLC,2020,575.0,1,1,0.0,4.0,0.19920610402616928,False,-0.2847242068857962,-0.8730447477569988
J A LAVOIE EQUIPMENT SALES INC,2018,1309.0,1,1,0.0,21.0,0.20036890823860753,False,-0.3090957260781754,-0.7364306094710085
J B WILSON CORP,2019,13374.0,1,1,1.0,369.0,0.061944004948971676,False,-0.8304550105246812,2.267425167182746
J J KELLER & ASSOCIATES INC,2021,24.98,1,1,4.0,7.0,0.19270746726423277,False,-0.37822537619544744,-0.017603815459420757
J K LOGUE LLC,2019,53647.5,1,1,1.0,181.0,0.11543625660080048,False,-0.5581623267230921,0.7661560918395228
J K LOGUE LLC,2021,9352.8,2,2,1.0,19.0,0.2001663436896085,False,-0.26786985594602253,-0.537337029913805
J K LOGUE LLC,2023,1189.48,1,1,0.0,0.0,0.1951582703991998,False,-0.2789446330557223,-0.9050343443089245
J R THARPE TRUCKING CO INC,2020,86048.0,4,3,1.4,6.0,0.173301454421196,False,-0.18015874547702213,-0.5362827866418718
JA STREET CONSTRUCTION COMPANY INC,2021,457596.48,8,3,2.5,35.0,0.07844229824879295,False,-0.17151477588871264,0.00418673083429111
JAEMONT INVESTMENTS,2019,3400.0,1,1,0.0,0.0,0.19489401647400528,False,-0.278817989987041,-0.9045993465681699
JAMES MADISON UNIVERSITY,2019,19000.0,1,1,7.0,0.0,0.14359589101030829,False,-0.4339566657193194,0.5535364938514877
JAMES MADISON UNIVERSITY,2020,58767.09,2,2,0.0,0.8571428571428571,0.1597650678001517,False,-0.21669369359830307,-0.8811237277270355
JAMES RIVER COMMUNICATIONS INC,2016,2535.9300000000003,6,7,4.375,34.5,0.16802831648436217,False,-0.07821469038608243,0.31432132802380247
JAMES RIVER COMMUNICATIONS INC,2017,88366.43,19,13,2.388888888888889,39.0,0.11609567769665574,False,0.41927680288698294,-0.0009894538135052607
JAMES RIVER COMMUNICATIONS INC,2018,24628.22,18,10,2.263157894736842,62.5,0.14017553766314644,False,0.23089181876218318,0.13483361299008226
JAMES RIVER COMMUNICATIONS INC,2019,75963.73,19,5,2.6049382716049383,27.174603174603174,0.15159797674630043,False,0.05631447916523176,-0.08724595709251066
JAMES RIVER COMMUNICATIONS INC,2020,109829.95,20,19,5.393939393939394,45.25,0.04933798754650104,False,0.638741914778373,0.704877952335553
JAMES RIVER COMMUNICATIONS INC,2021,180074.77,27,14,4.04,31.333333333333332,0.05553251765558509,False,0.5525865995954737,0.31474702060176335
JAMES RIVER EQUIPMENT VIRGINIA LLC,2017,2699.14,3,3,0.3333333333333333,5.0,0.193171571559906,False,-0.17310233491755345,-0.7839115286687547
JAMES RIVER EQUIPMENT VIRGINIA LLC,2018,186.48,1,1,0.0,1.0,0.19447743889641989,False,-0.2804381884071285,-0.8972040906304016
JAMES RIVER EQUIPMENT VIRGINIA LLC,2020,2248.46,6,5,1.0909090909090908,23.333333333333332,0.1968280769895961,False,-0.08259585133313378,-0.466478659537956
JAMES RIVER EQUIPMENT VIRGINIA LLC,2021,6094.88,8,9,0.6923076923076923,8.666666666666666,0.17199499385124473,False,0.16154312745894311,-0.6464686313091238
JAMES RIVER SOLUTIONS,2018,174523.223,8,2,4.181818181818182,157.66666666666666,0.07649844256697791,False,-0.4481836115506873,1.27857396880164
JAMES RIVER SOLUTIONS,2020,284174.16000000003,11,6,2.923076923076923,99.16666666666667,0.07648474511407921,False,-0.10248054254810521,0.5902076375500579
JAMES RIVER SOLUTIONS,2021,182619.329924,7,5,6.636363636363637,3.3333333333333335,0.08249568680271108,False,-0.15376955409286186,0.5626526427475222
JAMIE J VALVANO,2020,3000.0,1,1,4.0,14.0,0.19354185426745762,False,-0.38810758091665876,0.03917502962982452
JDM SERVICES INC,2020,8800.0,1,1,1.0,388.0,0.05849033286561828,False,-0.8580028155518711,2.4190500279154588
JENKINS AUTO SERVICE & TIRE,2020,20.0,1,1,1.0,22.0,0.20466875812058682,False,-0.3328960118934312,-0.5207900663110385
JENKINS AUTO SERVICE & TIRE,2021,99.95,1,1,3.0,44.0,0.1928624286402829,False,-0.4090661547586105,0.07156665115159537
JETT AND COMPANY,2019,21262.98,3,2,0.5,12.0,0.18731731787671352,False,-0.23260878527163548,-0.6936450274553086
JETT AND COMPANY,2020,1873.65,1,2,0.0,42.0,0.19175192745372538,False,-0.2924190287603898,-0.5635148574820277
JIMMYS CARPET INC,2020,3527.41,1,1,0.0,177.0,0.13206003881018114,False,-0.5329990457678706,0.5163161099544857
JLP ENTERPRISES INC,2020,144.99,1,1,4.0,154.0,0.144956419989284,False,-0.5893240838562058,1.1624813061890662
JLP ENTERPRISES INC,2021,789.96,1,1,2.0,15.0,0.20572504903795102,False,-0.34508959845569886,-0.3689653844936938
JN HOOVER & ASSOCIATES,2018,23345.25,4,1,0.25,4.0,0.18878831638320281,False,-0.24884954839843074,-0.8121724216707169
JN HOOVER & ASSOCIATES,2019,201270.6,25,1,0.6,5.923076923076923,0.10843846146813896,False,0.03177963803801353,-0.657994449331793
JOHNSON ASSOCIATED FRUIT CO INC,2017,594.0,1,1,0.0,3.0,0.19853431987181985,False,-0.28328702595288996,-0.8810686381259394
JOHNSON CONTROLS  INC,2016,98393.0,1,1,3.0,67.0,0.14935886307982055,False,-0.4364649654459258,0.27554474765227527
JOHNSON CONTROLS  INC,2018,14218.65,3,3,1.3333333333333333,28.0,0.19567779953451903,False,-0.22776284027094051,-0.38914261525572413
JOHNSON CONTROLS  INC,2021,344090.69,20,10,1.391304347826087,21.0,0.06670180601498188,False,0.3549877270086805,-0.313726816010461
JOHNSON CONTROLS FIRE PROTECTION LP,2018,2506.92,1,1,1.0,1.0,0.19725148093827227,False,-0.30259559311960127,-0.6888808921902423
JOHNSON CONTROLS FIRE PROTECTION LP,2020,43972.45,17,7,2.68,91.0,0.13019349409069148,False,0.027992113294375877,0.43992703452114124
JOHNSON CONTROLS FIRE PROTECTION LP,2021,151736.18,9,6,1.4444444444444444,68.0,0.12570782284135185,False,-0.059112423730291706,0.003643198646429009
JOLLY'S AUTO SALES & SERVICE,2021,120.0,1,1,0.0,0.0,0.19533116246191395,False,-0.27900590471537395,-0.9052448022028962
JOSEPH T RYERSON & SON,2019,19389.15,2,1,2.1052631578947367,33.421052631578945,0.1871949983867871,False,-0.35944381248602963,-0.19407232022545498
JP INDUSTRIAL SERVICE INC,2019,510.0,1,1,12.0,10.0,0.09854867439729964,False,-0.5608286278148797,1.6695070777048884
JUNE SMALL BUSINESS SERVICES LLC,2017,101.18,2,2,0.5,8.0,0.19356224293057928,False,-0.24145770217265147,-0.7313948195186014
JUNE SMALL BUSINESS SERVICES LLC,2018,1202.77,10,8,1.3333333333333333,31.1,0.179729262371305,False,0.09471735090771702,-0.33537157409697727
JUNE SMALL BUSINESS SERVICES LLC,2019,581.06,4,6,2.875,52.5,0.1807267862165881,False,-0.14430492922488974,0.13945979898479696
JUNIORS WELDING AND METAL FABRICATION I,2020,77673.68,2,2,2.5,219.0,0.09430593222335032,False,-0.5846096775551198,1.39343322469554
JUPITER ASSOCIATES LLC,2016,16969.78,31,14,3.0,97.42857142857143,0.082621821576497,False,0.5250288459210749,0.6029569787901291
JUPITER ASSOCIATES LLC,2017,24862.99,64,12,1.6732673267326732,24.617021276595743,0.10043055355675395,False,1.0075837623889596,-0.2155529254572115
JUPITER ASSOCIATES LLC,2018,50578.59,74,35,2.564655172413793,76.87830687830687,0.0054181024258097565,False,2.124397333392221,0.5062426425813477
JUPITER ASSOCIATES LLC,2019,47595.87,63,24,1.13013698630137,40.51807228915663,0.04716008178310005,False,1.546403893912976,-0.14711220715456477
JUPITER ASSOCIATES LLC,2020,90195.1,76,47,1.6761904761904762,33.660714285714285,0.0018259177383984637,False,2.7969249158467235,0.03606462145815759
JUPITER ASSOCIATES LLC,2021,28796.95,58,52,2.691666666666667,65.39393939393939,0.008402469345464847,False,2.718355357228616,0.4843815967660976
JUPITER ASSOCIATES LLC,2022,40083.26,81,43,2.3503184713375798,7.0,0.0173598883161723,False,2.6970100257952683,-0.057213271427686764
JWC ENVIRONMENTAL INC,2020,54595.85,4,4,2.7333333333333334,103.0,0.1444914916010539,False,-0.30417980794787763,0.5175877839104562
KEEFE GROUP LLC,2021,312645.37,5,3,3.625,68.0,0.09227534938624299,False,-0.2924295812305116,0.46999931348705837
KEEFE SUPPLY COMPANY,2017,7056.0,2,1,1.0,3.0,0.20123881519919617,False,-0.29182625201294,-0.6704554970374695
KEEFE SUPPLY COMPANY,2020,526107.92,2,1,0.0,5.909090909090909,0.046307417502802206,False,-0.24397658730257415,-0.7528271995455532
KEENS STORAGE TRAILERS AND CONTAINERS L,2018,6350.0,2,2,1.5,26.0,0.20496917420310823,False,-0.2892397090135406,-0.3778012466224385
KEEPN IT ROLLING LLC,2020,806.50044,1,1,0.0,30.0,0.19665068217192683,False,-0.3220493464407217,-0.6642808303758184
KEEPN IT ROLLING LLC,2022,8500.0,2,1,0.0,0.0,0.1909891077137893,False,-0.26514490127601353,-0.9021207970605458
KENBRIDGE OFFICE & SCHOOL SUPPLY,2016,1239.07,16,9,1.5185185185185186,28.5,0.17931797684110273,False,0.2214131428265856,-0.30466836728281405
KENBRIDGE OFFICE & SCHOOL SUPPLY,2017,478.96,6,4,0.7777777777777778,23.555555555555557,0.193812174538528,False,-0.12283884283260715,-0.534356907597096
KENBRIDGE OFFICE & SCHOOL SUPPLY,2018,855.51,5,3,2.0,70.55555555555556,0.17968133513659967,False,-0.2777405606468781,0.09137554281211796
KENBRIDGE OFFICE & SCHOOL SUPPLY,2019,68.51,3,1,0.0,39.333333333333336,0.18942174564799763,False,-0.30873334734679264,-0.5865516265643355
KEY OFFICE SUPPLY INC,2017,53.34,2,3,4.0,2.3333333333333335,0.1859783296670079,False,-0.26453650592337635,-0.04513671567269918
KEY OFFICE SUPPLY INC,2018,128.93,1,2,5.0,35.0,0.18111732672036862,False,-0.3939180649097123,0.41928125264848054
KEY OFFICE SUPPLY INC,2019,57.39,1,1,3.0,6.0,0.19726419130858464,False,-0.3544970817730196,-0.23349163700233
KEY OFFICE SUPPLY INC,2020,564.6800000000001,4,3,2.0,24.0,0.20213748691359756,False,-0.22428004720933004,-0.28388737428619487
KEY OFFICE SUPPLY INC,2021,48.86,2,2,0.5,15.0,0.1950569044350836,False,-0.25151334645900675,-0.6752117103016833
KIDD TIRE AUTO PARTS,2020,215.93,2,1,5.75,2.0,0.1643017433078262,False,-0.39666117435564535,0.30753705656317326
KIDD TIRE AUTO PARTS,2021,765.71,3,1,2.0714285714285716,0.8571428571428571,0.19637395849649442,False,-0.29961089713788397,-0.46470626919619534
KIRKLAND PRODUCTIONS INC,2020,3200.0,1,1,0.0,60.0,0.18868999189557417,False,-0.3649949923502463,-0.42298094629249783
KITCHEN MASTER LLC,2017,200.0,2,1,1.0,14.5,0.20411662600291647,False,-0.3087341022563953,-0.5794869199213257
KITCHEN MASTER LLC,2018,5691.39,10,6,1.7666666666666666,27.535714285714285,0.18782550075429416,False,-0.003170573910613588,-0.28147437482850274
KITCHEN MASTER LLC,2019,2127.49,3,3,6.285714285714286,36.0,0.1508608442438163,False,-0.350334576124366,0.7021334992796663
KITCHEN MASTER LLC,2020,10011.05,15,5,1.7704918032786885,64.54545454545455,0.16628017669230877,False,-0.036055533601611706,0.0204215648884603
KITCHEN MASTER LLC,2021,2257.01,6,2,2.8,35.92857142857143,0.1910211718322799,False,-0.27918637869090096,-0.022777475983102473
KITCHEN SPECIALTIES,2017,425.0,2,2,15.0,12.0,0.04072687151522064,False,-0.5703935254212323,2.314844686568961
KITCHEN SPECIALTIES,2020,178.8,2,2,1.0,154.0,0.15127831037266076,False,-0.46226791860773975,0.5445876161462876
KITCHENS WELDING INC,2017,4309.98,1,1,10.0,71.0,0.09983306647318246,False,-0.6036318689911365,1.7442071042231282
KITCHENS WELDING INC,2018,4985.969999999999,1,1,3.0,15.0,0.19944433992349553,False,-0.36713954974529994,-0.1602731015337711
KLOKE TRANSFER,2016,3510.68,1,1,0.0,48.0,0.19318220282370457,False,-0.3477440843292318,-0.5192513605149469
KOGER LLC,2018,19570.0904,2,3,3.111111111111111,6.0,0.18545132450142482,False,-0.24887040224877888,-0.19663175075444736
KOGER LLC,2020,27233.95,3,2,1.0,35.25,0.18521799389248117,False,-0.27680102294276837,-0.4018943626081465
KPD INC. DBA ROTO-ROOTER,2020,910.0,1,1,2.0,320.0,0.0879149869287345,False,-0.7830909039876245,2.0794851706849857
KPD INC. DBA ROTO-ROOTER,2021,2327.6,2,1,3.5,27.0,0.19734256644968284,False,-0.3822892278350494,0.04094355165640628
KROGER LIMITED PARTNERSHIP I DBA KROGER,2021,378.01,3,2,2.5,3.5,0.1950479974816413,False,-0.2661792126805503,-0.35025659041790586
L2 SUPPLIES AND SERVICES LLC,2020,77.325,1,1,0.0,29.0,0.19737051565799502,False,-0.32065502928359374,-0.6724519506391228
LA PRILLAMAN CO INC,2018,582.0,1,1,0.0,13.0,0.20060120584568175,False,-0.2976486374704757,-0.8007947066612316
LABORATORY CORP OF AMERICA HOLDIN,2018,20500.0,3,2,2.6666666666666665,266.0,0.09799229876691418,False,-0.6457157154118075,1.7956002371528663
LABORATORY CORP OF AMERICA HOLDINGS,2019,33692.0,2,2,2.5,437.0,0.015412367807210892,False,-0.9001975790518716,3.134801463557056
LABORATORY CORP OF AMERICA HOLDINGS,2020,180716.27,10,4,3.3,343.0,-0.009102133458149253,True,-0.5739621802822836,2.595678176790882
LABORATORY CORP OF AMERICA HOLDINGS,2021,22500.0,4,3,3.0,177.0,0.10536834613020629,False,-0.4650358319242161,1.1565230244893043
LAERDAL MEDICAL CORPORATION,2019,39.77,1,1,0.0,8.0,0.198572696854393,False,-0.2904992403981201,-0.8410395559736545
"LAMBERT CLEANING, LLC",2021,430.0,1,1,0.0,21.0,0.20041627530231154,False,-0.30914608493372553,-0.736603583709705
LAND & COATES INC,2019,25.619999999999997,1,1,0.0,0.0,0.19533116246191395,False,-0.2790113118470996,-0.905263374795215
LAND & COATES INC,2020,76.14,1,1,0.0,25.0,0.20001156216392646,False,-0.3149107275636476,-0.7045627009847539
LAND & COATES INC,2023,1610.86,2,3,0.0,0.0,0.18852669428086177,False,-0.17193501078992446,-0.8950276339671945
LASERSERV INC,2017,1079.75,2,2,0.5,12.0,0.19518481827484557,False,-0.2471460084545636,-0.6990917342170107
LAUREL PARK TIRE & AUTO LLC,2019,55.0,1,1,6.0,1.0,0.16046163377067624,False,-0.41418779233494096,0.3499694564297238
LAW CLEANING & WASHING SERVICE,2020,360.0,1,1,6.0,28.0,0.1706085064900013,False,-0.4529448134234774,0.5667754667292997
LAWRENCEVILLE BUILDING SUPPLY INC,2016,2699.29,3,4,0.0,32.333333333333336,0.18821933480241587,False,-0.158123115222237,-0.6295540664817614
LAWRENCEVILLE BUILDING SUPPLY INC,2017,435.99,3,3,0.0,11.5,0.1916904331663905,False,-0.17513647875952418,-0.801466149528485
LAWRENCEVILLE BUILDING SUPPLY INC,2018,354.14,2,2,0.25,54.5,0.18747640524173959,False,-0.3026489202328394,-0.4100269213085918
LAWRENCEVILLE BUILDING SUPPLY INC,2020,386.86,1,1,4.0,15.0,0.19610112604624425,False,-0.38969338292071076,0.04668843149868329
LE BOX LUNCH LLC,2021,15.9,1,1,1.0,22.0,0.20314330629201843,False,-0.3328962467868417,-0.5207908731305819
LEADERSHIP SUCCESS INTERNATIONAL LLC,2020,9500.0,1,1,0.0,46.0,0.18883989553420832,False,-0.3445287649387172,-0.5341280092320784
LEBANON BLOCK & SUPPLY CO INC,2020,2205.89,3,2,1.6666666666666667,22.333333333333332,0.20214997255675027,False,-0.27454561070205763,-0.37193201403517034
LEE HARTMAN AND SONS INC,2016,9006.0,4,2,1.0,63.0,0.1866030439358401,False,-0.3043159817498589,-0.18123969691445915
LEE HARTMAN AND SONS INC,2017,3919.87,4,3,3.0,20.0,0.1954859101307848,False,-0.24063380037133972,-0.10747106945905688
LEE HARTMAN AND SONS INC,2018,1696.55,3,2,1.3333333333333333,61.666666666666664,0.19028488246672343,False,-0.32363097743022523,-0.12556768263290685
LEE HARTMAN AND SONS INC,2019,3719.9700000000003,2,1,3.4,46.8,0.1918726079102322,False,-0.40841505250720234,0.1793779524525451
LEE HARTMAN AND SONS INC,2020,916.5,1,1,4.0,23.0,0.195079474055126,False,-0.40115177849511274,0.11101369115108058
LEE HARTMAN AND SONS INC,2021,691.95,2,3,3.0,11.0,0.19591518387619467,False,-0.2546557082080402,-0.18330482953616697
LEE-MICHAELS INC,2016,1231.92,4,3,1.0,16.571428571428573,0.20020056890276106,False,-0.1912833601060159,-0.5512564589309857
LEONARD ALUMINUM UTILITY BUILDING INC,2019,5899.0,1,1,0.0,25.0,0.19906732282978717,False,-0.3145771296505316,-0.7034168479977957
LEONARD AUTOMOTIVE CONCEPTS INC,2021,244.0,1,1,3.0,64.0,0.18345194001091059,False,-0.4377797500285088,0.23214758384302783
LEWIS BOILER SUPPLY,2016,2216.6040000000003,1,1,1.0,232.0,0.12506577304148414,False,-0.6343495706055804,1.165444343609109
LEWIS BOILER SUPPLY,2017,10568.1,4,2,5.25,38.333333333333336,0.16589769176398655,False,-0.363536841935121,0.5044857683147488
LEWIS SUPPLY CO INC,2016,1013.11,6,6,0.0,0.0,0.1743327977712018,False,0.02196122546029093,-0.8765722171219613
LEWIS SUPPLY CO INC,2017,582.666,11,7,1.0,9.25,0.1773763273672278,False,0.1000691744096819,-0.5829356354892711
LEWIS SUPPLY CO INC,2018,167.69,2,2,0.0,0.0,0.19105464704423164,False,-0.21881997991536606,-0.8995360506736501
LEWIS SUPPLY CO INC,2019,628.79,4,3,0.0,7.333333333333333,0.19132011072977578,False,-0.15576081047161158,-0.833401719991594
LEWIS SUPPLY CO INC,2020,2901.57,6,3,0.0,17.333333333333332,0.1896777927263033,False,-0.14322971603543372,-0.7497282880936812
LEXIS NEXIS A DIVISION OF RELX INC,2020,62294.77,3,2,6.0,73.0,0.11709875913223539,False,-0.440456565123787,0.9473809457506294
LIEBHERR EQUIPMENT SOURCE,2018,997.5,1,1,0.0,1.0,0.194304108677822,False,-0.280391724198905,-0.8970444938533053
LIEBHERR EQUIPMENT SOURCE,2023,2443.22,1,2,0.0,0.0,0.19009724261264488,False,-0.23207051657875272,-0.9005632046332268
LIFESTAR AMBULANCE SERVICE INC,2021,70525.0,1,1,10.0,36.0,0.08603116881553952,False,-0.549575105180723,1.4762702186777095
LIGHTING UNLIMITED INC,2017,63.17,1,1,0.0,29.0,0.19737051565799502,False,-0.3206558402387705,-0.6724547361344002
LINKEDIN CORPORATION,2017,250.0,1,1,5.0,16.0,0.1896761209934305,False,-0.4134276613959966,0.2625556988217611
LINKOUS SUPPLY INC,2018,187.25,1,1,2.0,26.0,0.20406006868556414,False,-0.36092114478708576,-0.2807800667578896
LIVINGSTONE MED LAB LLC,2020,2398.0,1,1,3.0,24.0,0.1974537061757587,False,-0.3802126489527179,-0.0885337122698476
LLEWELLYNS TOWING AND REPAIR LTD,2019,181.0,1,1,3.0,6.0,0.19726419130858464,False,-0.35449000002315095,-0.2334673123770224
LUNENBURG COUNTY PUBLIC SCHOOLS,2020,175.0,1,1,0.0,0.0,0.19533116246191395,False,-0.27900275370620986,-0.9052339790138993
"LYNCHBURG FIRE EQUIPMENT COMPANY,INC.",2021,48.5,1,1,1.0,244.0,0.12623411462033735,False,-0.6517068924456069,1.261349244177023
Litchford's Garage,2020,392.0,1,1,1.0,2.0,0.20217229118491892,False,-0.3041528515639123,-0.6812694479718918
M & M COMBUSTION LLC,2020,976.0,3,2,2.0,52.0,0.19544505524862932,False,-0.3246502621017717,-0.06473217933004506
MADEL ENTERPRISES LLC,2020,8373.76,2,2,0.6666666666666666,396.0,0.039053880020090026,False,-0.8019026668590511,2.419597694631176
MAGAZINE SUBSCRIPTION SERVICE AGENCY,2019,95.95,3,1,0.6666666666666666,41.666666666666664,0.1907596572392301,False,-0.32694288769623064,-0.42923737839365395
MAGAZINE SUBSCRIPTION SERVICE AGENCY,2020,67.9,2,1,0.3333333333333333,16.333333333333332,0.19548917308763442,False,-0.2965142763345567,-0.7033733082668416
MAGAZINE SUBSCRIPTION SERVICE AGENCY,2021,59.92,1,1,4.0,2.0,0.1909242421221734,False,-0.3710429124329234,-0.05773508622650979
MAGNETIC CONCEPTS,2018,375.2,1,2,4.0,31.0,0.18815427593560152,False,-0.3658692410104299,0.17935262773376803
MAJOR SAFETY SERVICE INC,2017,232.0,3,3,2.3333333333333335,38.666666666666664,0.19108140436704862,False,-0.2661728146708896,-0.09840036592425709
MAJOR SAFETY SERVICE INC,2020,989.0,3,3,0.6666666666666666,19.333333333333332,0.19383806187165536,False,-0.20121441685187302,-0.5998965158433324
"MANAKIN AUTO CENTER, INC.",2019,266.3,5,4,0.0,11.666666666666666,0.18892170553440235,False,-0.101821452402399,-0.7929872922533379
"MANAKIN AUTO CENTER, INC.",2020,1241.75,4,3,0.0,1.1111111111111112,0.18595173169931067,False,-0.14679000727404434,-0.883230791854387
"MANAKIN AUTO CENTER, INC.",2021,555.0,2,2,0.0,0.0,0.19151500241780767,False,-0.2187977905088323,-0.8994598337767338
"MANAKIN AUTO CENTER, INC.",2023,154.65,1,1,0.0,0.0,0.19533116246191395,False,-0.2790039195796006,-0.9052379835938281
MARSH LP GAS COMPANY,2020,40547.074134999995,16,1,3.5,7.333333333333333,0.16356458691078546,False,-0.164523783318271,-0.08876290280923936
MARSH LP GAS COMPANY,2021,59235.658617,26,2,2.8518518518518516,2.0416666666666665,0.1376395393960858,False,0.039205004672783095,-0.2433192664967144
MARSH LP GAS COMPANY,2022,7537.915931,3,1,4.333333333333333,0.0,0.1837648197388162,False,-0.34841061181920197,-8.003936417777955e-05
MARSH LP GAS COMPANY,2023,35380.753296999996,5,1,2.8,0.0,0.17746617566130996,False,-0.28587512793434877,-0.3103798308730936
MARTIN CONTROL & EQUIPMENT CO INC,2019,1400.0,1,1,6.0,34.0,0.16751150195061631,False,-0.4615017851195439,0.615145899126626
MARTIN CONTROL & EQUIPMENT CO INC,2020,94001.0,3,3,0.6666666666666666,1.0,0.16118334299470582,False,-0.16955729860590768,-0.7287663293802907
MARTIN CONTROL & EQUIPMENT CO INC,2021,191675.0,3,3,1.0,77.0,0.12977158296880076,False,-0.2805345877364966,-0.030156843798189108
MARTINSVILLE GLASS CO INC,2018,30.0,1,1,1.0,96.0,0.1806463073059973,False,-0.43916627676528536,0.0732564689109421
MARTINSVILLE GLASS CO INC,2020,518.48,2,1,0.0,91.66666666666667,0.17142676639362242,False,-0.3972439747021653,-0.16782542436714612
MATT'S PRODUCE LLC,2016,93006.55,15,1,0.2222222222222222,1.0,0.14122387919652968,False,-0.09274117764867647,-0.8120966724721429
MATT'S PRODUCE LLC,2017,50892.0,10,1,0.3076923076923077,6.111111111111111,0.15865711899899781,False,-0.17130367219139364,-0.7689624396967377
MATTHEW MCCARTHY DO,2020,138248.0,6,1,6.666666666666667,122.2,0.058834787736090854,False,-0.5282806749078909,1.4960649078278867
MATTHEW MCCARTHY DO,2021,93600.0,3,1,3.3333333333333335,153.0,0.1222526445718421,False,-0.5409118148062994,1.0372164208697845
MAXIM HEALTHCARE SERVICES,2020,620260.0,5,2,3.3333333333333335,149.0,0.01471023464555865,False,-0.4314304304488208,1.1159191373944606
MAYO & ASSOCIATES INC,2016,49.0,1,1,1.0,377.0,0.0652443703905719,False,-0.8427071533282756,2.3290240379768794
MBH ENTERPRISES LLC,2020,18474.18,3,3,0.0,5.0,0.18487549918335294,False,-0.1647684508344996,-0.8500960900958449
MCCLUNG-LOGAN EQUIPMENT CO INC,2020,50985.0,2,2,4.666666666666667,1.0,0.1595452370179518,False,-0.3213663049720965,0.0885356695290406
MCCLURE CONCRETE PRODUCTS,2021,783.5,1,1,6.0,1.0,0.16063099147259613,False,-0.41414605578628527,0.3501128144876196
MCKESSON MEDICAL SURGICAL GOVT LLC,2021,5996.639999999999,4,3,0.5,1.6666666666666667,0.1887005605104174,False,-0.15846059623163586,-0.7739020205342306
MCKESSON MEDICAL SURGICAL INC,2023,3268.48,3,3,1.0,0.0,0.19745482442847706,False,-0.18074948494830032,-0.6853599240196903
MCKESSON MEDICAL-SURGICAL MINNESOTA SUPL,2019,952.17,14,13,1.0952380952380953,8.76923076923077,0.15755247307915693,False,0.4196143255673232,-0.537154176598489
MCKESSON MEDICAL-SURGICAL MINNESOTA SUPL,2020,248286.51,63,67,1.1142857142857143,81.40191387559808,-0.062972982656893,True,3.5120404322425367,0.3989362777450494
MCKESSON MEDICAL-SURGICAL MINNESOTA SUPL,2021,311969.17,35,28,1.3898305084745763,29.891304347826086,0.02095819925471598,False,1.3835663222606271,-0.1508143552319598
MEDIA GENERAL INC,2019,4438.75,1,1,1.0,14.0,0.20412500839272935,False,-0.3211541177328903,-0.5841415557779711
MEDIA GENERAL INC,2020,4438.75,1,1,0.0,8.0,0.19706633634648907,False,-0.2902472181018877,-0.840173901574859
MEDICAL CENTER RADIOLOGISTS INC,2021,99.0,1,1,12.0,34.0,0.09739151190533285,False,-0.5953183921062225,1.8620893018959204
MEHERRIN RIVER REGIONAL JAIL AUTHORITY,2021,77500.0,2,1,2.0,140.0,0.12826004608761982,False,-0.5068254438298087,0.6510586260563749
MELCO INTERNATIONAL LLC,2017,207.9,1,1,5.0,28.0,0.18840867771118647,False,-0.43066318217989685,0.35887896562786087
MELCO INTERNATIONAL LLC,2020,24095.440000000002,1,3,3.0,26.0,0.18612004572906427,False,-0.28823718735245796,-0.059759873178651196
MERCO BIOMEDICAL INC - EQUIPMNT AND SUPP,2021,14.95,1,1,2.0,12.0,0.20324633914442242,False,-0.3408257224048828,-0.39320078290010446
MERIWETHER GODSEY INC,2019,2262.18,1,1,2.0,0.0,0.19794511826238026,False,-0.3234638673511995,-0.4890901126379715
"METAL AND WOOD TECHNOLOGIES, INC.",2022,16.0,1,1,1.0,0.0,0.1986421012651835,False,-0.3013022082034443,-0.6973986978051321
MHM SERVICES INC,2021,25000.0,1,1,21.0,76.0,-0.006897498797232782,True,-0.8548207748793468,4.074949012224648
MICROWAVE SPECIALTIES INC,2020,3132.0,4,2,0.25,39.0,0.18880823049553963,False,-0.25346853295721444,-0.5309586439781333
MIDDLE PENINSULA GOLF CARTS INC,2021,8.3,1,1,2.0,11.0,0.20307789541565824,False,-0.33939001098806854,-0.40122972081082303
MILLER'S STORAGE BUILDINGS,2019,4684.0,2,1,0.2857142857142857,1.0,0.19077671627973447,False,-0.2731682864851658,-0.8354536517131224
MINE SAFETY APPLIANCES COMPANY LLC,2020,4630.0,2,1,1.0,396.0,0.052556053247708956,False,-0.8563495543324289,2.4839254124241696
MISSION BBQ ROANOKE VA LLC,2021,348.5,1,1,0.0,2.0,0.19722002166103997,False,-0.2818649985095093,-0.889144578194693
MOBIL SATELLITE TECHNOLOGIES,2019,4799.700000000001,1,1,1.0,43.0,0.1973923888253426,False,-0.3627801181906762,-0.3512692767658543
MOBILE-TEL,2017,75.0,1,1,3.0,1.0,0.19296134100886775,False,-0.3473156108648377,-0.2736263180578791
MOBILE-TEL,2019,359.95,2,4,1.75,59.75,0.18149460911497928,False,-0.2500190135815249,-0.047632024862374854
MOBILE-TEL,2021,20.0,1,1,0.0,1.0,0.19447743889641989,False,-0.2804477262254128,-0.8972368514395691
MOBILEXUSA,2017,180.0,1,1,0.0,0.0,0.19533116246191395,False,-0.27900246725083133,-0.9052329950876269
MODUFORM INC,2020,2475.98,2,2,4.0,291.0,0.08310892848158219,False,-0.7257520054811037,2.2684245900522235
MOJOHNS,2019,200.0,1,1,0.0,51.0,0.19242402116863117,False,-0.3522420339551708,-0.4958199656549527
MOJOHNS,2020,1635.0,6,2,1.55,153.58823529411765,0.1478050850237113,False,-0.420329232146875,0.6617950727950811
MONETIZE THYSELF,2019,4365.0,1,1,0.0,66.0,0.18271662479925782,False,-0.37354480266184903,-0.37458591573836025
MORSE WATCHMAN'S INC,2017,481.25,2,2,1.0,27.5,0.20263988620785922,False,-0.2805849020097246,-0.4708479711836767
MORSE WATCHMAN'S INC,2018,7601.6,7,6,4.111111111111111,19.166666666666668,0.17822256071574993,False,-0.08344359890483458,0.13462470579027735
MORSE WATCHMAN'S INC,2020,177.0,2,2,0.5,5.0,0.19415968502790398,False,-0.23714508115588795,-0.7554627871269346
MORSE WATCHMAN'S INC,2021,987.2,5,4,4.6,11.0,0.17903710031732806,False,-0.20335834432544345,0.15798903967290184
MOUNT ROGERS COMMUNITY SERVICES,2021,20000.0,1,1,5.0,162.0,0.12232400445729669,False,-0.6219656534109859,1.4384760837592543
MSC INDUSTRIAL SUPPLY CO,2016,1223.95,4,13,2.375,27.0,0.16148911990818932,False,0.2311134500517503,-0.13948056672371703
MSC INDUSTRIAL SUPPLY CO,2017,1896.0500000000002,3,3,1.6666666666666667,30.0,0.199276190444369,False,-0.23877111515750113,-0.3062234059670707
MSC INDUSTRIAL SUPPLY CO,2018,2487.02,3,10,1.7142857142857142,28.0,0.17880671243984436,False,0.09068950049010341,-0.2826930073493458
MSC INDUSTRIAL SUPPLY CO,2019,855.0999999999999,2,3,2.75,14.25,0.19864437791069578,False,-0.2537410751730089,-0.20914957134943218
MSC INDUSTRIAL SUPPLY CO,2020,96608.81,14,18,2.076923076923077,44.5,0.1081115414354909,False,0.5859112558284372,-0.006315390084933078
MSC INDUSTRIAL SUPPLY CO,2021,54247.61,20,25,2.0,19.294117647058822,0.10266976325513821,False,1.029298399091629,-0.19456404201863953
MURRAY AUTOMOTIVE,2020,162.78,2,1,1.5,2.0,0.2018377139066984,False,-0.30193025220748493,-0.5759063253460843
MURRAY AUTOMOTIVE,2021,3615.0600000000004,3,2,2.888888888888889,0.0,0.19376869926983908,False,-0.2696359027793584,-0.2968792897511531
MURRAY ENTERPRISES LLC DBA MUR AUTOM,2021,7785.65,4,4,6.1,0.0,0.1409502736448811,False,-0.2339882594338235,0.3813478625963709
Mar-Bar Tire Service,2018,821.74,1,1,5.0,5.0,0.18465455229743222,False,-0.3975978893692245,0.17436428664662518
Mecklenburg County Landfill,2020,780.0,1,1,2.0,322.0,0.0850721305203529,False,-0.7859705366324025,2.0955148471794534
N 2 DOORS,2021,1450.0,1,1,0.0,1.0,0.194304108677822,False,-0.2803657999871457,-0.8969554485256487
N G SLATER CORPORATION,2018,4592.0,1,1,3.0,52.0,0.18860039833520537,False,-0.42029753960170346,0.13667165466423553
NAPA OF FARMVILLE,2021,5.98,1,1,1.0,5.0,0.2008333915505771,False,-0.3084832442723615,-0.6572625231495013
NATIONAL FATHERHOOD INITIATIVE,2020,51171.200000000004,4,3,5.2727272727272725,30.363636363636363,0.15044207002262622,False,-0.3034697357819629,0.45744674922417944
NATIONAL GLASS LLC,2020,355.88,1,1,8.0,14.0,0.14687275632187968,False,-0.4774204462605539,0.8701209860596469
NATIONAL HARDWARE AND SUPPLY CO INC,2016,2798.81,9,8,1.8,14.5,0.1864984932518685,False,0.09486485831136775,-0.3727866884995039
NATIONAL HARDWARE AND SUPPLY CO INC,2017,6875.29,9,7,2.3333333333333335,24.0,0.18981867121839668,False,0.0227650539332279,-0.189084270531718
NATIONAL HARDWARE AND SUPPLY CO INC,2018,7081.39,12,12,0.2608695652173913,35.94285714285714,0.14730008420290353,False,0.3259759025499174,-0.49841987357690515
NATIONAL HARDWARE AND SUPPLY CO INC,2020,833.8,1,1,0.0,5.0,0.19887983268118198,False,-0.2861454723578698,-0.8649661904443604
NATIONAL RESTROOM TRAILERS LLC,2020,62396.61,1,1,0.0,14.0,0.1638003834365046,False,-0.2955433043713704,-0.7806028736124182
NATIONAL SOFTWARE ESCROW INC,2017,300.0,1,1,1.0,5.0,0.20232326670684836,False,-0.3084663995502808,-0.6572046643489763
NATIONAL SOFTWARE ESCROW INC,2020,75.0,1,1,20.0,6.0,0.019836878612729203,False,-0.7334319415525147,3.300243519477927
NATURES WAY FARMS INC,2016,94503.5,30,1,0.24242424242424243,8.411764705882353,0.12304218218565521,False,0.0969638586132456,-0.7259797000573239
NATURES WAY FARMS INC,2017,153847.55,45,1,0.6862745098039216,7.615384615384615,0.10213298705985274,False,0.29232740616155517,-0.6063089068669015
NATURES WAY FARMS INC,2018,94604.5,27,2,0.4642857142857143,9.214285714285714,0.1333222454699846,False,0.09753135757994531,-0.6736003124079019
NATURES WAY FARMS INC,2019,167868.0,55,1,0.390625,13.294117647058824,0.08615560777320391,False,0.42537463934711,-0.6046693278842342
NB HANDY CO,2017,10.66,1,1,0.0,0.0,0.19376222178476166,False,-0.27901216892159225,-0.9052663187026222
NCCER,2020,490.0,1,1,16.0,14.0,0.0446896933066383,False,-0.6557355241110504,2.533079939411827
NCS PEARSON INC,2021,37.5,1,1,3.0,9.0,0.19821399543342139,False,-0.35880649849991864,-0.20941266319471324
NCS PEARSON INC CERTIPORT BUSINESS GROUP,2018,7400.0,2,2,2.0,91.0,0.17845940994574394,False,-0.3936707321525436,0.24813456669734185
NCS PEARSON INC CERTIPORT BUSINESS GROUP,2019,7219.0,5,3,3.7,34.8,0.18542012221485615,False,-0.26392129464768815,0.15896860790616285
NCS PEARSON INC CERTIPORT BUSINESS GROUP,2020,19771.75,4,4,1.1111111111111112,51.888888888888886,0.18824750440970245,False,-0.19661474639848614,-0.23677190722317812
NCS TECHNOLOGIES INC,2021,1521.1399999999999,7,6,5.9,32.0,0.13942768530624683,False,-0.14209675838414088,0.6082996010204033
NELSON AUTO PARTS LLC,2018,62.980000000000004,2,2,4.5,0.0,0.18223444482429607,False,-0.31913253233678734,0.03584290923139158
NETWORKING TECHNOLOGIES AND SUPPORT,2019,25300.0,2,1,2.5,5.0,0.1879297506583636,False,-0.32708873625689355,-0.33901023318065904
NEW READERS PRESS,2017,81.89,1,1,15.0,12.0,0.0547866849951722,False,-0.6305963751508268,2.309077800739834
NEW READERS PRESS,2018,81.89,1,1,3.0,3.0,0.19584082807269548,False,-0.35018740093426143,-0.25756970362992343
NEW READERS PRESS,2019,45.9,2,1,3.0,9.5,0.19677027155092303,False,-0.34614315923121647,-0.20392225084446153
NEW READERS PRESS,2020,750.63,1,2,1.0,52.0,0.19548320057342322,False,-0.32913463702510853,-0.2755929883065322
NEW READERS PRESS,2021,68055.99,2,2,20.525,100.875,-0.03826107270803325,True,-0.8173057428415168,4.190071820792365
NEW RIVER OFFICE SUPPLY INC,2018,295.32,2,2,4.0,13.0,0.19330467528300954,False,-0.32664324995223853,0.03631452603939449
NEW RIVER VALLEY COMMUNITY SERVICES,2017,48000.0,1,1,4.0,0.0,0.16775954928600018,False,-0.36542418887510336,-0.06435644396100089
NEW RIVER VALLEY COMMUNITY SERVICES,2019,48000.0,1,1,11.0,399.0,-0.044631644753335586,True,-1.0944574739730974,4.593733632710306
NEW RIVER VALLEY COMMUNITY SERVICES,2020,18000.0,1,1,17.0,33.0,0.03480785171845652,False,-0.7043084582384288,2.896917175768921
NEW RIVER VALLEY COMMUNITY SERVICES,2021,36000.0,2,1,2.5,181.0,0.11471322727636402,False,-0.5792279845811014,1.0759581238669869
NEW RIVER VALLEY COMMUNITY SERVICES,2023,53000.0,2,2,2.0,0.0,0.17507271239906824,False,-0.260373850475547,-0.4734062909765545
NEXTIRAONE FEDERAL LLC,2018,79172.1,6,2,3.4444444444444446,836.0,-0.07757865382768558,True,-1.4381212195886197,6.548993568953252
NEXTIRAONE FEDERAL LLC,2019,4206.5,2,2,1.3333333333333333,109.0,0.16985531792702735,False,-0.40484312430311553,0.25342574680894553
NICKEY GREGORY COMPANY,2019,14240.5,6,2,0.1875,3.5,0.18882676704749474,False,-0.17369587972925954,-0.8237952659397498
NIGHT VISION DEPOT INC,2020,81785.73999999999,2,2,0.8,11.0,0.1702591262458893,False,-0.2477732866335114,-0.6288776437055167
NOLAND CO,2016,10.75,1,1,1.0,3.0,0.2006352123298087,False,-0.3056107861889949,-0.6733168430613896
NORFOLK BANANA DISTRIBUTORS,2016,73029.5,79,2,0.7216494845360825,3.3666666666666667,0.06861855156295193,False,0.7947633163180621,-0.5945940231232982
NORFOLK BANANA DISTRIBUTORS,2017,153491.0,116,2,0.554140127388535,4.474137931034483,0.016336754443369128,False,1.296609908856756,-0.5501166588749149
NORFOLK BANANA DISTRIBUTORS,2018,122707.1,94,2,0.4142857142857143,6.701923076923077,0.045536174991199385,False,1.0003844709890974,-0.5998104839583681
NORFOLK BANANA DISTRIBUTORS,2019,166803.9,123,2,0.472636815920398,5.802631578947368,0.007126984717955143,False,1.3909478461072862,-0.5434494227781558
NORFOLK BANANA DISTRIBUTORS,2020,340706.38,164,3,0.7643097643097643,4.6118721461187215,-0.06201309348589046,True,1.9915388177047781,-0.393460743702094
NORFOLK BANANA DISTRIBUTORS,2021,342872.0,152,4,0.8868613138686131,3.3411214953271027,-0.05120566993123876,True,1.8769875250776538,-0.3912362408854156
NORFOLK BANANA DISTRIBUTORS,2022,284468.7,131,3,0.6405529953917051,0.38095238095238093,-0.02190074272618292,True,1.5555816339326027,-0.5128898157963064
NORFOLK BANANA DISTRIBUTORS,2023,116406.43,49,3,0.6781609195402298,0.0,0.1054037666405086,False,0.44842780846387853,-0.6621481728568906
NORFOLK BEARINGS & SUPPLY CO.,2017,1203.4,3,3,3.3333333333333335,25.0,0.1974972260462874,False,-0.26878091116908115,-5.35722770889671e-05
NORFOLK STATIONERY CO INC,2019,494.07,2,4,2.8,98.0,0.16133770348492543,False,-0.3283467265738469,0.4777110868390881
NORIX GROUP INC,2017,607.5,1,1,5.0,27.0,0.18856530328878518,False,-0.429204196263575,0.35092997172677887
NORIX GROUP INC,2020,2964.0,1,2,1.0,29.0,0.19870080608001123,False,-0.29597770542010404,-0.45979290336965384
NORTH CAROLINA CORRECTIONAL ENTERPRISES,2017,5490.0,3,1,2.6666666666666665,12.666666666666666,0.2027720431575169,False,-0.3295678675301191,-0.2452440181377201
NORTH CAROLINA CORRECTIONAL ENTERPRISES,2018,57513.0,19,2,3.0526315789473686,13.588235294117647,0.15395967217246642,False,-0.07561740677659523,-0.11955590757077451
NORTH CAROLINA CORRECTIONAL ENTERPRISES,2019,44598.0,20,2,1.6363636363636365,17.15,0.16253141377457336,False,-0.036522338669178166,-0.38642467726691937
NORTH CAROLINA CORRECTIONAL ENTERPRISES,2020,84747.9,31,1,2.735294117647059,20.962962962962962,0.12913511114220583,False,0.036194243463304326,-0.10748383625950773
NORTH CAROLINA CORRECTIONAL ENTERPRISES,2021,30424.9,12,2,2.4285714285714284,19.875,0.17598797814948397,False,-0.16595350158153838,-0.21446448567883072
NORTH CAROLINA CORRECTIONAL ENTERPRISES,2022,35136.0,6,1,2.0,0.0,0.1827657161739465,False,-0.2546759697161607,-0.47524630605458984
NUKUMERS LOGISTICS LLC,2019,4783.33,9,4,0.0,0.2,0.17983313977187743,False,-0.031571857113449134,-0.8782487776943128
NUKUMERS LOGISTICS LLC,2020,7954.113,7,2,0.0,4.8,0.19130244818705067,False,-0.15836260977309818,-0.8520964533072746
NYS DOCCS OFFICE OF NUTRITIONAL SERVICES,2019,14196.48,1,1,1.0,60.0,0.18715082286970552,False,-0.3866553373982051,-0.21295043111297488
NYS DOCCS OFFICE OF NUTRITIONAL SERVICES,2021,268357.92,10,1,2.1555555555555554,32.8125,0.1062606115486942,False,-0.23837998712991432,-0.12771050651015034
NYS DOCCS OFFICE OF NUTRITIONAL SERVICES,2022,100972.32,6,1,2.7142857142857144,0.0,0.16774059001563524,False,-0.26682581127691485,-0.3138145675942675
OAK HALL INDUSTRIES LP,2018,351.0,2,1,1.6363636363636365,156.54545454545453,0.1512352952185173,False,-0.5269006145193432,0.6931097723032265
OD TARAGIN & BROS LLC,2017,936.0999999999999,3,3,2.0,56.0,0.1932158098053442,False,-0.28359462926185625,-0.028405091775860994
OD TARAGIN & BROS LLC,2018,2305.16,3,3,1.0,180.0,0.12687280745587404,False,-0.4393013070315438,0.7594237807886641
OD TARAGIN & BROS LLC,2019,612.36,1,1,7.0,15.0,0.16526796428574764,False,-0.4565514994317267,0.6703325167662638
OFFICE DEPOT INC,2018,81.97,2,2,3.0,9.5,0.19662843634448446,False,-0.2993388043784083,-0.19969073066959844
OFFICE DEPOT INC,2020,1084.98,5,6,1.125,11.333333333333334,0.19297601232920492,False,-0.03276791351785274,-0.5532033289470575
OFFICE DEPOT INC,2021,919.7700000000001,1,1,0.0,35.0,0.19465358081418999,False,-0.3292233191181225,-0.6241203941527472
OHD LLLP,2020,34001.2,2,1,0.0,7.5,0.17544300632468035,False,-0.274454603114593,-0.8368953172629293
OLD DOMINION TRADING LLC,2019,199.10000000000002,2,2,0.6666666666666666,41.0,0.190109589995139,False,-0.2925581990479853,-0.4318193554328299
OLD DOMINION TRADING LLC,2020,1270.36,2,3,2.0,43.0,0.19614026688937508,False,-0.27828718213970877,-0.1341734398005113
OLD DOMINION TRADING LLC,2021,4157.12,3,3,2.3333333333333335,4.0,0.19646334415996808,False,-0.2161634037049129,-0.37591910886372776
ONESOURCE MARKETING INC,2016,207.44,1,1,1.0,78.0,0.18848825945510805,False,-0.41330644779239223,-0.07120594071147186
ONESOURCE MARKETING INC,2017,1651.25,3,3,0.3333333333333333,52.0,0.18284290561431527,False,-0.24065871257886332,-0.40681916139660235
ONESOURCE MARKETING INC,2018,1350.65,9,6,1.0,25.09090909090909,0.189177408126121,False,0.0038000670320273494,-0.4627938733335501
ONESOURCE MARKETING INC,2019,3267.99,14,12,2.45,10.222222222222221,0.16320780258472617,False,0.34065997249318336,-0.24764909236025287
ONESOURCE MARKETING INC,2020,18764.712,54,37,2.490566037735849,46.227722772277225,0.05058055891036062,False,1.9942297176830766,0.21747990957756613
ONESOURCE MARKETING INC,2021,24724.149999999998,55,55,1.4285714285714286,14.119402985074627,0.04536663753099884,False,2.9201759756267824,-0.18233968300690848
ORIGINALS BY RANDI,2018,352.0,2,1,0.0,10.5,0.19805780832237724,False,-0.28069067918681995,-0.8194340957819787
PAC CUSTOM WOODWORKING & CNC ROUTING,2021,712.2,1,1,0.0,13.0,0.20060120584568175,False,-0.29764117817241814,-0.8007690852210974
PAGE COUNTY COUNSELING PLC,2020,65105.0,1,1,6.0,246.0,0.056142862937659244,False,-0.7623036464645135,2.3295395129844447
PAGE COUNTY COUNSELING PLC,2021,65105.0,1,1,7.0,28.0,0.12896475364750748,False,-0.4715258479427472,0.7873828980954723
PAMUNKEY REGIONAL JAIL AUTHORITY,2021,45000.0,1,1,1.0,140.0,0.1424890305086161,False,-0.4997779627991287,0.43532159051149943
PAPERBACKS INK LLC,2017,42.0,2,1,1.6666666666666667,39.0,0.19409098894743798,False,-0.3587876482509476,-0.24426338104036507
PARCHMENT INC,2019,15000.0,3,1,22.8,9.0,-0.009033620750931615,True,-0.772536307610476,3.912239712866815
PARHAMS WELDING & FABRICATION INC,2020,1293.78,1,1,1.0,4.0,0.20290223481097514,False,-0.30697337242259276,-0.6650367323875453
PARHAMS WELDING & FABRICATION INC,2021,100.0,1,1,0.0,3.0,0.19847976446811377,False,-0.28331532774429147,-0.8811658500416574
PARKER SAFETY INC,2017,324.0,2,2,3.5,24.5,0.19836029497504631,False,-0.33201149686446774,0.024704621629303578
PARKER SAFETY INC,2018,3367.67,9,6,2.5454545454545454,57.81818181818182,0.17536216885248807,False,-0.0775324787736884,0.12157379510149233
PARKER SAFETY INC,2019,13548.37,18,9,0.4444444444444444,32.64705882352941,0.1480604864545016,False,0.26686608654445854,-0.4892692320289212
PARKER SAFETY INC,2020,20635.65,18,15,2.4901960784313726,22.952380952380953,0.14183270273427007,False,0.5164077977087311,-0.11510993170960228
PARKER SAFETY INC,2021,142.5,3,2,0.6666666666666666,11.0,0.19603754388489353,False,-0.236097765423939,-0.671184427431793
"PARRISH MOTOR COMPANY, INC",2020,88.3,1,1,0.0,0.0,0.19533116246191395,False,-0.27900772084247405,-0.9052510402954635
"PARRISH MOTOR COMPANY, INC",2021,996.1400000000001,4,5,0.0,2.0,0.1827628096049594,False,-0.0544760283877066,-0.867694609540363
PARTS TOWN LLC,2020,269.84,1,1,5.0,21.0,0.18922703627688048,False,-0.4206069867533931,0.3026977494850909
PARTS TOWN LLC,2021,838.49,8,5,0.8,45.5,0.18205038865117718,False,-0.08126373910649534,-0.34633072378368174
PARTY PERFECT,2017,597.0,1,2,0.0,9.0,0.19679597655492387,False,-0.2451011201307618,-0.8286778499067856
PATTERSON DENTAL SUPPLY INC,2016,10445.61,6,1,2.25,23.333333333333332,0.19468186891198636,False,-0.2951719177472874,-0.2408270181466905
PATTERSON DENTAL SUPPLY INC,2017,1318.98,4,2,0.3333333333333333,10.666666666666666,0.19406730246543136,False,-0.21474064685473157,-0.741442701923534
PAXEN PUBLISHING LLC,2021,165.34,2,2,6.0,24.0,0.16530071977422645,False,-0.38702840350579715,0.5403260101970155
PAYNE INDUSTRIAL & FARM EQUIPMENT INC,2018,1742.42,4,5,0.0,9.333333333333334,0.1863796448579877,False,-0.06496461748848806,-0.8086784711896173
PAYNE INDUSTRIAL & FARM EQUIPMENT INC,2020,5053.900000000001,6,4,0.0,3.0,0.18710679330824148,False,-0.07572012726870345,-0.8601430056286099
PCMG INC,2016,600.0,3,3,1.3333333333333333,25.0,0.20222440427702082,False,-0.22423479017177275,-0.4159054526281101
PCMG INC,2018,4429.3,2,7,3.6923076923076925,10.0,0.18023597090185645,False,-0.08122812300630043,-0.029791689502058533
PEAK RESTAURANTS LLC DBA MCALISTERS DELI,2020,667.75,1,1,10.0,7.0,0.12627813525192277,False,-0.5119306225078902,1.2297220925839936
PEELE BROTHERS INC,2016,5700.0,3,1,0.3333333333333333,7.0,0.196445753955022,False,-0.26940717395244457,-0.7757145893538813
PEELE BROTHERS INC,2017,8640.0,7,1,0.42857142857142855,6.285714285714286,0.1893055263182939,False,-0.2168122310233667,-0.7551734665907381
PEELE BROTHERS INC,2018,6820.0,5,2,0.2,4.25,0.19419985583202232,False,-0.18885761099852832,-0.8181114015380323
PEELE BROTHERS INC,2019,11420.0,8,1,0.0,17.0,0.18809934900534575,False,-0.20910575682748792,-0.7562268179498852
PEELE BROTHERS INC,2020,7060.0,5,2,1.0,6.2,0.20034269319061926,False,-0.2094765174981267,-0.6361170399124564
PEELE BROTHERS INC,2021,8320.0,5,1,0.4,6.75,0.18959494483066608,False,-0.2436222627980772,-0.7603982585522445
PEELE BROTHERS INC,2023,1600.0,1,1,4.0,0.0,0.1883337355196481,False,-0.36808249478810656,-0.07348727976932753
PENINSULA THERAPY CENTER PLC,2018,194509.0,8,2,4.75,212.0,0.03287505680945613,False,-0.5377312609610165,1.8367807387565793
"PENNSYLVANIA STEEL COMPANY, INC.",2018,4627.66,1,1,1.0,13.0,0.20362588316215707,False,-0.3197072024733099,-0.5921320103643216
"PENNSYLVANIA STEEL COMPANY, INC.",2019,562.94,1,1,5.0,10.0,0.18869899379823307,False,-0.40479317831195727,0.21445150506664407
PERFORMANCE FOOD GROUP INC,2018,25246.2,18,2,2.5555555555555554,16.272727272727273,0.16896956345825104,False,-0.08362209305812497,-0.20915586434072417
PERFORMANCE FOOD GROUP INC,2019,2993.5299999999997,5,2,3.2,2.0,0.19002328394810186,False,-0.2527166613240418,-0.2133268501178332
PERFORMANCE FOOD GROUP INC,2020,178299.39,53,4,1.5185185185185186,3.2641509433962264,0.09697691693483773,False,0.5288801446279418,-0.4389587045593036
PERFORMANCE FOOD GROUP INC,2021,28492.29,28,2,1.8214285714285714,2.0,0.14974852985811438,False,0.08723382028640342,-0.46094425626405194
PERFORMANCE FOOD GROUP INC,2022,37039.67,29,2,2.0344827586206895,1.0909090909090908,0.1446104787859906,False,0.0976609002714459,-0.42079831488433495
PERFORMANCE FOOD GROUP INC.,2021,6445.259999999999,11,1,1.4166666666666667,3.7142857142857144,0.18523897682087914,False,-0.1817465280679789,-0.5649560874956123
PERFORMANCE FOODSERVICE VA,2018,8731.57,7,1,3.4285714285714284,4.571428571428571,0.1900005196742297,False,-0.2812161478382081,-0.14531738698162233
PERFORMANCE FOODSERVICE VA,2019,7893.08,10,1,3.2,1.9,0.17970454554559062,False,-0.2321901188330012,-0.2100151524351792
PERMATILE CONCRETE PRODUCTS COMPANY,2020,1479.5,1,1,3.0,207.0,0.12615104421834117,False,-0.643070180457351,1.3803417003199419
PET DAIRY,2016,81979.0,60,2,2.441860465116279,13.923076923076923,0.10805175372259734,False,0.4875347853586534,-0.17853953849430637
PET DAIRY,2017,44746.4,49,2,2.7903225806451615,23.285714285714285,0.12922070728027896,False,0.3169987899457772,-0.05449735030279629
PET DAIRY,2018,36663.55,37,2,2.6153846153846154,30.21875,0.13572215729823356,False,0.14990781179741802,-0.05449518676635479
PET DAIRY,2019,41340.8,39,2,2.7962962962962963,11.547619047619047,0.13982161849237934,False,0.19971847041611898,-0.16290431060758323
PET DAIRY,2020,14253.8,15,2,2.6666666666666665,14.8,0.1824544762022563,False,-0.12475630473022473,-0.20447006372758827
PFG-VIRGINIA FOODSERVICE,2020,5490.04,2,2,38.5,1.0,-0.037091920749589335,True,-1.07812943998458,7.112401886087252
PFG-VIRGINIA FOODSERVICE,2021,1603.92,2,2,5.5,2.5,0.1677366202860845,False,-0.34492482644894645,0.26408178678761657
PHONETICS INC,2020,271.48,1,1,11.0,4.0,0.11042070677857713,False,-0.5299353932512557,1.4134277946890994
PHONETICS INC,2021,271.48,1,1,2.0,12.0,0.2047713133331066,False,-0.3408110255252305,-0.39315030157877023
PIEDMONT FRESH LLC,2016,220248.15,176,3,2.1116751269035534,9.04225352112676,-0.03726139746290824,True,2.1088128107313575,-0.08382813479913988
PIEDMONT FRESH LLC,2017,219216.01,167,2,1.886547811993517,12.536764705882353,-0.03952319347969213,True,1.9415229765368396,-0.12027397169139559
PIEDMONT FRESH LLC,2018,230898.65,159,4,1.8938053097345133,19.045161290322582,-0.0333200085470442,True,1.9192411994605887,-0.06757012761533064
PIEDMONT FRESH LLC,2019,362456.55,166,2,1.8204592901878915,12.071428571428571,-0.06833634409267653,True,1.9384898785871614,-0.11103443061438363
PIEDMONT FRESH LLC,2020,577480.13,166,3,1.579321231254933,12.174807197943444,-0.09484871719389365,True,2.002837688470622,-0.11379119450433964
PIEDMONT FRESH LLC,2021,272518.35,160,3,1.7785058977719528,12.884831460674157,-0.04180134231615962,True,1.8996211192664845,-0.1355491992441367
PIEDMONT FRESH LLC,2022,249804.35,162,3,1.553191489361702,3.5,-0.03923577795737998,True,1.9435814393273414,-0.25924237126139194
PIEDMONT FRESH LLC,2023,126350.9,51,3,1.4113300492610839,0.0,0.10708198659670759,False,0.4594167532940211,-0.5048400061056716
PIEDMONT REGIONAL JAIL AUTHORITY,2022,88133.65,2,1,7.0,0.0,0.1195254730948756,False,-0.41661502031807246,0.5686159214702723
PIGGY WENT A SMOKIN,2021,640.0,1,1,1.0,13.0,0.20519883399249544,False,-0.31993565980428085,-0.5929167230522404
PITNEY BOWES GLOBAL FINANCIAL SERVICES,2020,21191.760000000002,6,3,6.666666666666667,387.0,-0.019148443383116942,True,-0.8216596442622451,3.6071950457792634
PITNEY BOWES INC,2017,21328.78,9,7,0.7777777777777778,60.666666666666664,0.1591116800492447,False,0.0056102588355991375,-0.215241627446369
PITNEY BOWES INC,2018,43046.21,13,9,2.3684210526315788,89.66666666666667,0.132732299349186,False,0.07688000000512187,0.3668234767575203
PITNEY BOWES INC,2019,21794.84,14,7,1.411764705882353,9.6,0.17463121724174463,False,0.13174614556818967,-0.4859347709648782
PITNEY BOWES INC,2020,143137.24,51,10,3.293103448275862,57.36842105263158,0.06090643556731257,False,0.6636627470178795,0.3797244521825752
PITNEY BOWES INC,2021,13071.74,28,5,5.117647058823529,25.8,0.12174808925600067,False,0.119104378309192,0.4249256815019962
PLAN D GLOBAL EVENTS,2020,1700.0,1,1,1.0,18.0,0.20366716845958938,False,-0.32705539327636535,-0.5525699842386004
PMC ASSOCIATES INC,2018,4476.04,2,1,3.3333333333333335,49.0,0.19207002210805602,False,-0.4100451167146053,0.18332974897759943
PMC ASSOCIATES INC,2019,42.25,1,1,3.0,9.0,0.19821399543342139,False,-0.358806226367309,-0.2094117284647544
PMC ASSOCIATES INC,2020,4919.48,2,1,1.0,43.75,0.1980634399437452,False,-0.3504694209425782,-0.34375003915176333
PNC CORPORATION,2017,52.0,1,1,0.0,11.0,0.20037716243545883,False,-0.2948068169356673,-0.8169542614236637
POINT SECURITY INC,2017,6975.0,1,1,0.0,45.0,0.19222516384729876,False,-0.34323733250242044,-0.5426525212884412
POINT SECURITY INC,2020,175.0,1,1,2.0,151.0,0.16237497675841678,False,-0.540433396911228,0.7226711837197635
POINT SECURITY INC,2023,1087.8,2,2,3.5,0.0,0.19346673642613882,False,-0.2967834740803804,-0.1718219913683331
POWER & FLOW SOLUTIONS LLC,2020,2921.14,2,1,2.5,70.0,0.180444710642079,False,-0.4217168513798872,0.17838184092950013
POWER & HEAT SYSTEMS LLC,2016,9552.5,10,9,4.076923076923077,107.14285714285714,0.11928290467926994,False,-0.028362127636003105,0.8512404086423516
POWER & HEAT SYSTEMS LLC,2017,30.0,1,1,0.0,34.0,0.19649570070129307,False,-0.3278382025960905,-0.6323231170574107
POWER & HEAT SYSTEMS LLC,2018,43929.25,15,6,5.451612903225806,13.941176470588236,0.12141118033635434,False,0.0033089241015194113,0.39027022086393576
POWER & HEAT SYSTEMS LLC,2019,5420.0,7,7,4.363636363636363,82.66666666666667,0.13664256310403516,False,-0.13358703936319413,0.7006658391441303
POWER MECHANICAL INC,2018,1509.0,2,2,4.0,99.0,0.15891937122821354,False,-0.45007766353169315,0.7269294792018136
POWERHOUSE RECYCLING INC,2018,5.0,2,2,2.5,488.0,-0.0001223933364474794,True,-0.9753682560452107,3.5375814524166422
POWERHOUSE RECYCLING INC,2019,73.5,5,3,2.75,43.57142857142857,0.19121717582317388,False,-0.2557514220040134,0.030503014213594633
POWERHOUSE RECYCLING INC,2020,7.25,3,2,4.862745098039215,17.85185185185185,0.1863589338486455,False,-0.33947744321873746,0.25601751522072874
POWERHOUSE RECYCLING INC,2021,0.0,5,2,1.0,34.6,0.19423761018718344,False,-0.25066601672273153,-0.4095216720079113
POWERHOUSE TECHNOLOGY INC,2016,321.8,1,1,3.0,213.0,0.12266294938527478,False,-0.6517530607505083,1.428279657763476
POWERS BUSINESS MACHINES INC,2019,14.1,1,1,0.0,1.0,0.19290452209348202,False,-0.2804480642427595,-0.8972380124725705
POWHATAN AUTO AND TRACTOR PARTS INC,2017,89.18,2,1,0.0,28.5,0.19781077570305938,False,-0.3065553996717575,-0.6749884876845931
POWHATAN AUTO AND TRACTOR PARTS INC,2018,4551.0211,9,7,0.0,8.523809523809524,0.17218587916168426,False,0.09686793913416304,-0.7988007691405916
POWHATAN AUTO AND TRACTOR PARTS INC,2019,9023.65,13,7,0.0625,5.538461538461538,0.1584473793637896,False,0.15354188673916966,-0.8029944491807169
POWHATAN AUTO AND TRACTOR PARTS INC,2020,11807.52,19,6,0.0,3.6666666666666665,0.14836580359801627,False,0.19126573160217755,-0.8258391144510939
POWHATAN AUTO AND TRACTOR PARTS INC,2021,4956.54,11,4,0.0,4.333333333333333,0.17585230791399786,False,-0.010735973873291749,-0.8420839353739892
POWHATAN AUTO AND TRACTOR PARTS INC,2022,2881.3,9,4,0.0,0.0,0.17856508793715664,False,-0.031393607977690696,-0.8802285950096653
POWHATAN AUTO AND TRACTOR PARTS INC,2023,18896.05,16,7,0.0,0.0,0.14431307812089283,False,0.2035970889424781,-0.8540792489950425
POWHATAN COLLISION & GLASS,2018,81.25,1,1,0.0,7.0,0.1988253337695502,False,-0.2890607715618318,-0.8490590226100745
POWHATAN COLLISION & GLASS,2019,862.86,3,2,0.0,4.666666666666667,0.1951299421349333,False,-0.21210101319821315,-0.8604620367442717
"POWHATAN OVERHEAD DOORS, INC.",2019,1200.0,1,1,1.0,18.0,0.20464002116209673,False,-0.32708403881422105,-0.5526683768658451
PREA AUDITORS OF AMERICA LLC,2021,8190.0,2,2,1.0,82.5,0.18044286179859148,False,-0.3591283415655597,-0.0278113919704396
PRECISION LOCKSMITH CO LLC,2019,95.0,1,1,0.0,8.0,0.198572696854393,False,-0.29049607621200857,-0.841028687524049
PREMIER FIRE PROTECTION SERVICES,2021,104.0,1,1,3.0,114.0,0.16780523588908902,False,-0.5095923909024942,0.6335014983462074
PRESTIGE EVENTS LLC,2018,1944.4560999999999,1,1,0.0,12.0,0.19965968088315128,False,-0.29613448849242957,-0.8085542246796382
PRESTIGE EVENTS LLC,2019,8109.82,1,2,0.0,7.0,0.19266690170007716,False,-0.2417985177864012,-0.843254696288702
PRESTIGE EVENTS LLC,2020,2955.0,1,1,1.0,21.0,0.20212231761880534,False,-0.33129177018375094,-0.5282401308778871
PRICE SUPPLY CO INC,2020,1350.0,1,1,3.0,49.0,0.1923670424926801,False,-0.41617500006175634,0.11195078900285117
PRIMETECH OFFICE SYSTEM INC,2018,125.0,1,1,0.0,5.0,0.1988253337695502,False,-0.28618608027233405,-0.865105671832743
PRINCE BOOKS,2017,605.5,6,4,0.5,16.0,0.18918491493667067,False,-0.105789354730076,-0.6527259193684769
PRINCE BOOKS,2018,109.5,1,2,2.0,7.0,0.20112861605624094,False,-0.28683755515762827,-0.42909590116743956
PRINCE BOOKS,2019,258.75,3,2,3.6666666666666665,6.666666666666667,0.1901834486755476,False,-0.29673907390761634,-0.08234823453796232
PRINCE BOOKS,2020,1317.23,5,4,0.6153846153846154,32.0,0.18880884799604697,False,-0.1446789245267046,-0.5016341332504255
PRO CORR OUTFITTERS,2016,348.46,3,3,1.3333333333333333,23.0,0.20179108555965397,False,-0.22137701636402166,-0.43201021056857664
PROCESS & TECHNOLOGY SOLUTIONS INC,2021,10.0,1,1,0.0,15.0,0.1993256761015217,False,-0.30055359277071786,-0.7848520092492474
"PROCUREMENT SPECIALISTS, LLC",2017,37.38,1,1,2.0,11.0,0.2046036504760858,False,-0.33938834496358683,-0.40122399829562244
"PROCUREMENT SPECIALISTS, LLC",2019,3771.77,15,15,2.9583333333333335,14.75,0.15140989954569128,False,0.4766433711556985,-0.0913889168315434
"PROCUREMENT SPECIALISTS, LLC",2021,16190.31,40,28,2.703125,32.09090909090909,0.08756179012083981,False,1.4010927310764685,0.08900308297581092
PROFESSIONAL POLYGRAPH AND INVESTIGATION,2019,19400.0,3,2,2.6666666666666665,406.0,0.032807175179529136,False,-0.8468316719405702,2.9192518738015907
PROFESSIONAL POLYGRAPH AND INVESTIGATION,2020,36329.96,6,2,9.5,216.5,0.012636571242748529,False,-0.6858968723554305,2.8261940863003665
PROFESSIONAL POLYGRAPH AND INVESTIGATION,2021,39684.96,6,2,4.333333333333333,81.0,0.14184405334872474,False,-0.3759473566450291,0.6651332535348157
PROFFITT TRUSS & BUILDING SUPPLY LLC,2017,157.0,1,1,1.0,68.0,0.18870592116663892,False,-0.39894841352957383,-0.15149215944747
PROPIO LS LLC,2020,22309.96,20,3,3.0434782608695654,184.25,0.07196917458045826,False,-0.26233306728391814,1.247322732078098
PROPIO LS LLC,2021,3654.16,10,2,3.1818181818181817,29.666666666666668,0.18204424940433128,False,-0.22510090279387085,0.012496227146624522
PROPIO LS LLC,2022,592.62,5,2,3.0,0.0,0.18846741654473514,False,-0.24552395819245298,-0.271427886393589
PUMP HOUSE SUPPLY,2019,350.83,1,3,1.0,8.0,0.19837026219013254,False,-0.21916718792489098,-0.6246629296266949
PUMPERNICKEL PICKLE CATERING CO,2018,13.33,1,1,2.0,150.0,0.16237497675841678,False,-0.5390065667569705,0.7146117401588941
PURPLE COMMUNICATIONS INC,2019,3492.0,3,3,6.333333333333333,214.0,0.06817966811552967,False,-0.606942294528196,2.141218436227723
PURPLE COMMUNICATIONS INC,2020,8437.0,5,2,4.4,49.0,0.17581531945823375,False,-0.34664955624755817,0.4144828051609811
QUALITY LOGO PRODUCTS INC,2018,61.5,1,1,0.0,16.0,0.2008688257070556,False,-0.30198673468278653,-0.7768142455198652
QUANTA SYSTEMS LLC,2016,694.4,1,1,1.0,20.0,0.20446815456780681,False,-0.32998518998703613,-0.5367126129129629
QUARLES PETROLEUM INC,2021,270652.166426,7,5,3.909090909090909,12.0,0.1079653982256168,False,-0.10038034175684135,0.0826401666035173
R A SIEWERS INC,2021,304.5,1,1,0.0,6.0,0.198927412300823,False,-0.28761188892671147,-0.8570427195907855
R C GOODWYN AND SONS INC,2023,728.0,1,1,0.0,0.0,0.19538623258454202,False,-0.2789710717413415,-0.9051251567681664
R K CHEVROLET INC,2021,35390.54,2,2,5.666666666666667,1.0,0.14377361736318794,False,-0.34455007357682943,0.2933334798135406
R&R OFFICE SOLUTIONS,2017,152.98,3,2,0.3333333333333333,5.0,0.19489350286553075,False,-0.22005049552659375,-0.7886369975430598
R&R OFFICE SOLUTIONS,2020,315.72,1,1,5.0,2.0,0.183587283793281,False,-0.3933186025919528,0.15018182150581977
R.W. MURRAY CO.,2021,1400.0,1,1,0.0,7.0,0.19887983268118198,False,-0.2889852189557376,-0.8487995120557161
RAGSDALE BUILDING SUPPLY CTR INC,2016,2458.98,2,1,0.5,20.5,0.19316725902540655,False,-0.30607606466889326,-0.6348098952665968
RAGSDALE BUILDING SUPPLY CTR INC,2017,2116.91,5,5,1.1111111111111112,26.833333333333332,0.19781378166916225,False,-0.10146092561204818,-0.43568346418943127
RAGSDALE BUILDING SUPPLY CTR INC,2018,1326.13,5,6,3.0,34.4,0.18483891194108054,False,-0.10767435980556841,0.021764593615265986
RAGSDALE BUILDING SUPPLY CTR INC,2020,4558.552,9,14,0.21428571428571427,11.166666666666666,0.15630815200849063,False,0.41591249952348386,-0.7034696184069974
RAGSDALE BUILDING SUPPLY CTR INC,2021,33.75,1,1,0.0,9.0,0.19957835330310958,False,-0.29193567769286355,-0.8330131113321105
RAPPAHANNOCK RAPIDAN COMMUNITY SEVICES B,2019,23000.0,1,1,2.0,21.0,0.19266575465760277,False,-0.35243371578731475,-0.3164290003874083
RAPPAHANNOCK REGIONAL JAIL,2021,250000.0,1,1,5.0,141.0,0.053010030451342394,False,-0.5786307655455704,1.3151564772276074
RAWLINGS BROTHERS GARAGE & TOWING INC,2022,800.0,1,1,5.0,0.0,0.18165147126758202,False,-0.39041867286487186,0.1342218620913117
RBM HOSPITALITY GROUP INC,2021,221.06,2,1,1.0,15.25,0.20411662600291647,False,-0.30980996500819163,-0.573462053657284
RBM HOSPITALITY GROUP INC,2023,253.26,1,1,6.0,0.0,0.16140134479565976,False,-0.4127403414038027,0.3419808417855027
RE REPLACEMENT PARTS,2016,2728.42,26,32,0.4594594594594595,8.0,0.07438044122798404,False,1.4848068301858184,-0.5771735035818788
RE REPLACEMENT PARTS,2017,6732.1,19,18,1.9565217391304348,5.75,0.1370916664601105,False,0.7059990115351608,-0.35272512584453636
RE REPLACEMENT PARTS,2018,28280.989999999998,49,57,1.4838709677419355,33.6764705882353,0.037729606666219884,False,2.9043805001766767,-0.013548759112003856
RE REPLACEMENT PARTS,2019,47002.77,53,67,2.2295081967213113,20.970588235294116,0.01053671780209997,False,3.4286259015024885,0.0912743512599628
RE REPLACEMENT PARTS,2020,65860.31999999999,115,174,1.3780487804878048,40.333333333333336,-0.13186004148577424,True,9.25833982088696,0.6168919702860395
RE REPLACEMENT PARTS,2021,24388.86,49,59,0.7386363636363636,20.627118644067796,0.02716659402385102,False,3.033113704366298,-0.2655305495582416
RE REPLACEMENT PARTS,2022,13735.82,63,68,0.9787234042553191,5.0,-0.01710789111713884,True,3.6581469980069445,-0.28450053130893127
REDWINE INTERNATIONAL INC,2018,12878.18,9,3,1.3529411764705883,12.117647058823529,0.1897219330207373,False,-0.1251827510901394,-0.5039785582734241
REDWINE INTERNATIONAL INC,2019,18267.18,5,2,1.125,10.714285714285714,0.19619395195876704,False,-0.21810367066911573,-0.5716892986681108
REDWINE INTERNATIONAL INC,2020,26377.28,8,3,1.5,6.571428571428571,0.18864134703818225,False,-0.1331033870662897,-0.5167514518808906
REDWINE INTERNATIONAL INC,2021,18075.76,7,1,0.9166666666666666,1.625,0.19108870462545796,False,-0.22045824116255056,-0.6892724516569098
REDWOOD TOXICOLOGY LABORATORY INC,2016,629.75,9,4,2.3,14.0,0.1968898440853349,False,-0.10289568933100805,-0.29019174565881417
REDWOOD TOXICOLOGY LABORATORY INC,2017,27.500000000000004,1,1,1.0,5.0,0.20232326670684836,False,-0.3084820113684122,-0.6572582883308247
REED SMITH LLP,2018,1300.0,1,1,1.0,6.0,0.20247355307099224,False,-0.3098452008770374,-0.6489802498057103
REGS AUTHORITY LLC,2020,1859.8399999999997,1,2,2.0,2.0,0.19955629958348103,False,-0.2795568142838293,-0.4688896065089768
RELIABLE PARTS AND SUPPLY LLC,2019,481.82,5,3,0.5,148.0,0.12829555580580793,False,-0.35554383020466596,0.40119744150924175
RELIABLE PARTS AND SUPPLY LLC,2020,1565.6699999999998,5,4,0.0,34.0,0.1858618774721591,False,-0.13381974041913106,-0.613447874614544
RENNIES ADVERTISING IDEAS INC,2019,1334.0,2,3,0.6666666666666666,20.333333333333332,0.19325217882041257,False,-0.21601164805812037,-0.5932759403514832
RENNIES ADVERTISING IDEAS INC,2021,148.0,1,1,1.0,24.0,0.20411644514705024,False,-0.33576086344067557,-0.5047096192209115
RESTAURANT EQUIPMENT REPAIR INC,2016,368.3,1,1,1.0,15.0,0.20554675201799066,False,-0.32282341059448694,-0.5769149310283328
REVERE GAS INC,2017,20674.13542,3,2,0.0,2.5,0.18474817948294553,False,-0.20785447037950897,-0.8739566666613279
REVOLUTION MOTORSPORTS,2020,82000.0,1,1,7.0,12.0,0.12592687821763798,False,-0.4475804367791218,0.6622655163496589
REVOLUTION MOTORSPORTS,2022,125.0,1,1,0.0,0.0,0.19533116246191395,False,-0.2790056182599954,-0.9052438182766238
RGH PRODUCTS,2019,777.97,5,5,0.5714285714285714,77.0,0.1636066224203649,False,-0.16155189366541417,-0.1454095036318364
RGH PRODUCTS,2020,4470.13,9,18,1.8709677419354838,12.11111111111111,0.15829981525393516,False,0.5648322633858156,-0.33463886937137854
RGH PRODUCTS,2021,1306.45,4,3,4.0,45.333333333333336,0.18299294932506294,False,-0.2994548787598037,0.3032478267343815
RICHMOND AMBULANCE AUTHORITY,2020,291550.0,1,1,2.0,210.0,0.03968452711845549,False,-0.6084696614714503,1.2536396152845208
RICHMOND CORRUGATED BOX,2016,1138.98,1,2,1.0,0.0,0.1980884228335218,False,-0.2544355831075348,-0.6929532897693117
RICHMOND TIMES DISPATCH,2019,295.4,2,2,9.0,1.0,0.11888694717371479,False,-0.4208618626203215,0.979315840638056
RILEY FIRE PROTECTION LLC,2020,91934.51999999999,3,2,0.0,241.0,0.0831697724382357,False,-0.5462799242798724,1.0546559116264032
RIVER CITY INDUSTRIAL INC,2018,1150.0,1,1,0.0,0.0,0.1951582703991998,False,-0.27894689490739133,-0.9050421133907717
ROADS TO RECOVERY INC,2018,2400.0,1,1,1.0,145.0,0.15845020581706648,False,-0.5093990246367678,0.46707668511411504
ROANOKE AIRPORT HOTEL PARTNERS LLC,2019,810.0,2,3,4.333333333333333,10.666666666666666,0.18939254067925448,False,-0.28389070781732506,0.09119795128584147
ROANOKE STAMP AND SEAL CO,2017,114.18,6,5,1.7142857142857142,15.666666666666666,0.19574139726984802,False,-0.08560336491272205,-0.3988646516920052
ROANOKE STAMP AND SEAL CO,2018,117.53,3,4,1.6666666666666667,55.666666666666664,0.19081459372239828,False,-0.22893042511443937,-0.09630648526856424
ROANOKE STAMP AND SEAL CO,2019,144.62,4,2,6.666666666666667,75.0,0.12810077366326383,False,-0.4483687247970704,1.0912586293297326
ROANOKE STAMP AND SEAL CO,2020,678.72,11,4,1.0,33.23076923076923,0.18543760203700094,False,-0.07477078814209291,-0.40308127442633157
ROANOKE STAMP AND SEAL CO,2021,687.55,15,4,2.909090909090909,24.333333333333332,0.18092065340492247,False,-0.05102342068128169,-0.0717688957653637
ROANOKE STAMP AND SEAL CO,2022,359.29,13,4,1.96,0.0,0.18205705631982882,False,-0.021703556367690176,-0.46740663322454445
ROBERT E MASON & ASSOCIATES INC,2020,2375.0,1,1,9.0,50.0,0.12506305986852345,False,-0.5512944404087978,1.3673795435628653
ROBERT S LOVELACE COMPANY,2018,650.0,1,1,0.0,11.0,0.20043140766130374,False,-0.2947725568723918,-0.8168365838414786
ROBERTS HOME MEDICAL INC,2020,108.0,2,1,0.0,0.0,0.19268023204760615,False,-0.2656256879833825,-0.9037722189162241
ROBERTS OXYGEN COMPANY INC,2018,185.0,2,2,0.3333333333333333,138.0,0.14652659557304754,False,-0.42442985481945605,0.27756905421829253
ROBERTS OXYGEN COMPANY INC,2020,116.0,1,1,0.0,0.0,0.19533116246191395,False,-0.2790061338796769,-0.9052455893439141
ROBINETTE SCRAP METAL PROCESSING CORP,2021,1665.6,1,1,0.0,58.0,0.19026280605150564,False,-0.36221071497188223,-0.4393381521645394
ROCKBRIDGE AREA COMMUNITY SERVICES,2020,15000.0,1,1,4.0,342.0,0.07072869732636661,False,-0.8584583960175353,2.674598859402284
ROCKBRIDGE AREA COMMUNITY SERVICES,2021,15000.0,1,1,1.0,337.0,0.07490264819207165,False,-0.7844068983566076,2.0108610027657097
ROCKBRIDGE FARMERS COOP INC,2020,4000.0,1,1,2.0,164.0,0.1571484041841506,False,-0.5588834597787127,0.827783068072277
ROCKINGHAM NEW HOLLAND INC,2020,417.28,1,1,6.0,4.0,0.1664814057364989,False,-0.41847531413143535,0.37412363565804896
ROCKINGHAM NEW HOLLAND INC,2021,33550.0,1,4,0.0,5.0,0.16413684394809142,False,-0.14386426097556265,-0.8458548583092208
ROCKINGHAM PETROLEUM COOPERATIVE INC,2020,2542.2508000000003,11,2,1.2307692307692308,9.0,0.18571963232189043,False,-0.1386149034062204,-0.5577098275952094
RODZINA INDUSTRIES INC,2017,6.5,1,1,1.0,70.0,0.18715454422104744,False,-0.40182922064140375,-0.13546651705071833
RODZINA INDUSTRIES INC,2018,380.0,13,3,0.9583333333333334,23.869565217391305,0.18242538074506642,False,-0.08045606370056624,-0.4882239734308456
RODZINA INDUSTRIES INC,2019,128.05,5,3,0.8571428571428571,30.333333333333332,0.19305094127880057,False,-0.1945447296220319,-0.46921849411900884
RODZINA INDUSTRIES INC,2020,631.65,11,4,1.3076923076923077,50.0,0.18288136261696736,False,-0.10571421749477648,-0.20451442439978912
RODZINA INDUSTRIES INC,2021,343.95,9,5,1.1818181818181819,16.166666666666668,0.19532735120991224,False,-0.034296649553672266,-0.5010629872151054
RONALD A WILLIAMS LTD,2019,4424.0,1,1,6.0,35.0,0.16455984351516217,False,-0.46276462930906076,0.6237686070249795
RONALD A WILLIAMS LTD,2020,4424.0,1,1,4.0,99.0,0.16103983142986128,False,-0.5100938526346022,0.721803741378192
ROTENIZER DRAPERY AND CARPET,2018,3300.0,1,1,0.0,96.0,0.17585364337517778,False,-0.41668858973151307,-0.13396661337110705
ROTENIZER DRAPERY AND CARPET,2021,140.0,1,2,1.0,1.0,0.19708901593569383,False,-0.2559289081488165,-0.6851222450140658
ROYS ELECTRIC MOTOR SERVICE INC,2020,75.0,1,1,3.0,31.0,0.1950172938982766,False,-0.3903983829388693,-0.03279743939459424
RRS FOODSERVICE,2018,42403.97,26,5,2.2333333333333334,11.047619047619047,0.14836452285792268,False,0.17950117572611615,-0.29023110409150016
RRS FOODSERVICE,2019,41348.33,23,2,1.6521739130434783,2.347826086956522,0.15799836300312536,False,0.024339069886885438,-0.49817926713240046
RRS FOODSERVICE,2020,99475.04,65,2,2.0,2.8923076923076922,0.09514413054769039,False,0.5811320996259541,-0.3481207977470735
RRS FOODSERVICE,2021,3999.63,6,1,3.5,1.5,0.19088379948735162,False,-0.29204946227520107,-0.15753218551941742
RRS FOODSERVICE,2022,448.71,1,1,1.0,0.0,0.2001884197881843,False,-0.3012774177820732,-0.697313546857662
"RUBICON, INCORPORATED",2016,62548.75,8,4,2.0833333333333335,31.666666666666668,0.17480414122719723,False,-0.13327057841902873,-0.1826982502746577
RUSSELL COUNTY BOARD OF SUPERVISORS,2020,32.8,1,1,0.0,0.0,0.19533116246191395,False,-0.279010900497176,-0.905261961877088
"RV SERVICE OF VA, INC.",2020,37.8,1,1,0.0,0.0,0.19533116246191395,False,-0.2790106140417974,-0.9052609779508155
RVA SECURITY INTEGRATORS INC,2020,185124.84,8,6,1.0666666666666667,25.0,0.1423383240211919,False,-0.00040768531944760153,-0.4149767804386527
RVA SECURITY INTEGRATORS INC,2021,3287.81,3,2,3.3333333333333335,7.0,0.19891972369452315,False,-0.2896141181972463,-0.14836514045348237
RePurposed Materials,2019,249.0,1,1,3.0,53.0,0.18968252981540223,False,-0.42198244714598515,0.14384464559276253
S & K OFFICE PRODUCTS INC,2016,1246.05,17,19,0.8076923076923077,6.444444444444445,0.12393954444148392,False,0.7503357079738421,-0.5857586578188825
S & K OFFICE PRODUCTS INC,2017,1073.74,12,11,2.473684210526316,5.357142857142857,0.16952804260918497,False,0.27342893902158494,-0.28938709795164974
S & K OFFICE PRODUCTS INC,2018,5466.87,37,50,3.142857142857143,19.206349206349206,0.047770830167685574,False,2.398687642282817,0.1633784628337899
S & K OFFICE PRODUCTS INC,2019,7987.26,57,45,1.4276729559748427,12.854700854700855,0.04872083089418633,False,2.479792282392508,-0.23526691033312466
S & K OFFICE PRODUCTS INC,2020,17805.89,77,73,1.5502793296089385,30.214285714285715,-0.03274165536717388,True,4.03077405462817,0.07929004334035612
S & K OFFICE PRODUCTS INC,2021,7463.71,47,57,1.7808219178082192,7.225806451612903,0.03572879176616117,False,2.907792505979867,-0.17120513293717934
S & K OFFICE PRODUCTS INC,2023,8433.74,31,53,3.2205882352941178,0.0,0.037217763988603936,False,2.484828496488262,0.029762141388490593
S B COX READY MIX INC,2020,2002.6102,2,1,0.0,191.0,0.12908445530528284,False,-0.5398107925983051,0.629877806590389
S B COX READY MIX INC,2023,17076.5,7,2,0.0,0.0,0.18234124698732362,False,-0.15094673487696855,-0.8888339226460507
S E BURKS SALES CO INC,2017,70688.0,5,3,0.0,43.75,0.15378661115892606,False,-0.19066383706552884,-0.5258006558797323
S E BURKS SALES CO INC,2019,1203.0,3,3,0.6666666666666666,5.0,0.19289258239799711,False,-0.18061816545963358,-0.7149170902713302
S&S WORLDWIDE INC,2018,140.75,1,2,0.0,11.0,0.19754675974641822,False,-0.24799944398899057,-0.812712374601594
S&S WORLDWIDE INC,2019,568.27,1,1,0.0,41.0,0.19494880954819982,False,-0.3378600113460414,-0.5760237884370434
S. B. COX INC.,2021,1540.0,4,1,5.357142857142857,69.41666666666667,0.14580948301332342,False,-0.45788314997599266,0.7702816445085828
S. B. COX INC.,2022,1845.0,3,1,2.8,0.0,0.19384345420707005,False,-0.31455823576532177,-0.31992906203960286
SAFEHOUSE SIGNS INC,2021,164.57,1,1,1.0,20.0,0.20431877731910486,False,-0.33001554451768017,-0.5368168756443493
SAFELITE FULFILLMENT INC,2021,739.96,3,2,1.6666666666666667,0.0,0.19762158689184756,False,-0.24255686508689597,-0.551504208225952
SAFEWARE INC,2019,40.0,1,1,3.0,50.0,0.19124721660568894,False,-0.41768614377340585,0.11972062960824567
SARVER CLEANING SERVICES,2020,8246.08,1,1,0.0,302.0,0.08875877424472656,False,-0.7122402583961088,1.5206983357283097
SAWYER AUTOMOTIVE INC,2020,60.72,1,1,5.0,10.0,0.18854242915516534,False,-0.40482195103600094,0.21435267557613424
SEARS HOLDINGS MANAGEMENT CORP,2019,855.53,3,3,2.3333333333333335,75.0,0.1795265857402366,False,-0.31831511592277845,0.1933928664110089
SECOM SYSTEMS INC,2016,445.90000000000003,3,3,4.0,13.0,0.18944646238196428,False,-0.26645143047345077,0.04204352480347504
SECOM SYSTEMS INC,2018,33561.95,10,2,5.7727272727272725,19.3,0.1378495991363226,False,-0.2662522201538537,0.47372526832819645
SECOM SYSTEMS INC,2019,33468.6,7,1,3.933333333333333,29.428571428571427,0.16745097420613825,False,-0.3267474078929312,0.16401754963948784
SECOM SYSTEMS INC,2020,5542.95,4,3,3.25,19.0,0.1947023270502234,False,-0.24467730627375567,-0.06321265802091815
SECOM SYSTEMS INC,2021,33976.6,6,2,2.4444444444444446,66.5,0.16842020096292082,False,-0.31334706948582364,0.15497245320647246
SECURITY LOCK & KEY INC,2019,840.0,2,1,0.5,470.0,0.009521128230231768,False,-0.9516923526838875,2.9732908786469743
SECURITY LOCK & KEY INC,2020,105.0,1,1,0.0,155.0,0.14949659223538525,False,-0.5016010864640059,0.33903478577859153
SECURITY LOCK & KEY INC,2021,69.32,1,1,0.0,50.0,0.19242402116863117,False,-0.3508134283504769,-0.5038733108407856
SECURITY SERVICES INC,2018,272.0,2,2,4.0,1.0,0.18558286714471967,False,-0.30941147715051154,-0.06002161445805403
SECURITY SERVICES INC,2019,4.35,1,1,2.0,4.0,0.20105178308526733,False,-0.3293375904705435,-0.4574239031340113
SECURITY SERVICES INC,2020,240.0,1,1,1.0,264.0,0.11489668621125376,False,-0.6804177692539625,1.4219395143287803
SENTRY SECURITY FASTENERS INC,2018,-379.05,1,1,5.0,73.0,0.16645519736480968,False,-0.49532096728783265,0.7200067805176654
SENTRY SECURITY FASTENERS INC,2020,540.1,2,2,0.0,152.0,0.14233348444751354,False,-0.4370846893209535,0.3207368860169512
SENTRYSAFE,2021,30.0,1,1,5.0,0.0,0.18149169444826269,False,-0.39046278699316966,0.13407033744535454
SERVICE PLUS PROPANE INC,2018,3.0,1,1,1.0,13.0,0.20357222877331937,False,-0.31997215421950886,-0.5930420752593504
SERVICE STATION EQUIPMENT CO. INC.,2022,320.0,1,1,0.0,0.0,0.1954343108930764,False,-0.2789944465002317,-0.9052054451519982
SEXTON'S INCORPORATED,2017,179.4,2,2,1.0,11.0,0.20340920214427693,False,-0.25690667068021067,-0.6033632540775512
SEXTON'S INCORPORATED,2018,2773.31,2,1,4.428571428571429,17.571428571428573,0.19060982262529136,False,-0.38942157053575216,0.1583611425776528
SEXTON'S INCORPORATED,2019,335.5,1,1,9.0,16.0,0.13627769076811402,False,-0.5025841438738087,1.0940388042179436
SEXTON'S INCORPORATED,2020,10945.15,4,3,3.8823529411764706,29.764705882352942,0.18103380138890518,False,-0.2739222861142954,0.15571052045950556
SEXTON'S INCORPORATED,2021,10954.1,2,2,3.6923076923076925,14.307692307692308,0.19165832298488944,False,-0.3210519962092816,-0.01504925879096475
SHENANDOAH ASPHALT INC,2019,500.0,2,2,1.5,0.0,0.19956886269773488,False,-0.25223645934229083,-0.5876708018693841
SHI INTERNATIONAL CORP,2016,23286.66,3,3,2.0,20.0,0.19328721556402156,False,-0.23061481514786897,-0.3130014855342134
SHI INTERNATIONAL CORP,2017,7154.6,2,2,2.5,7.0,0.19885305636816242,False,-0.2841982021833331,-0.3223012996291922
SHI INTERNATIONAL CORP,2019,156771.06,17,5,3.625,80.28571428571429,0.09566996270157319,False,-0.06482778164455347,0.5640988883370015
SHI INTERNATIONAL CORP,2020,465469.12999999995,37,8,3.0727272727272728,17.7,0.03852163572888401,False,0.46307203097799143,0.049804326572002657
SHI INTERNATIONAL CORP,2021,89415.72,8,4,2.2222222222222223,48.5,0.17039450429524217,False,-0.15900144419486004,-0.0134091100980739
SHOPBEK INC,2018,223.79999999999998,1,1,3.0,11.0,0.1997929143828152,False,-0.3616680099774491,-0.19332074352424936
SHOPBEK INC,2019,1179.99,1,1,0.0,78.0,0.18494714637107018,False,-0.39096038414051276,-0.27888112727644876
SIEMENS INDUSTRY INC,2020,488864.83999999997,3,2,1.5,88.0,0.043569576854943726,False,-0.33725273951138524,0.21633851957591183
SIGNS WORKINC,2016,745.0,1,1,4.0,35.0,0.1886197718428947,False,-0.41839471274420986,0.20731149394524948
SIMPLEXGRINNELL LP,2016,2079.9996,1,1,0.0,0.0,0.19420129114176987,False,-0.27889361422989634,-0.9048591031828105
SIMPLEXGRINNELL LP,2017,450.0,1,1,0.0,28.0,0.19966380474447543,False,-0.3191975859294853,-0.680406242983182
SIMPLY SALES INC,2016,109.5,1,1,1.0,3.0,0.20217229118491892,False,-0.3056051286952684,-0.6732974105175089
SIMUTECH SYSTEMS INC,2017,695.0,1,1,1.0,6.0,0.20247355307099224,False,-0.3098798619778426,-0.6490993048846766
SMITH AND ASSOCIATES PRE EMPLOYMENT,2019,25200.0,3,1,1.3333333333333333,188.5,0.12749076822772548,False,-0.5512311142401618,0.8930040090857744
SMITH AND ASSOCIATES PRE EMPLOYMENT,2020,47200.0,7,2,2.5714285714285716,300.0,0.058828558817905,False,-0.6373666784540288,2.059896761908444
SMITHS BODY SHOP LLC,2021,321.2,1,1,5.0,16.0,0.1896761209934305,False,-0.41342358227140585,0.2625697099318807
"SMYTH PAINT AND DECORATING, INC.",2017,331.75,2,2,0.0,15.0,0.1975580787488569,False,-0.2403519667785006,-0.7790893267531559
SNAKE CREEK FARMS LLC,2019,6696.0,5,1,0.2,1.5,0.1921510654764635,False,-0.23171774934883757,-0.8444362055844571
SNAKE CREEK FARMS LLC,2020,49374.5,11,1,0.125,6.0,0.15544325145621335,False,-0.15377786674458396,-0.8066536987976831
SNAKE CREEK FARMS LLC,2022,43298.5,14,2,0.25,0.0,0.1572489421201823,False,-0.06135070501941671,-0.8213825642186797
SNAKE CREEK FARMS LLC,2023,17365.5,5,1,0.4,0.0,0.18328541604964443,False,-0.23341041265607382,-0.8128047352319964
SNAP OFFICE SUPPLIES LLC,2016,76.2,6,4,1.6666666666666667,21.0,0.19929121340951766,False,-0.13900554366101764,-0.37018093295152804
SNAP OFFICE SUPPLIES LLC,2017,3362.93,36,29,1.9038461538461537,35.17142857142857,0.08108999595451555,False,1.4070287989249628,-0.05661059683852916
SNAP OFFICE SUPPLIES LLC,2018,8534.29,40,40,1.53125,28.657894736842106,0.06908809139787542,False,1.9933331939511567,-0.13296304667098352
SNAP OFFICE SUPPLIES LLC,2019,16071.64,56,52,2.2971014492753623,22.642105263157895,0.03980756295534643,False,2.7610550811728873,0.0537147597568941
SNAP OFFICE SUPPLIES LLC,2020,26077.46,75,84,1.4634146341463414,15.573099415204679,-0.03444213926690043,True,4.542273645778457,-0.011153761895961989
SNAP OFFICE SUPPLIES LLC,2021,3646.98,24,37,3.1066666666666665,7.964912280701754,0.06714493465790383,False,1.6331523155447125,-0.00883631207593984
SO LO CO INC,2020,188.39999999999998,1,1,3.0,56.0,0.1895104040209113,False,-0.4262941961925765,0.16791560827266896
SONITROL OF GREATER RICHMOND INC,2016,60.0,1,1,0.0,36.0,0.19416873430505083,False,-0.3307086686687545,-0.6162619549222238
SOOTS CONSTRUCTION,2020,320.0,1,1,0.0,215.0,0.12054622425498102,False,-0.5877543130307912,0.8207348519348767
SOURCE PRO LLC,2020,18324.59,4,2,0.0,21.0,0.18733403062115989,False,-0.22117588358480605,-0.7244329360026529
SOUTHEAST INDUSTRIAL EQUIPMENT INC,2021,1237.2217,1,1,4.0,13.0,0.19605965431381434,False,-0.3867724799792387,0.030800511564673793
SOUTHERN CORROSION INC,2018,2320.0,1,1,0.0,21.0,0.19832370913594233,False,-0.3090378048006312,-0.736231659578719
SOUTHERN FOLGER DETENTION EQUIPMENT CO,2020,418.0,2,1,3.5,21.0,0.19838864155487207,False,-0.37378207645842126,-0.007598005198224429
SOUTHERN POLICE EQUIPMENT CO INC,2016,2748.15,12,9,2.8461538461538463,42.4,0.17194473069591254,False,0.11842084857500935,0.07728386753577324
SOUTHERN POLICE EQUIPMENT CO INC,2017,4031.22,29,13,1.2903225806451613,54.15,0.12372704748253227,False,0.5509848125909955,-0.10957255923633527
SOUTHERN POLICE EQUIPMENT CO INC,2018,13611.6,31,20,4.5638297872340425,120.16666666666667,0.0279800858656718,False,0.7381378707238528,1.135243604609539
SOUTHERN POLICE EQUIPMENT CO INC,2019,664.88,4,5,23.166666666666668,32.25,-0.013847165113802573,True,-0.6143297993126434,4.1906515291830635
SOUTHERN POLICE EQUIPMENT CO INC,2020,7928.41,14,14,1.9259259259259258,30.11764705882353,0.1538798155828905,False,0.4176416732739232,-0.1875075312694767
SOUTHERN POLICE EQUIPMENT CO INC,2021,2718.68,4,5,7.0,9.0,0.13508048990066795,False,-0.2204624055487992,0.6439037564029557
SOUTHERN REFRIGERATION CORP,2021,178173.47,2,2,1.8,3.0,0.14823163373301174,False,-0.2530527358928979,-0.46626442397375134
SOUTHERNS M AND P LLC,2016,13.27,1,1,10.0,33.0,0.11933066435326051,False,-0.5493065208352825,1.4383116620788154
SOUTHERNS M AND P LLC,2017,189.98,1,1,4.0,17.0,0.19505865381550003,False,-0.3925768471926323,0.06270494699533163
SOUTHERNS M AND P LLC,2018,1806.57,6,8,2.3125,10.0,0.1872974486771235,False,0.04970391302750817,-0.30699949547117106
SOUTHERNS M AND P LLC,2020,707.32,2,1,2.0,27.666666666666668,0.20342180965788764,False,-0.34990393252988683,-0.26582339779290076
SOUTHWEST SANITATION COMPANY INC,2019,660.0,1,1,5.0,301.0,0.08483288940193778,False,-0.8226905067582544,2.550510728077308
SOUTHWEST SANITATION COMPANY INC,2020,105.0,1,1,7.0,32.0,0.16043084165722643,False,-0.48099413747385106,0.8067023737087405
SPECIAL EFFECTS EMBROIDERY,2017,120.0,1,1,3.0,21.0,0.19949514106669913,False,-0.376034880815785,-0.11306487694590381
SPENCER & ASSOCIATES LLC,2018,5922.0,3,2,4.333333333333333,0.0,0.18413856875506374,False,-0.3017009010174405,0.0038263943388398137
SPENCER & ASSOCIATES LLC,2020,202872.96,26,2,6.481481481481482,103.25,0.0243958946766214,False,-0.1788160758365197,1.3518880790596701
SPENCER & ASSOCIATES LLC,2021,262503.0,26,3,6.615384615384615,78.5,0.02139126021773341,False,-0.09603897845566156,1.1969969740551263
SPENCER HOME CENTER,2018,326.88,1,1,0.0,164.0,0.14714234788967223,False,-0.5145132063423364,0.4113271120898435
STANDARD PRODUCE CO INC,2016,63784.255,59,2,2.448888888888889,19.402439024390244,0.1115327353699635,False,0.46508594834412825,-0.13814767869835093
STANDARD PRODUCE CO INC,2017,41395.35,47,2,3.317241379310345,18.948453608247423,0.12764264857188928,False,0.2845285014199968,0.016604205584100362
STANDARD PRODUCE CO INC,2018,59832.4,46,3,2.1510416666666665,26.164634146341463,0.12315510894684001,False,0.334638056126511,-0.1615032894550339
STANDARD PRODUCE CO INC,2019,89182.2,55,2,1.9208333333333334,17.75,0.11469295715134104,False,0.42716100278956576,-0.262079781513719
STANDARD PRODUCE CO INC,2020,113775.75,47,3,1.4940711462450593,10.958677685950413,0.12354723434616044,False,0.387590691142465,-0.40804307904616866
STANDARD PRODUCE CO INC,2021,65126.25,39,3,1.3380281690140845,10.414634146341463,0.13705105469513057,False,0.282015823780335,-0.46621963927482524
STANDARD PRODUCE CO INC,2022,45221.75,33,3,1.8857142857142857,8.0,0.1468172523033755,False,0.19184957335537478,-0.38452437287575403
STANDARD PRODUCE CO INC,2023,10103.25,5,4,1.0,0.0,0.18690745326781494,False,-0.1067938168092539,-0.6768406305156757
STAR CITY COMMUNICATIONS INC,2021,2058.7200000000003,1,2,4.0,7.0,0.19140330198703387,False,-0.3313065726794231,-0.01297918328522106
STARBUCK INC,2016,5661.2939,22,15,0.24390243902439024,29.4,0.12461328926125764,False,0.6098848015903141,-0.5273271440177479
STARBUCK INC,2017,7100.1507,37,27,1.434782608695652,30.59090909090909,0.09487764884576944,False,1.3440528733915889,-0.1971224090759675
STARBUCK INC,2018,15396.7146,30,17,1.4024390243902438,30.82894736842105,0.12509838145391744,False,0.7832180839486196,-0.2528708687976758
STARBUCK INC,2019,3803.544,11,5,0.6296296296296297,45.276595744680854,0.17532703621108292,False,-0.036832711774683856,-0.3785301218212366
STARBUCK INC,2020,35162.8615,32,29,0.35833333333333334,56.26984126984127,0.058744496633437226,False,1.359477778433512,-0.20814283133027814
STARBUCK INC,2021,14349.0725,15,8,0.0,46.6,0.15291030347842155,False,0.1698360658940799,-0.4781370248415626
STARNES REFRIGERATION & AIR COND INC,2020,3953.34,3,1,5.0,8.333333333333334,0.1837639187648316,False,-0.3754436428616194,0.20468919306495795
STARNES REFRIGERATION & AIR COND INC,2021,7622.94,7,4,1.6666666666666667,10.833333333333334,0.197667644265081,False,-0.11059200582498255,-0.44883513219289145
STAUNTON STEAM LAUNDRY INC,2017,185.0,1,2,0.0,29.0,0.19541844461295832,False,-0.27384657210330926,-0.6682063396561123
STAUNTON STEAM LAUNDRY INC,2018,300.0,1,1,1.0,102.0,0.1775584696206272,False,-0.4477673625896496,0.12147537666231151
STAUNTON STEAM LAUNDRY INC,2020,2000.0,2,2,1.0,183.5,0.13557835934283358,False,-0.504528305973452,0.781761065470661
STEALTH SHREDDING INC,2017,520.0,1,1,0.0,0.0,0.19538623258454202,False,-0.2789829882850895,-0.9051660881011003
STEALTH SHREDDING INC,2018,1105.0,2,2,1.0,155.0,0.15040160118721796,False,-0.46365094801588363,0.5527975079377718
STEPHENS OFFICE SUPPLY,2018,13.57,1,1,5.0,8.0,0.183932040896915,False,-0.40195246750528524,0.19828813857383276
STEPHENS OFFICE SUPPLY,2019,930.2,2,2,3.5,14.0,0.20067795675975675,False,-0.3168977967884607,-0.05946619468157436
STERLING IDEAS UNLIMITED INC,2016,574.0,2,2,1.0,19.0,0.20380131245581118,False,-0.26837280284147674,-0.5390645683059202
STERLING IDEAS UNLIMITED INC,2017,128.69,2,1,4.5,9.0,0.18950796366658934,False,-0.3788558877261189,0.10388008145871616
STERLING IDEAS UNLIMITED INC,2019,377.81,7,4,2.7777777777777777,22.0,0.197738708333125,False,-0.15181050251745826,-0.12965615092549596
STERLING IDEAS UNLIMITED INC,2020,1199.1599999999999,4,4,5.714285714285714,31.4,0.15421258877912775,False,-0.27086120338518144,0.5519421925568947
STORYS TRK & EQUIP SERVICE,2016,639.02,5,2,2.2,16.4,0.19782273126353223,False,-0.25124093911405365,-0.3060588912732362
STORYS TRK & EQUIP SERVICE,2017,895.42,4,3,1.8,24.5,0.2008462754693407,False,-0.22052107591694387,-0.32138178889958297
STORYS TRK & EQUIP SERVICE,2018,10826.619999999999,10,4,2.423076923076923,13.083333333333334,0.1885577096810887,False,-0.09035760452285647,-0.26848528961845775
STORYS TRK & EQUIP SERVICE,2019,10072.32,8,2,3.5,25.85,0.19101761311829418,False,-0.25310630451922167,0.04630991505955514
STORYS TRK & EQUIP SERVICE,2020,11998.63,11,3,3.763157894736842,35.94736842105263,0.17054120294826952,False,-0.1864175775032038,0.19109790016371975
STORYS TRK & EQUIP SERVICE,2021,5548.62,11,3,1.5,7.866666666666666,0.18957655678646984,False,-0.09601405231657238,-0.5060276996412222
STORYS TRK & EQUIP SERVICE,2022,4582.8099999999995,4,3,2.5,0.0,0.19106924684119958,False,-0.20072879916815517,-0.37182648345008434
STRATUS AUDIO INC,2019,117.92,2,1,4.5,10.0,0.191096623894088,False,-0.38029259715347224,0.11190559137030141
SUDANOS PRODUCE,2016,155981.75,86,2,2.0732600732600734,5.555555555555555,0.05092624453571326,False,0.8599107562038291,-0.26941938483359235
SUDANOS PRODUCE,2017,91117.45,59,2,1.8160919540229885,12.969465648854962,0.11386255833593606,False,0.48999550280809945,-0.3159477628453542
SUDANOS PRODUCE,2018,145947.45,82,3,1.6254826254826256,7.921875,0.05727443540046756,False,0.8591974123419353,-0.3471513707636803
SUDANOS PRODUCE,2019,233290.8,91,2,1.6889952153110048,4.790322580645161,0.04160653370186107,False,0.9409087375645698,-0.3328502048665682
SUDANOS PRODUCE,2020,219877.45,73,3,1.7427293064876956,7.201117318435754,0.05968668666542004,False,0.7414264091806283,-0.32729184932948
SUDANOS PRODUCE,2021,92293.5,33,4,2.347826086956522,4.831460674157303,0.13535811185475333,False,0.23559833658678936,-0.30041518842633724
SULLIVANS TOWING & RECOVERY LLC,2018,450.0,1,1,3.0,7.0,0.19726419130858464,False,-0.35591068112625235,-0.22538674785478854
SULLIVANS TOWING & RECOVERY LLC,2020,562.5,1,1,4.0,0.0,0.18935199333919162,False,-0.368141934279157,-0.07369144447086055
SUNBELT RENTALS INC,2020,11875.0,1,1,4.0,118.0,0.15155604094950015,False,-0.5369527324763639,0.8757949447961424
"SUPERIOR CONCRETE, INC.",2021,70.0,1,1,1.0,7.0,0.20232326670684836,False,-0.31135176130262987,-0.6411946663799565
SUPERIOR ENERGY SYSTEMS LTD,2018,4102.0,3,2,4.2,7.333333333333333,0.19064967131764987,False,-0.3093644690311723,0.03462198395146284
SUPERIOR ENERGY SYSTEMS LTD,2019,3650.0,1,1,0.0,3.0,0.19827271288442672,False,-0.2831119444255163,-0.8804672623882186
SUPERIOR ENERGY SYSTEMS LTD,2020,143555.0,8,5,4.818181818181818,23.833333333333332,0.12245191229062358,False,-0.131538681208752,0.3430674854729899
SUPERIOR ENERGY SYSTEMS LTD,2021,6265.0,1,1,3.0,62.0,0.18391683851860324,False,-0.4345626156567156,0.21727716928275867
SUPERIOR FLOOR COVERING INC,2019,1246.3,2,1,0.0,6.0,0.19751252704438416,False,-0.2741770279667068,-0.8553824425283815
SUPERIOR FLOOR COVERING INC,2020,4889.0,1,1,0.0,12.0,0.19920171398260061,False,-0.29596579240491944,-0.8079747818589205
SUPERIOR GLOBAL SOLUTIONS INC,2016,3221.8599999999997,9,11,1.0,30.142857142857142,0.16914005306718932,False,0.23066364826928132,-0.4007483699966347
SUPERIOR GLOBAL SOLUTIONS INC,2017,14850.4,16,9,3.4347826086956523,29.85,0.16898008799873476,False,0.17754003772536658,0.10717468505740328
SUPERIOR GLOBAL SOLUTIONS INC,2018,34537.66,20,16,1.0869565217391304,16.216216216216218,0.12782052549197387,False,0.6317208047687569,-0.45096193654177263
SUPERIOR GLOBAL SOLUTIONS INC,2019,8570.32,12,10,3.3333333333333335,11.555555555555555,0.1671241400526397,False,0.1989927686945146,-0.06368542974096071
SUPERIOR GLOBAL SOLUTIONS INC,2020,31402.489999999998,31,39,2.911290322580645,58.63636363636363,0.05355391075554872,False,1.7535994847141196,0.38155843674311074
SUPERIOR GLOBAL SOLUTIONS INC,2021,5823.61,14,14,1.9615384615384615,27.65,0.1573876295187584,False,0.42027104049808667,-0.20032842504783296
SUPERIOR INTERNATIONAL INDUSTRIES INC,2020,475.25,1,2,3.0,15.0,0.1988798881882115,False,-0.320595685382625,-0.1569363225861697
SUPPLYONE - WEYERS CAVE,2016,296.64,1,1,3.0,44.0,0.1928624286402829,False,-0.409054886176929,0.07160535684330097
SWEET SPRINGS VALLEY WATER COMPANY,2019,360.0,1,1,1.0,196.0,0.135426089691992,False,-0.5827566109570722,0.8760843369225402
SWEET SPRINGS VALLEY WATER COMPANY,2020,4171.0,3,3,6.333333333333333,453.0,-0.018668464738748614,True,-0.9501294780775725,4.059955453433026
TATUM INC,2019,67.8,1,1,0.0,1.0,0.19447743889641989,False,-0.28044498771199383,-0.8972274451044044
TAYLOR FORBES EQUIPMENT COMPANY INC,2020,68994.0,1,1,2.0,42.0,0.16459527149991104,False,-0.3799566105028724,-0.1387978443281053
TAYLOR OFFICE SUPPLY INC,2017,614.0,6,1,1.8888888888888888,44.111111111111114,0.19333498600149923,False,-0.31752469873891953,-0.15102836465676356
TAYLOR OFFICE SUPPLY INC,2018,1381.33,8,1,1.434782608695652,2.3,0.19809600447820414,False,-0.22055212437224378,-0.5779650910682087
TEKNIMEDIA CORPORATION,2016,40.0,1,1,7.0,4.0,0.1599336208551982,False,-0.44078727412467605,0.5819159625814663
TEKNIMEDIA CORPORATION,2019,13095.8,1,2,8.0,0.0,0.12660189460984222,False,-0.40978298054102297,0.7644656265468937
TEKNIMEDIA CORPORATION,2020,89307.33,2,3,34.857142857142854,12.0,-0.04646300973738171,True,-0.9611216420531425,6.464196017618118
TEKNIMEDIA CORPORATION,2021,7987.18,2,1,10.0,28.5,0.11779135521726236,False,-0.5290063669177532,1.4052314228976772
TELCO ENTERPRISE MANAGEMENT CORP,2017,3517.78,4,3,0.0,3.75,0.19382407365465287,False,-0.15044929935128307,-0.8615988809773404
TELCO ENTERPRISE MANAGEMENT CORP,2020,21255.239999999998,5,4,0.45,96.77777777777777,0.15209916782506977,False,-0.23287704883130034,-0.012076573469225332
TELCO ENTERPRISE MANAGEMENT CORP,2021,5423.38992,3,4,0.0,63.0,0.17768434887547946,False,-0.20200721561648521,-0.3828373722632796
TELCO ENTERPRISE MANAGEMENT CORP,2023,26664.740130000002,6,6,1.3333333333333333,0.0,0.173834027593255,False,-0.006289625344075384,-0.5943689278064432
TENNESSEE VEGETABLE PACKERS,2017,10169.6,2,1,0.5,12.5,0.19159015239679117,False,-0.29414557573495054,-0.6975135932578319
TENNESSEE VEGETABLE PACKERS,2018,29109.199999999997,6,2,0.0,11.0,0.17492884036493217,False,-0.1794352892023024,-0.7996370872475396
TENNESSEE VEGETABLE PACKERS,2019,37895.2,8,1,0.875,24.714285714285715,0.18104232809838694,False,-0.2381714433087395,-0.507206214232027
TENNESSEE VEGETABLE PACKERS,2020,14972.0,6,1,0.6363636363636364,7.428571428571429,0.18910807997003115,False,-0.2361033766617499,-0.7030348800763075
TENNESSEE VEGETABLE PACKERS,2021,32978.4,8,2,0.5,18.166666666666668,0.17576879839113602,False,-0.17388897828147717,-0.634461168053071
TESSCO TECHNOLOGIES,2021,420.97,1,1,5.0,28.0,0.18840867771118647,False,-0.4306509751703949,0.3589208946620349
TGIHM THANK GOODNESS ITS HOME MADE,2018,50.44,1,1,1.0,9.0,0.20325872450335114,False,-0.31422506672100625,-0.6251432569219819
TGIHM THANK GOODNESS ITS HOME MADE,2019,65.0,1,1,4.0,30.0,0.19007311985563247,False,-0.41125320866335496,0.16703953352831571
THAT CAD GIRL INC,2020,-38145.25,1,1,2.0,236.0,0.12813379407420322,False,-0.6646966594650091,1.3974788131173752
THE CATERING PLACE INC,2019,120.0,2,1,2.5,1.0,0.1931324121972458,False,-0.32278695593343254,-0.37607580304381666
THE CHANGE COMPANIES,2016,2630.4900000000002,3,2,3.8,21.333333333333332,0.19173629558341543,False,-0.32063792897006177,0.0635725944988025
THE CHANGE COMPANIES,2017,2341.75,4,2,3.2857142857142856,31.857142857142858,0.19066694858162353,False,-0.31092312376133613,0.042569153535377414
THE CHANGE COMPANIES,2018,17287.65,10,8,4.754716981132075,34.95454545454545,0.1477581760064156,False,0.013839564916881514,0.4099278388348599
THE CHANGE COMPANIES,2019,19601.2,5,3,25.285714285714285,235.27272727272728,-0.10891896831586612,True,-1.0322622887951143,6.257674370297587
THE CHANGE COMPANIES,2020,102998.24,16,3,3.189655172413793,34.142857142857146,0.15822342237700532,False,-0.09892457223270437,0.08268201372411141
THE CHANGE COMPANIES,2021,33714.6,15,3,1.8043478260869565,14.666666666666666,0.17686248554371964,False,-0.05742622257036781,-0.37673365338118536
"THE EI GROUP, INC.",2018,140.0,1,1,0.0,26.0,0.20001156216392646,False,-0.31634316135802043,-0.6965225049896262
"THE EI GROUP, INC.",2022,210.0,1,1,0.0,0.0,0.19533116246191395,False,-0.27900074851855994,-0.9052270915299924
THE FAMILY LIBRARY,2016,388.3,3,2,1.1666666666666667,24.0,0.20460250850675582,False,-0.2658980571177077,-0.4628435918300337
THE FAMILY LIBRARY,2017,209.92,2,2,0.0,19.0,0.1966239139257434,False,-0.24610331616012535,-0.7470027839456058
THE FAMILY LIBRARY,2019,83.28,2,3,0.75,53.0,0.18802634379759658,False,-0.26485318373429584,-0.3139639593329382
THE FAMILY LIBRARY,2020,964.0,4,6,0.0,23.0,0.18393982353226124,False,-0.037833521810994745,-0.6948962970234095
THE FAMILY LIBRARY,2021,2728.95,3,2,0.6666666666666666,122.0,0.15300667690102304,False,-0.3953558415950822,0.22039139884383627
THE HOLDEN COMPANY,2020,1414.65,3,2,0.0,8.333333333333334,0.19402953379813365,False,-0.21733507269792807,-0.8309188118831841
THE ISLAND HOUSE RESTAURANT,2018,66.0,1,1,1.0,2.0,0.20217229118491892,False,-0.3041715284545942,-0.6813335999648553
THE ISLAND HOUSE RESTAURANT,2019,78.97,1,1,1.0,1.0,0.19934700584432397,False,-0.30273469298687444,-0.6893586769488805
THE ISLAND HOUSE RESTAURANT,2020,76.8,1,1,9.0,3.0,0.13039651481863151,False,-0.48392976384301517,0.9896287151185172
THE LIBRARY STORE INC,2019,9.74,1,1,1.0,14.0,0.2040253893516712,False,-0.3214078604801263,-0.5850131196379589
THE RADFORD COUNSELING GROUP LLC,2019,165311.29,7,5,3.0,347.5,-0.0025061127995871235,True,-0.5679604847150327,2.5662106526629502
THE RADFORD COUNSELING GROUP LLC,2020,528165.0,19,5,3.6315789473684212,247.16666666666666,-0.04161022833268935,True,-0.2565915296983686,1.981159593051621
THE RADFORD COUNSELING GROUP LLC,2021,343335.0,9,5,4.8,119.5,0.04070984362752733,False,-0.2436930600437342,1.1480533314346206
THE SHERWIN WILLIAMS CO,2017,1185.85,5,2,0.6,2.6666666666666665,0.191478990101125,False,-0.19582272262865164,-0.7487839041944858
THE SHERWIN WILLIAMS CO,2018,5847.12,5,3,1.1666666666666667,112.5,0.1645204575753632,False,-0.3191153962526792,0.25585012705975607
THE SHERWIN WILLIAMS CO,2019,567.31,4,4,0.25,12.666666666666666,0.19067127068616552,False,-0.1221937901471159,-0.7344087308287762
THE SHERWIN WILLIAMS CO,2020,8599.22,13,9,0.5652173913043478,74.22727272727273,0.13564532122712142,False,0.1372729233341692,-0.13872267413222367
THE SHERWIN WILLIAMS CO,2021,3135.09,8,8,2.923076923076923,80.0,0.15257468795082957,False,-0.037594604751955765,0.3850644080692788
THE SUPPLY ROOM CO - GMU,2018,899.2,1,1,0.0,15.0,0.2009229905580583,False,-0.3005026495461955,-0.7846770278009553
THE SUPPLY ROOM COMPANIES,2016,24707.86,179,89,2.234375,12.537931034482758,-0.09945935928736138,True,6.15499447067818,0.2989847618006706
THE SUPPLY ROOM COMPANIES,2017,15654.52,146,75,2.418032786885246,10.450292397660819,-0.0773044192204958,True,5.056578165091321,0.2108056378936528
THE SUPPLY ROOM COMPANIES,2018,80334.7,244,146,2.254606365159129,11.183476394849786,-0.15776429716851248,True,9.697164761433884,0.6399271359984411
THE SUPPLY ROOM COMPANIES,2019,59972.57,219,129,1.9744444444444444,15.0,-0.13952817189454958,True,8.566600710672855,0.49963271425125844
THE SUPPLY ROOM COMPANIES,2020,143219.21,324,176,1.901669758812616,16.47216764898494,-0.1903092137630561,True,12.175580501026413,0.8661220520019701
THE SUPPLY ROOM COMPANIES,2021,31091.56,216,101,3.3128390596745025,46.4698275862069,-0.12449112381723837,True,7.139312441371326,0.9020763112628484
THE SUPPLY ROOM COMPANIES,2022,28684.09,205,84,2.658469945355191,4.428571428571429,-0.11906981301650232,True,6.271306908183535,0.3400499060192668
THE TODD VENTURE GROUP,2016,1340.76,16,14,2.130434782608696,10.0,0.15796036774055394,False,0.4683582952502886,-0.3048404523960332
THERMOWORKS INC,2020,17.82,1,1,5.0,52.0,0.1807158209476163,False,-0.46514028972679305,0.5515046636173154
THINKEDU LLC,2023,4550.0,2,1,6.5,0.0,0.15436933252745255,False,-0.41025844493034913,0.44823460660172104
THOMPSON TIRE CO INC,2023,142.77,1,2,1.0,0.0,0.19793613777960473,False,-0.25449265705006907,-0.693149329207687
TIDEWATER FASTENERS INC,2021,160.0,1,1,0.0,29.0,0.19737051565799502,False,-0.3206502927439094,-0.6724356814182079
TIDEWATER PRESSURE WASHING LLC,2021,2200.0,2,1,0.5,23.5,0.19352914289062872,False,-0.31039917911908405,-0.6107779708454761
TIDEWATER TACTICAL,2020,149.9,1,1,10.0,63.0,0.11130029457602242,False,-0.59238146522964,1.679167427511421
TIDEWATER VALVE & FITTING INC,2016,1171.25,2,2,0.0,24.0,0.1980647849176741,False,-0.25322870254265045,-0.7066754619330262
TIDEWATER VALVE & FITTING INC,2017,8368.92,4,3,0.0,28.4,0.1904632464219504,False,-0.1855710500430864,-0.6627631861895423
TIDEWATER VALVE & FITTING INC,2018,19959.72895,17,13,0.0,12.72,0.1319599749128153,False,0.4795855673014896,-0.7249370106148115
TIDEWATER VALVE & FITTING INC,2019,1369.1000000000001,5,4,0.0,11.0,0.18874592679518004,False,-0.10080087686912612,-0.7981220303338709
TIDEWATER VALVE & FITTING INC,2020,21003.7,14,10,0.0,29.0,0.14170598671602957,False,0.2757162154479591,-0.6111398682061597
TIDEWATER VALVE & FITTING INC,2021,835.85,4,3,0.16666666666666666,14.0,0.1921853836675862,False,-0.16903795466729227,-0.74519901670092
TIDEWATER VALVE & FITTING INC,2022,1970.802,9,6,2.0833333333333335,0.0,0.18195666994766818,False,0.015720586139461916,-0.4389035690283594
TIGER EQUIPMENT CO INC,2019,2104.4,3,3,1.25,77.0,0.18264946393682335,False,-0.29696787763777766,-0.015494900046914306
TIGER MEDICAL INC,2020,37950.9,2,2,0.0,12.0,0.17653645095448672,False,-0.23388844800025366,-0.795769320613045
TIGER MEDICAL INC,2021,37940.66,1,2,6.0,0.0,0.13731366212913365,False,-0.3637789013533344,0.35362158851629494
TIGHTSQUEEZE HARDWARE INC,2018,3903.75,1,1,1.0,30.0,0.199700240427029,False,-0.3441622468978793,-0.4558047672687046
TIMBER RIDGE FRUIT FARM LLC,2016,50456.0,10,1,0.6363636363636364,5.8,0.16264891246594915,False,-0.1782080641761636,-0.7032259409659518
TIMBER RIDGE FRUIT FARM LLC,2017,52388.0,15,2,0.6111111111111112,5.428571428571429,0.1652255494090893,False,-0.06329427507473478,-0.6994774528633053
TIMBER RIDGE FRUIT FARM LLC,2018,51730.0,13,1,0.23076923076923078,6.4,0.1542740357627121,False,-0.1298131787940309,-0.778043342777438
TIMBER RIDGE FRUIT FARM LLC,2019,86277.0,20,1,0.375,6.777777777777778,0.13540150353162722,False,-0.037925091860572836,-0.7279069743712339
TIMBER RIDGE FRUIT FARM LLC,2020,121254.0,24,2,1.131578947368421,8.142857142857142,0.13764237731307027,False,0.045579897332783205,-0.5426739936904119
TIMBER RIDGE FRUIT FARM LLC,2021,38623.0,10,1,0.46153846153846156,8.0,0.1634681301797692,False,-0.17814847926114916,-0.7242340258988105
TIMBER RIDGE FRUIT FARM LLC,2022,70222.0,20,1,0.896551724137931,0.0,0.13571060237073307,False,-0.04073695288797303,-0.677062681026135
TIMECLOCK PLUS LLC,2021,4204527.36,3,1,3.7,118.0,-0.0639976160636091,True,-0.26330225667388735,1.6414370248461623
TLA INC,2020,2685.0,1,1,0.0,12.0,0.19855743847053053,False,-0.29609206193578713,-0.8084084965598157
TMS SUPPLIES INC,2018,4579.6,2,2,0.0,233.0,0.11194112116684896,False,-0.553176746620503,0.9717697724433315
TMS SUPPLIES INC,2020,3244.8599999999997,4,3,0.0,25.0,0.1945126521402643,False,-0.18098189878410528,-0.6910654652225022
TMS SUPPLIES INC,2021,81.0,1,1,0.0,14.0,0.2008688257070556,False,-0.2991134327018748,-0.792865666784955
TODAYS OFFICE SOLUTIONS INC,2016,2762.49,7,23,6.277777777777778,51.0,0.06354912177576749,False,0.6179067093471566,0.911411384018435
TODAYS OFFICE SOLUTIONS INC,2017,2247.33,9,10,3.0,20.0,0.1713399660606965,False,0.15379091768334102,-0.07085452220483673
TODAYS OFFICE SOLUTIONS INC,2018,6352.03,9,12,1.6333333333333333,7.588235294117647,0.1715314812167259,False,0.2959185698800307,-0.44531929180872043
TODAYS OFFICE SOLUTIONS INC,2019,1324.96,8,18,0.6206896551724138,8.84,0.14325828747135855,False,0.5838379169728095,-0.6228830220442733
TODAYS OFFICE SOLUTIONS INC,2020,15695.779999999999,10,11,1.3333333333333333,11.6,0.17192757276383014,False,0.26395833798015367,-0.4763850681747387
TODAYS OFFICE SOLUTIONS INC,2021,230.31,3,3,0.3333333333333333,7.0,0.19234425763488178,False,-0.1761159616489372,-0.7683420994310444
TOM LANGE COMPANY INC,2016,114581.75,54,2,0.5633802816901409,12.675,0.1116313953884836,False,0.4527815321851777,-0.5814657978216016
TOM LANGE COMPANY INC,2017,265680.25,139,2,0.49038461538461536,7.862595419847328,-0.029345547937982164,True,1.6073531431614307,-0.48016709946092534
TOM LANGE COMPANY INC,2018,168010.25,90,3,0.2661290322580645,5.9,0.04103114873084257,False,1.0007127078764295,-0.6298052112694369
TOM LANGE COMPANY INC,2019,713757.3,196,2,0.6246648793565683,12.881720430107526,-0.11327176748941037,True,2.3855344194428367,-0.23971624185569587
TOM LANGE COMPANY INC,2020,1196665.8,301,3,0.890881913303438,5.265993265993266,-0.15490612476360766,True,3.8700008171867046,0.00860803416528554
TOM LANGE COMPANY INC,2021,975976.55,228,3,0.6430107526881721,6.397435897435898,-0.12772671306848005,True,2.8844515618110025,-0.18493264583731822
TOM LANGE COMPANY INC,2022,502112.6,136,3,1.0336538461538463,1.2222222222222223,-0.06987123884842561,True,1.6249847133143585,-0.3742200540432259
TOM LANGE COMPANY INC,2023,394083.45,61,3,1.4701492537313432,0.0,0.03556440252973647,False,0.6072533809624597,-0.4251781947343207
TONER CONCEPTS LLC,2020,849.95,1,1,1.0,21.0,0.20482610531834927,False,-0.33141237076267704,-0.528654373677851
TOWN POLICE SUPPLY,2016,7543.74,7,5,1.6,56.666666666666664,0.1886300250616505,False,-0.12812913367982892,-0.09055105772302142
TOWN POLICE SUPPLY,2017,465.99,2,2,0.5,52.5,0.18477628115744898,False,-0.30534291372513467,-0.37409352693937176
TOWN POLICE SUPPLY,2018,1063.21,5,3,1.2,100.66666666666667,0.1698708118254006,False,-0.30313872301402367,0.1668439965312397
TOWN POLICE SUPPLY,2019,237168.53,9,7,2.6875,29.2,0.11244559434432833,False,0.020596623624961174,-0.02840287415832094
TOWN POLICE SUPPLY,2020,102545.87000000001,25,11,2.382978723404255,54.08571428571429,0.10693252247484153,False,0.385237266836976,0.12207567090661245
TOWN POLICE SUPPLY,2021,22582.57,17,6,1.951219512195122,75.75,0.15003373487151195,False,0.018109553493764887,0.15758295242752798
TR4 DBA AAWWP,2020,8475.999960000001,6,2,2.814814814814815,27.0,0.19577602466803068,False,-0.26633805980932934,-0.09014942722639202
TRAIN FOR CHANGE,2016,550.0,1,1,3.0,51.0,0.1901606362287817,False,-0.41909301772726065,0.12784861937681166
TRANE  U.S. INC,2020,5235.630055,2,1,4.0,389.0,0.05561381024529477,False,-0.9131332459664098,3.0514508966599294
TRAUMA AND HOPE LLC,2018,8520.0,4,2,3.75,74.0,0.1665508785360778,False,-0.3814392909843394,0.47860165530503174
TRAYNOR AUTOMOTIVE LLC,2020,2129.77,2,1,0.8333333333333334,1.8333333333333333,0.19768669460438032,False,-0.2867179823565962,-0.7154349023093054
TRAYNOR AUTOMOTIVE LLC,2021,881.0899999999999,1,1,0.0,0.0,0.1951582703991998,False,-0.2789623010505609,-0.9050950309135566
TREASURER OF VIRGINIA TECH,2017,6512.0,1,2,1.0,1.0,0.19605579531562606,False,-0.25556384941438426,-0.6838683293724565
TRI-CITY OFFICE PRODUCTS INC,2016,3823.46,53,40,2.2753623188405796,6.695652173913044,0.05257525354061121,False,2.181968349575859,-0.13634445351039717
TRI-CITY OFFICE PRODUCTS INC,2017,4335.0,51,28,1.694915254237288,5.457142857142857,0.08246454606356401,False,1.6083253667083748,-0.3204845790582336
TRI-CITY OFFICE PRODUCTS INC,2018,34380.31,105,80,3.0968586387434556,16.471615720524017,-0.06516842499249087,True,4.719266915085238,0.3645821277597317
TRI-CITY OFFICE PRODUCTS INC,2019,1169.86,8,5,3.1538461538461537,9.090909090909092,0.18766255195916642,False,-0.0814259790824818,-0.1492582731545515
TRI-CITY OFFICE PRODUCTS INC,2020,14082.23,34,39,3.0676691729323307,9.913793103448276,0.06411570184830262,False,1.859234275873987,0.02395410011905812
TRI-CITY OFFICE PRODUCTS INC,2021,2344.2400000000002,23,25,1.95,16.047619047619047,0.10836012133981293,False,1.072244301100076,-0.23680804150983475
TRI-CITY OFFICE PRODUCTS INC,2022,1808.03,18,17,1.5714285714285714,5.0,0.1404984550304283,False,0.6551946426296996,-0.4454621949450096
TRIANGLE X-RAY COMPANY,2020,85175.0,2,1,0.5,255.0,0.07978835818727681,False,-0.6381008432832177,1.2639464659974968
TRIDENT PLASTICS INC,2018,777.0,1,1,4.0,205.0,0.12343088550991504,False,-0.6625285878492992,1.572014770165341
TRIDIM FILTER CORP,2017,411.46,1,1,0.0,47.0,0.19455507697202717,False,-0.3464855495744299,-0.527888870600143
TRITON LIGHT MEDICAL LLC,2020,90.0,1,1,0.0,31.0,0.19703854967389517,False,-0.32352648792414446,-0.6563941978084697
TSRC VA PAPER CONTRACT,2019,903.0,1,1,0.0,5.0,0.19887983268118198,False,-0.2861415078154306,-0.8649525729047498
"TURKEY PEN, INC",2020,1689.91,1,1,6.0,36.0,0.1631154662744655,False,-0.46435736066872,0.6312582077173075
TURNING TECHNOLOGIES LLC,2018,19.06,1,1,11.0,25.0,0.11248981509464379,False,-0.560107795116409,1.5819583372194603
TYTO ATHENE LLC,2019,90314.49,4,2,4.228070175438597,71.52173913043478,0.1390495554973052,False,-0.3838505343069624,0.5741778529122212
TYTO ATHENE LLC,2020,467686.49,7,6,2.6666666666666665,536.0,-0.11480319249555404,True,-0.7671080986680129,4.0738573197233166
Travis Scarberry,2017,900.0,1,1,5.0,14.0,0.18983216914876327,False,-0.4105182373918489,0.24662835065962696
UGLYBUG LLC,2020,2120.0,3,1,4.75,2.0,0.18092245289265096,False,-0.3608808386960194,0.10152012410818473
UGLYBUG LLC,2021,1000.0,1,1,3.0,324.0,0.08307790776873747,False,-0.8111204626168776,2.3194799685772245
ULINE INC,2020,984.02,2,3,1.0,4.0,0.1999541615526883,False,-0.20000563795389054,-0.6551738996167832
ULINE INC,2021,98.22,1,1,3.0,4.0,0.19643180491328116,False,-0.3516225577734628,-0.24953886083794152
UNIFORMS MANUFACTURING INC,2019,57.36,1,1,0.0,44.0,0.19471222363305607,False,-0.34219755913693617,-0.5520414401250862
UNIFORMS MANUFACTURING INC,2020,174.75,1,1,5.0,83.0,0.1648663904585529,False,-0.5096501635147812,0.8003920530793635
UNITEC SALES ASSOCIATES LLC,2016,1083.2,8,5,1.25,17.833333333333332,0.19579163646117603,False,-0.05154848495303955,-0.4748403555912921
UNITEC SALES ASSOCIATES LLC,2017,32.79,2,1,2.5,51.0,0.19179534192696762,False,-0.3945965724115313,0.025288499752947453
UNITEC SALES ASSOCIATES LLC,2018,1690.57,5,4,1.28,45.0,0.18996455185420635,False,-0.17814124306765097,-0.25905016427750477
UNITEC SALES ASSOCIATES LLC,2019,270.42,2,2,2.0,97.0,0.17621885876361143,False,-0.40269574787491963,0.29489734621529334
UNITEC SALES ASSOCIATES LLC,2020,575.67,3,3,0.5,70.25,0.1687059661462666,False,-0.27064407759514547,-0.22588215681642287
UNITEC SALES ASSOCIATES LLC,2021,705.34,3,3,0.8,32.2,0.19512514731675912,False,-0.2226804363123201,-0.4689479630911368
UNITED INDUSTRIAL SALES CO INC,2020,806.4,2,2,0.3333333333333333,149.0,0.14237761348411904,False,-0.44019127057215396,0.3659952587519701
UNITED STATES POSTAL SERVICE,2020,198.0,2,1,1.5,21.0,0.20458594620001647,False,-0.3292139900626851,-0.423374438082674
UNIVAR SOLUTIONS USA INC CORP HDQTR,2021,44981.801999999996,12,1,6.090909090909091,25.0,0.12305670056297918,False,-0.300916553725073,0.5865948442472503
UNIVAR USA INC CORP HEADQUARTERS,2017,28879.06,3,2,3.5,0.0,0.1775270385760822,False,-0.2818103786747088,-0.16487813648691516
UPS GROUND FREIGHT INC,2019,11.89,1,1,0.0,2.0,0.19555679880036775,False,-0.2818842832585046,-0.8892108180792068
US SECURITY SYSTEMS INC,2020,124000.0,1,1,0.0,132.0,0.10575777059576985,False,-0.46147288338199993,0.17878002124175302
US21 INC,2020,463849.93,12,5,0.8,38.15384615384615,0.05555566818859525,False,0.009336056983151746,-0.30828932066793197
US21 INC,2021,1590.0,1,1,4.0,150.0,0.14518400991752667,False,-0.5834969280690214,1.1306551456945522
"V. F. LANASA, INCORPORATED",2016,130011.5,62,2,0.5967741935483871,2.1470588235294117,0.08171751056593451,False,0.5750874874735504,-0.6442028238830769
"V. F. LANASA, INCORPORATED",2017,156810.95,68,2,0.9389312977099237,2.8442622950819674,0.07702047361588521,False,0.6482802335635156,-0.5533595043626445
"V. F. LANASA, INCORPORATED",2018,113209.5,56,3,0.719626168224299,7.207920792079208,0.10853027183833391,False,0.5306354674847674,-0.5859709134899534
"V. F. LANASA, INCORPORATED",2019,190884.25,52,2,1.1626506024096386,5.253246753246753,0.10025010222607061,False,0.42769155716383145,-0.5044112979887982
"V. F. LANASA, INCORPORATED",2020,107041.0,26,3,2.029126213592233,8.726315789473684,0.13942031557180468,False,0.09748517714566395,-0.34704272954145016
VA CENTER FOR INCLUSIVE COMMUNITIES,2020,200.0,1,1,0.0,17.0,0.19979767287882227,False,-0.3034148922712683,-0.7687593614733423
VA Dept. of Health Professions,2019,50.0,1,1,4.0,113.0,0.15894443568090422,False,-0.5304497374343113,0.8333298127179197
VA INDUSTRIES F T BLIND,2016,4015.4,57,9,1.7246376811594204,31.677419354838708,0.11800625273900828,False,0.7610317398938374,-0.17529686534014885
VA INDUSTRIES F T BLIND,2017,4103.15,69,9,1.5795454545454546,15.828125,0.11504825248848544,False,0.9476028249114011,-0.31497234397592083
VA INDUSTRIES F T BLIND,2018,23451.51,175,12,1.9393939393939394,16.61049723756906,-0.01497477895281607,True,2.498349320420497,-0.06106640182890844
VA INDUSTRIES F T BLIND,2019,16489.02,139,15,1.8935574229691876,16.704035874439462,0.0002124775046820071,False,2.1575321265223595,-0.11163824630530793
VA INDUSTRIES F T BLIND,2020,1098037.34,242,24,1.56,26.590664272890486,-0.14203294839031289,True,4.012185921825316,0.30116436963386034
VA INDUSTRIES F T BLIND,2021,3250236.29,167,18,2.372434017595308,39.84146341463415,-0.17299320071223823,True,2.8139673610740883,0.8639683776394214
VA INDUSTRIES F T BLIND,2022,2573856.14,115,16,1.854054054054054,4.0,-0.12989365294269306,True,2.0488317399121945,0.250244922051351
VADOC AGRIBUSINESS,2017,63747.81,2,2,3.5,498.5,-0.0319676721791623,True,-1.0090856773335584,3.842281775100767
VADOC AGRIBUSINESS,2018,20990.25,4,3,2.1666666666666665,46.25,0.18623504447104816,False,-0.2587779578229535,-0.06660874327633765
VADOC AGRIBUSINESS,2019,125006.75,4,3,4.9,112.0,0.10549192610267344,False,-0.4081687596994207,1.0498454207265642
VADOC AGRIBUSINESS,2020,91168.95,4,3,2.75,1.0,0.16198497454921507,False,-0.20277686477238488,-0.2947933360500613
VALLEY AUTOS INC.,2021,135.0,1,1,14.0,11.0,0.06572047359362915,False,-0.6068668948031318,2.093194052651693
VALLEY BOILER & MECHANICAL INC,2019,26899.870000000003,4,3,2.0,7.0,0.18740392144221446,False,-0.19835770500321795,-0.4151746951292025
VALLEY BOILER & MECHANICAL INC,2020,26598.22,7,6,4.555555555555555,123.5,0.10995511830555188,False,-0.24209438953037535,1.0682974252045057
VALLEY BOILER & MECHANICAL INC,2021,567218.76,7,7,3.625,50.5,0.043907228415811905,False,-0.03874221892213136,0.3994596682133411
VALLEY FARMING LLC,2016,6400.0,2,1,0.5,20.0,0.194469707604975,False,-0.3051322331924597,-0.6380481752873356
VALLEY PROTEINS INC,2018,960.0,1,1,0.0,223.0,0.1193373238435056,False,-0.5992063859620775,0.8850818288079598
VALLEY PROTEINS INC,2020,2100.0,2,2,12.5,294.0,-0.018065574999470146,True,-0.9195497573248215,4.059299336144533
VALLEY PROTEINS INC,2021,960.0,1,1,0.0,143.0,0.1520453495036354,False,-0.48431899376466014,0.24287148570586634
VALLEY TERMITE AND PEST CONTROL LLC,2021,790.0,1,1,3.0,43.0,0.19323249020542743,False,-0.40759052864934836,0.06367481352767991
VAMAC INC,2018,774.604,4,4,0.25,25.333333333333332,0.19089249610707465,False,-0.14037241781545848,-0.6326846341017337
VAN CLEEF AUTO PARTSINC,2021,672.64,2,2,1.5,0.0,0.20021646102955987,False,-0.25222656861098014,-0.587636828863049
VCU HEALTH SYSTEM,2021,18280664.09,7,3,9.285714285714286,141.0,-0.13889575265667864,True,0.5327253271094538,5.771480540164782
VEG-PRO INC,2018,32915.4,4,2,0.25,11.75,0.18078997893610882,False,-0.21262869196562997,-0.7438506081487124
VEG-PRO INC,2019,14616.0,2,1,0.0,14.0,0.19086797413468926,False,-0.2848998026915114,-0.7885304484012199
VEG-PRO INC,2020,10284.0,2,1,1.3333333333333333,5.0,0.19835881700083002,False,-0.30194361629754496,-0.5844761589703472
VICS SIGNS & ENGRAVING,2019,49.95,1,1,0.0,0.0,0.19533116246191395,False,-0.27900991795522745,-0.9052585870099731
"VICTORIA CASH GRAFF, LCSW",2020,8000.0,2,2,2.0,269.0,0.1041420191278925,False,-0.6492608051463707,1.6771706512521931
"VIPPERMAN AIR AND REFRIGERATION, INC",2018,4774.5,2,2,0.0,10.0,0.1980027723378927,False,-0.2329169748395457,-0.8183532055076521
"VIPPERMAN AIR AND REFRIGERATION, INC",2019,1429.05,3,3,0.42857142857142855,18.571428571428573,0.189471263745975,False,-0.19478781522255562,-0.6554182499655024
"VIPPERMAN AIR AND REFRIGERATION, INC",2020,475.0,3,2,0.6666666666666666,127.66666666666667,0.15353251356038405,False,-0.40362282976249875,0.26543775402254405
"VIPPERMAN AIR AND REFRIGERATION, INC",2021,1200.0,3,2,0.3333333333333333,104.0,0.16770547668800767,False,-0.36216365846880666,0.006304340142936089
VIRGINIA ASSOC FOR ADULT & CONTINUING ED,2020,2850.0,1,1,0.0,17.0,0.19730383339340224,False,-0.3032630709206334,-0.7682378805489444
VIRGINIA ASSOC FOR ADULT & CONTINUING ED,2021,1200.0,1,1,1.0,164.0,0.15638039206579202,False,-0.5367535295745078,0.6193654992954747
VIRGINIA BUSINESS SYSTEMS,2017,1245.2400000000002,1,1,3.0,42.0,0.19323249020542743,False,-0.40612835505757383,0.05573676875815766
VIRGINIA BUSINESS SYSTEMS,2018,17730.74,4,3,11.0,1180.0,-0.13837725450927396,True,-2.0840325093646546,10.870229241602818
VIRGINIA BUSINESS SYSTEMS,2019,10167.470000000001,5,4,6.5,3.0,0.1348256445636784,False,-0.23369531347285472,0.4905210302529666
VIRGINIA BUSINESS SYSTEMS,2020,20171.08,5,3,6.428571428571429,383.0,-0.018416312374526456,True,-0.8240474296809562,3.523916688649395
VIRGINIA COMMONWEALTH UNIVERSITY,2018,1225.0,1,1,1.0,19.0,0.20464002116209673,False,-0.32851869893979596,-0.5446358279457069
VIRGINIA COMMONWEALTH UNIVERSITY,2020,1940.0,1,1,0.0,9.0,0.19868845432612725,False,-0.29182646657978895,-0.8326379894407391
VIRGINIA CORRECTIONAL ENTERPRISES,2016,80704.1,299,57,1.9931662870159452,35.02325581395349,-0.11919406319953985,True,6.2393234562516815,0.48218047705290584
VIRGINIA CORRECTIONAL ENTERPRISES,2017,235503.15,376,58,1.6516129032258065,28.963562753036438,-0.14092215070038128,True,7.3416395960267815,0.5107953124024676
VIRGINIA CORRECTIONAL ENTERPRISES,2018,915309.05068,856,105,2.469435370975268,32.93487698986976,-0.2190143840518558,True,15.979195269062815,1.752970580159466
VIRGINIA CORRECTIONAL ENTERPRISES,2019,702899.264,620,78,2.1929460580912865,34.36046511627907,-0.20762241900128164,True,11.549586666951216,1.2029963250750726
VIRGINIA CORRECTIONAL ENTERPRISES,2020,2566894.8636,1365,131,2.5792513368983956,51.05745399924897,-0.2641652482738218,True,24.073082613897984,3.106868545479575
VIRGINIA CORRECTIONAL ENTERPRISES,2021,1095443.2941,573,80,2.6213921901528012,38.59239130434783,-0.21597098841789664,True,11.021150365620114,1.34240160738529
VIRGINIA CORRECTIONAL ENTERPRISES,2022,485410.073,448,67,2.0,2.6666666666666665,-0.17658749122843753,True,8.770601835961463,0.5655054257548965
VIRGINIA DEPARTMENT OF HEALTH,2020,100.0,1,1,1.0,54.0,0.19701724763249484,False,-0.3788463854863413,-0.2638901862498422
VIRGINIA DEPARTMENT OF MOTOR VEHICLES,2022,130.0,1,1,3.0,0.0,0.1938188970694391,False,-0.34587636745320594,-0.2816431241576584
VIRGINIA DEPT OF CRIMINAL JUSTICE SVCS,2019,15030.0,3,2,5.25,6.666666666666667,0.1653881936043345,False,-0.3311858596978271,0.2496805989207858
VIRGINIA DEPT OF CRIMINAL JUSTICE SVCS,2021,15000.0,1,1,3.0,21.0,0.1908783774328754,False,-0.3751823896092013,-0.11013671235909567
VIRGINIA DEPT OF HEALTH PROFESSION,2019,250.0,4,3,2.0,23.0,0.20118224569447174,False,-0.2228619831625671,-0.2919769279588538
VIRGINIA DEPT OF HEALTH PROFESSION,2020,290.0,5,2,5.0,10.0,0.17794908678829896,False,-0.3044829100748548,0.22452199546892104
VIRGINIA DISTRIBUTION CENTER - VDC,2016,91264.86,203,77,2.1729222520107236,41.89637305699482,-0.12475739742130332,True,5.877530201267752,0.5196925225555709
VIRGINIA DISTRIBUTION CENTER - VDC,2017,88207.8459,213,75,2.066666666666667,30.653386454183266,-0.12217842875032536,True,5.936073968482895,0.41305003747203184
VIRGINIA DISTRIBUTION CENTER - VDC,2018,84719.0329,211,75,2.7418967587034815,45.97711670480549,-0.1229811632500224,True,5.872054877741122,0.6727845901075554
VIRGINIA DISTRIBUTION CENTER - VDC,2019,79644.21,143,72,2.654970760233918,94.67259786476869,-0.10864602347773178,True,4.753462183279634,0.931656694777614
VIRGINIA EMPLOYMENT COMMISSION,2020,400.0,1,1,1.0,82.0,0.18613484120127083,False,-0.419039785432724,-0.03905753058776267
VIRGINIA ENERGY AND LIGHTING LLC,2017,85.18,1,1,0.0,2.0,0.19711742017413436,False,-0.28188008439556567,-0.8891963956879053
VIRGINIA FENCE BUILDERS INC,2021,4290.43002,2,2,0.0,14.0,0.19852868827731424,False,-0.23868907733929035,-0.7863379461867529
VIRGINIA FILTERS AND SUPPLY,2017,80.4,1,1,0.0,3.0,0.19847976446811377,False,-0.28331645064937533,-0.8811697070326455
VIRGINIA FILTERS AND SUPPLY,2018,280.79999999999995,2,2,2.0,33.5,0.19932058747327736,False,-0.31150328563685353,-0.2148550709910513
VIRGINIA FILTERS AND SUPPLY,2019,139.95999999999998,1,1,0.0,148.0,0.15171325920070206,False,-0.491546436750725,0.2828482603696553
VIRGINIA FILTERS AND SUPPLY,2020,1223.95,2,2,0.0,36.0,0.19231504766805751,False,-0.2704587921325731,-0.6103335398848009
VIRGINIA FILTERS AND SUPPLY,2021,704.4,1,1,0.0,54.0,0.19220193198257757,False,-0.3565214135439851,-0.4716378193062596
VIRGINIA INFORMATION TECHNOLOGIES AGENCY,2016,8229.56,47,8,3.019230769230769,52.146341463414636,0.11554409293264045,False,0.5224096526663083,0.23997809345465287
VIRGINIA INFORMATION TECHNOLOGIES AGENCY,2017,7762.7699999999995,28,3,5.21875,43.18181818181818,0.12021300902429427,False,-0.0020198715136221395,0.5759828245623049
VIRGINIA INFORMATION TECHNOLOGIES AGENCY,2018,12080.03,11,6,4.916666666666667,50.0,0.1548033010042446,False,-0.09189903509994977,0.5563724136832304
VIRGINIA PUBLICATIONS A DIVISION OF WASH,2018,120.0,1,1,0.0,14.0,0.2008688257070556,False,-0.299111198349922,-0.7928579921600297
VIRGINIA REST LODGING & TRAVEL ASSOC,2018,249.7,1,1,2.0,48.0,0.19723692931136738,False,-0.3925115998136975,-0.10415993316567108
VIRGINIA REST LODGING & TRAVEL ASSOC,2020,49031.0,7,2,2.5,16.818181818181817,0.17968037424769312,False,-0.22899435337105511,-0.22786919412327994
VIRGINIA REST LODGING & TRAVEL ASSOC,2021,1630.0,2,2,3.0,88.0,0.1715577463242589,False,-0.4119833696681909,0.43078279797683816
VIRGINIA TRAILER RENTALS,2018,4862.1,1,1,2.0,69.0,0.18770389296311035,False,-0.4224052909079087,0.06532793420643711
VIRGINIA TRAILER RENTALS,2019,42212.54,3,3,0.6,90.0,0.15314401251085896,False,-0.29885051599395196,-0.038356299297562055
VIRGINIA TRAILER RENTALS,2020,30521.8,13,1,3.72,32.69565217391305,0.15329120059508322,False,-0.2465673640759492,0.15416937590964488
VIRGINIA TRAILER RENTALS,2021,39158.8,9,2,1.0714285714285714,29.0,0.18062060897320897,False,-0.18844900010919227,-0.4260231306151939
VIRGINIA VACUUM CENTER INC,2020,10.0,1,1,10.0,18.0,0.12357554163360401,False,-0.5277653221400844,1.3178965792593906
VIRGINIA WATER SYSTEMS INC,2017,3500.0,1,1,1.0,87.0,0.18378644265332678,False,-0.42604264511035755,0.0016906501450364153
VIRGINIA WATER SYSTEMS INC,2020,590.0,1,1,1.0,368.0,0.06633816150207955,False,-0.8297513272341064,2.2568818352005735
W W GRAINGER INC,2016,648.39,7,9,3.2222222222222223,55.666666666666664,0.16845783052066332,False,0.023961176807843744,0.25416786752189835
W W GRAINGER INC,2017,6737.26,16,17,2.1176470588235294,17.555555555555557,0.1490012725240586,False,0.5985088984794311,-0.2331101755893765
W W GRAINGER INC,2018,28856.57,38,75,0.6614173228346457,21.6,-0.02568612461281361,True,3.635340423176558,-0.22152633411187164
W W GRAINGER INC,2019,132806.96,37,69,2.8823529411764706,38.116883116883116,-0.0243432785441422,True,3.2738760264407323,0.366357776331045
W W GRAINGER INC,2020,206496.96,92,113,1.6321243523316062,28.2680412371134,-0.10147346905633425,True,6.115360100023668,0.30891183442761083
W W GRAINGER INC,2021,12102.87,51,63,2.1666666666666665,34.674418604651166,0.016025127796456706,False,3.1943762795053354,0.161505604345832
W W GRAINGER INC,2022,7997.8,33,29,2.4444444444444446,4.0,0.09043900600414517,False,1.399866552163117,-0.19798371741897086
W W GRAINGER INC,2023,9847.880000000001,17,24,2.3846153846153846,0.0,0.11134118327484244,False,0.9589446158269541,-0.2868878535765665
WACO INC,2021,119800.0,1,1,3.0,149.0,0.10781490896673152,False,-0.5529981123905274,0.9380229312747835
WAGNER FOOD EQUIPMENT INC,2018,5712.46,10,8,4.5,109.89473684210526,0.11278239846927396,False,-0.08876690021907085,0.9562949422091689
WAGNER FOOD EQUIPMENT INC,2019,130.57,3,2,1.0,61.5,0.19052053727606477,False,-0.3160512303031574,-0.19650263930860568
WAGNER FOOD EQUIPMENT INC,2020,1596.9,5,1,0.09090909090909091,111.9090909090909,0.15758557464745926,False,-0.38813586486732493,0.018207265555426188
WAGNER FOOD EQUIPMENT INC,2021,1958.99,5,2,0.36363636363636365,17.0,0.19276088263281294,False,-0.2110937926573126,-0.6827011735491895
WAL-MART,2021,758.7700000000001,1,1,10.0,26.0,0.12561367737467521,False,-0.5392111635210659,1.3822649604646042
WALGREEN COMPANY,2021,5.29,1,1,0.0,11.0,0.19887849783527278,False,-0.29480949300181375,-0.8169634532629009
WALKER SAND & STONE INC,2021,191.1,1,1,0.0,6.0,0.1988253337695502,False,-0.2876183857346971,-0.8570650350386452
WALMART,2019,227.57999999999998,1,1,1.0,7.0,0.20232326670684836,False,-0.31134273337491924,-0.641163656959554
WASTE MANAGEMENT INC,2018,232.2,1,1,0.0,0.0,0.1954343108930764,False,-0.27899947665667924,-0.9052227228973426
WASTE MANAGEMENT INC,2019,2661.6800000000003,6,1,1.0,152.25,0.14380609428190838,False,-0.4528911815014668,0.5327032157717672
WASTE MANAGEMENT INC,2020,507.81,3,2,0.6666666666666666,0.0,0.19110644470641086,False,-0.22027981999392604,-0.7594164619870131
WASTE MANAGEMENT INC,2021,12974.84,6,2,0.6363636363636364,2.75,0.18915238365537368,False,-0.1826966468598362,-0.7367613066140621
WATER CHEMISTRY INC,2017,149.0,1,1,3.0,29.0,0.1956725164189445,False,-0.38752195859433114,-0.04883813586331433
WATER CHEMISTRY INC,2018,3276.0,2,2,1.3333333333333333,363.0,0.06494159997171972,False,-0.7696639038758654,2.2922604774787882
WATER CHEMISTRY INC,2019,16504.100000000002,4,4,6.25,13.166666666666666,0.1448970509477051,False,-0.255740871803043,0.5199406294768981
WATER CHEMISTRY INC,2020,112608.485,9,7,21.727272727272727,69.5,-0.04432085603383995,True,-0.46881718609201156,4.228331257645444
WAYNE PRODUCE FARM,2016,1355.95,8,2,0.75,1.2,0.18742295146727728,False,-0.15690754766745,-0.7249194676740895
WAYNE PRODUCE FARM,2017,320.51,2,1,3.25,0.0,0.19290730864680422,False,-0.33805713500952117,-0.2281640473730418
WAYSIDE CHICKEN INCORPORATED,2020,361.05,2,1,1.0,2.0,0.20070166358558145,False,-0.29077372049780553,-0.6798005937657919
WB MASON  CO INC,2020,147.35999999999999,1,1,2.0,1.0,0.19913335264462773,False,-0.3250211200664028,-0.48147864874109514
WEBSTERS FITNESS PRODUCTS INC,2020,6560.0,2,2,7.0,89.0,0.1235203643780311,False,-0.5022983979321872,1.271246858827173
WELDING PROCESSES & MECHANICAL INC,2018,4598.55,1,1,0.0,43.0,0.1936440499147436,False,-0.3405012970743591,-0.5591754301840258
WELDING PROCESSES & MECHANICAL INC,2020,47712.0,4,5,4.333333333333333,209.5,0.07216428000116815,False,-0.4463802959644316,1.7079865972245016
WESCO DISTRIBUTION INC,2020,20760.0,2,1,0.0,84.0,0.1675746851274179,False,-0.38507427449508164,-0.22538734958330328
WEST SERVICE CENTER INC,2018,562.5,1,1,3.0,15.0,0.2009307805160479,False,-0.36739297509997654,-0.16114357520344902
WEST VIRGINIA UNIVERSITY,2018,9000.0,1,1,5.0,0.0,0.1770812633179657,False,-0.3899488860440394,0.13583550117812795
WEST VIRGINIA UNIVERSITY,2019,9000.0,1,1,2.0,1.0,0.19509608497680486,False,-0.3245139427979182,-0.47973657972578876
WESTERN DETENTION PRODUCTS INC,2020,640.0,1,2,4.0,9.0,0.1913757171321972,False,-0.3342600374792916,0.0027968921160813533
WESTERN TIDEWATER CSB,2018,173700.0,3,2,7.25,322.0,-0.010409230768746336,True,-0.8195239793919323,3.2280167577732266
WESTOVER INDUSTRIAL SALES & EQUIPMENT,2020,1380.0,1,2,3.0,3.0,0.19446050260123104,False,-0.3033107424522626,-0.25308983259248397
WESTOVER INDUSTRIAL SALES & EQUIPMENT,2021,4692.0,4,3,2.6666666666666665,197.16666666666666,0.11407190949439217,False,-0.4875871531115162,1.2456203399795918
WHALEY FOODSERVICE LLC,2020,2945.15,5,4,0.16666666666666666,53.25,0.17837109663052853,False,-0.16510054480954517,-0.4240001211387007
WHITES BUILDING SUPPLY INC,2019,129.75,1,1,0.0,9.0,0.19957835330310958,False,-0.29193017774959523,-0.8329942199476794
"WIDGEON RIVER, LLC",2017,5732.57,18,12,0.0,8.727272727272727,0.13389141681829603,False,0.4510830192236106,-0.7625383175271021
"WIDGEON RIVER, LLC",2018,2041.28,12,11,0.0,10.066666666666666,0.15243581663580097,False,0.32186033407536624,-0.7655866413411492
"WIDGEON RIVER, LLC",2020,636.5899999999999,4,3,0.0,6.285714285714286,0.1921516598794637,False,-0.15425588584625483,-0.8418100824167558
"WIDGEON RIVER, LLC",2021,5057.11,23,16,0.0,44.1,0.10982347676882226,False,0.6543594910820135,-0.4544396845450991
WILDLIFE CONFLICT RESOLUTIONS,2019,605.0,1,1,15.0,0.0,0.05190898060355248,False,-0.6133332967865989,2.212849189608996
WILKINSON-COOPER PRODUCE INC,2017,704.0,1,1,0.0,15.0,0.2009229905580583,False,-0.3005138327641744,-0.7847154402826316
WILLIAM MANIS COMPANY,2016,42342.9,26,2,0.7111111111111111,2.111111111111111,0.14648518512294356,False,0.08585532185031093,-0.6910744732185692
WILLIAMS DISPOSAL LLC,2019,9420.0,2,2,4.666666666666667,368.3333333333333,0.04648548425972848,False,-0.8512722177071773,3.0291721158366154
WILLIAMS DISPOSAL LLC,2020,5100.0,1,1,4.0,244.0,0.11817511049932078,False,-0.7182885222252403,1.8859430150827707
WILLIAMS DISPOSAL LLC,2021,5100.0,1,1,3.0,46.0,0.19137685921469416,False,-0.41165188132043584,0.08860584584085938
WILLIS PRODUCE SALES LLC,2016,38958.2,26,2,0.4,6.0588235294117645,0.14925619462461592,False,0.08692690300256302,-0.7247193600121635
WILLIS PRODUCE SALES LLC,2017,48600.85,35,2,0.86,3.8181818181818183,0.1456123521992017,False,0.2008716885565694,-0.6319157450876007
WILLIS PRODUCE SALES LLC,2018,39656.45,23,3,0.7058823529411765,3.45,0.1478533705033943,False,0.09055477059255178,-0.6821423193315557
WILLIS PRODUCE SALES LLC,2019,25714.1,12,1,0.4583333333333333,3.3,0.16320484748607111,False,-0.14530515787284567,-0.7622205143149062
WILLIS PRODUCE SALES LLC,2020,156172.45,31,1,0.5801526717557252,5.214285714285714,0.11623499838639678,False,0.11094163532939,-0.6678349411126019
WILLIS PRODUCE SALES LLC,2021,39258.75,19,3,0.6666666666666666,3.2083333333333335,0.1522877546836527,False,0.03822955588102013,-0.6982120002762219
WILLIS PRODUCE SALES LLC,2022,90054.95,41,2,0.7792207792207793,0.0,0.12291156551138599,False,0.29081592250540766,-0.6623507689604465
WILLIS PRODUCE SALES LLC,2023,124997.0,15,2,1.125,0.0,0.14964280476950798,False,-0.06279325790969088,-0.6219473105888174
WINCHESTER EQUIPMENT CO,2017,543.63,2,2,0.0,8.0,0.19675512278133078,False,-0.23028718112810487,-0.8352410369148678
WINCHESTER EQUIPMENT CO,2023,1267.32,1,1,0.0,0.0,0.1951582703991998,False,-0.2789401735183889,-0.9050190265447151
WINSCHEL ENVIRONMENTAL LLC,2021,2565.0,2,2,4.0,64.0,0.17382727522315689,False,-0.39975393006937193,0.4461702593233892
WINTER PROPERTIES PARTNERSHIP LLP,2022,5417.09,1,1,7.0,0.0,0.15237065250404197,False,-0.4347348452445089,0.5508635774504259
WOOL SERVICE SUPPLY & LOGISTICS LLC,2020,450.0,1,1,0.0,119.0,0.16420788895925748,False,-0.44988199455404754,0.05010802229544906
WYOMING DEPARMENT OF CORRECTIONS,2021,2000.0,1,1,7.0,109.0,0.12641766352933154,False,-0.5914646858753924,1.4252027370017633
WYTHEVILLE OFFICE SUPPLY INC,2016,901.29,18,17,2.08,23.285714285714285,0.13775055567719313,False,0.617546486450348,-0.1931346939506641
WYTHEVILLE OFFICE SUPPLY INC,2017,2227.61,26,26,1.6,51.52173913043478,0.09485990279117573,False,1.1160401267708329,-0.016161950466260892
WYTHEVILLE OFFICE SUPPLY INC,2018,4928.7,28,35,3.0892857142857144,11.23076923076923,0.07840855935525792,False,1.5888421419096779,0.011471016047318197
WYTHEVILLE OFFICE SUPPLY INC,2019,3473.22,32,35,1.3529411764705883,76.775,0.04976019948238569,False,1.5868585201232746,0.18232118099200542
WYTHEVILLE OFFICE SUPPLY INC,2020,3217.8,29,39,1.0112359550561798,143.11940298507463,-0.002720665047913351,True,1.6462503618912274,0.6563029526969618
WYTHEVILLE OFFICE SUPPLY INC,2021,1752.16,8,10,1.4375,51.0,0.17207261071317997,False,0.13069144456028867,-0.14836191684232827
West Virginia University,2017,10000.0,1,1,0.0,0.0,0.19009515950256045,False,-0.27843986888734656,-0.9033005638885371
XPRESSCREEN INC,2019,37.67,1,1,10.0,39.0,0.11654634594892921,False,-0.5579216773478418,1.486482239371682
YORK BOLT INC,2020,1907.0,1,2,0.0,118.0,0.15765398714373874,False,-0.40156014069056134,0.04659153125319791
YOUNGLOVE PRODUCE LLC,2016,35893.2,6,1,1.5,11.666666666666666,0.18729279051183295,False,-0.26024182766765735,-0.48537491025628365
ZOLL MEDICAL CORPORATION,2019,271.15,3,3,2.3333333333333335,93.66666666666667,0.16869110759965245,False,-0.345155653861,0.34312694910114505
ZOLL MEDICAL CORPORATION,2020,558.45,4,3,6.6,5.0,0.1463626629498055,False,-0.29953023648034816,0.5197726655503848
1 ADVANCED ENTERPRISES LLC,2021,705.02,2,2,1.3333333333333333,20.333333333333332,0.20267569521032164,False,-0.2777102015067595,-0.4590464230954317
1ST CHOICE SHREDDING,2021,4710.0,5,1,3.1666666666666665,79.66666666666667,0.16887231195519553,False,-0.41021410969280914,0.3993368261633482
2 PROCUREMENT LLC,2020,5897.5,4,3,0.7142857142857143,5.571428571428571,0.19341833078678056,False,-0.16885037752008364,-0.6980327123496612
3 G FOODSERVICE,2017,213.3,2,2,3.0,41.666666666666664,0.19291547154301653,False,-0.34552558595414673,0.05855718859350693
3 G FOODSERVICE,2019,556.5,2,6,2.6666666666666665,23.0,0.19132638624455328,False,-0.12405959695067059,-0.14361552292945015
4CORE TECHNOLOGY GROUP INC,2017,47.5,1,1,1.0,43.0,0.19854715969272624,False,-0.36305237684067126,-0.35220443965224063
A & J SUPPLYINC,2016,349.0,1,1,4.0,22.0,0.1946082432034985,False,-0.39974819877811113,0.10287438623038153
A & J SUPPLYINC,2019,407.79,1,1,0.0,61.0,0.19036500230778775,False,-0.3665910534672258,-0.41550278275916064
A & J SUPPLYINC,2021,495.6,1,1,0.0,39.0,0.1931570841393414,False,-0.3349919898835778,-0.5920933473990395
A & S SANITATION INC,2021,980.0,1,1,0.0,0.0,0.1951582703991998,False,-0.2789566343902623,-0.9050755668840348
A & W AUTO TOPS AND UPHOLSTERY,2019,4875.0,1,1,2.0,13.0,0.20365554923978696,False,-0.3419833773148399,-0.3842167674352451
A F DAULTON SUPPLY,2016,1227.53,1,2,0.0,10.0,0.19729717379481376,False,-0.24650108879126134,-0.8205261416114958
A M DAVIS INC,2018,31870.59,6,2,1.8,23.875,0.18643718749583443,False,-0.23788939726966918,-0.32157813320503503
A M DAVIS INC,2019,24152.46,3,3,1.25,7.5,0.19339354920360746,False,-0.19589629859152446,-0.5690764025187514
A M DAVIS INC,2020,2251.13,6,2,0.9,3.9,0.19657299333179812,False,-0.190839071561187,-0.6748386142800971
A M DAVIS INC,2021,18702.95,14,2,1.36,8.583333333333334,0.17999328883864907,False,-0.09982855351445304,-0.5265868949514543
A M DAVIS INC,2022,11671.08,7,1,2.6,0.0,0.18991515395217584,False,-0.2560136031292575,-0.35366896956010785
A TOUCH OF ELEGANCE,2017,606.0,4,1,2.0,24.25,0.2015021684600361,False,-0.3182412797701132,-0.29032118005875235
A-ABLE PLUMBING INC.,2017,200.0,2,1,1.0,5.0,0.20143679096620215,False,-0.295091224432952,-0.6557493981646992
A-PLUS CONTRACTORS LLC,2017,100.0,1,1,7.0,12.0,0.16313719796090848,False,-0.45227257587987524,0.6461488040069446
AAM SUPPLY LLC,2016,165.23,2,3,1.0,44.0,0.19613683310534058,False,-0.2574962434124809,-0.33422985386426046
AAM SUPPLY LLC,2017,632.5,1,1,2.0,42.0,0.19832513403343327,False,-0.38387311437510874,-0.15225037950290937
AAM SUPPLY LLC,2021,497.0,3,4,8.0,8.0,0.12761525759612802,False,-0.3016271333882213,0.837606136473756
ABACUS OFFICE SOLUTIONS LLC,2016,12.17,1,1,3.0,8.0,0.19544925139909058,False,-0.3573718572803987,-0.2174452770539856
ABACUS OFFICE SOLUTIONS LLC,2017,4027.93,11,19,2.061224489795918,64.54347826086956,0.12018284182409639,False,0.5588324133889574,0.13290404755986127
ABACUS OFFICE SOLUTIONS LLC,2020,57.11,1,1,1.0,3.0,0.20217229118491892,False,-0.30560813017472493,-0.6733077200969914
ABACUS OFFICE SOLUTIONS LLC,2021,644.5600000000001,5,11,0.3125,10.875,0.1648639114675231,False,0.2199874106710761,-0.704738804723049
ABATEMENT TECHNOLOGIES INC,2020,326.5,2,1,0.0,39.5,0.19204329425742572,False,-0.3223388197808144,-0.5866378644314597
ABC SUPPLY CO INC,2019,17914.280000000002,2,1,0.0,29.0,0.18507612565780063,False,-0.3062522267193302,-0.6674669562003989
ABILIS CORP,2018,2821935.5,18,9,3.68,32.142857142857146,-0.059325323001377384,True,0.3563640361392698,0.7318962354603782
ABILITY2ACCESS,2021,922.0,2,2,1.5,11.0,0.20538902107981277,False,-0.26800929893548564,-0.4992838363154516
ABINGDON MOTOR PARTS CO,2016,99.99,1,1,1.0,94.0,0.18084882204616975,False,-0.4362900821579608,0.05721498333335164
ABSOLUTE PLUMBING AND DRAIN CLEANING SVC,2019,1754.46,1,1,0.0,14.0,0.1999390983538208,False,-0.29901755837831506,-0.7925363545329766
ACCESS OFFICE PRODUCTS LLC,2016,2852.94,13,23,3.3846153846153846,29.03846153846154,0.11906669375090212,False,0.7942257037155791,0.14258801881714014
ACCESS OFFICE PRODUCTS LLC,2017,5337.06,36,43,1.1443298969072164,54.31884057971015,0.05583489598583152,False,2.0518063627006287,-0.001249921129788372
ACCESS OFFICE PRODUCTS LLC,2018,13499.71,41,53,1.3806451612903226,67.57723577235772,0.030222963498663935,False,2.5628935850333243,0.20553083791554283
ACCESS OFFICE PRODUCTS LLC,2019,6734.04,13,26,1.8431372549019607,20.82758620689655,0.12385110985443015,False,0.9810065765364432,-0.23031060649017485
ACCESS OFFICE PRODUCTS LLC,2020,6537.39,20,24,1.0422535211267605,33.5,0.107133025923342,False,0.980710280827972,-0.29322105023893286
ACCESS OFFICE PRODUCTS LLC,2021,9960.37,39,34,2.556390977443609,12.63076923076923,0.08002458849566751,False,1.6993859480914446,-0.07507117596333386
ACCRUENT LLC,2016,38537.2,1,1,8.0,39.0,0.11577190440991297,False,-0.5111353074273706,1.0783252390520073
ACCRUENT LLC,2018,139608.0,2,1,8.666666666666666,1.0,0.08603132538819513,False,-0.4522526671978289,0.9332172272638802
ACCRUENT LLC,2019,7316.89,1,1,7.0,132.0,0.11310902082117064,False,-0.6241902007846113,1.6108844961953592
ACTION MAINTENANCE SUPPLY CO INC,2016,2244.54,5,6,1.2,68.0,0.17499088217764486,False,-0.11575182644248634,-0.08248615885189466
ACTION MAINTENANCE SUPPLY CO INC,2019,197.81,2,2,4.5,29.0,0.18693811005354782,False,-0.3607714874526129,0.2686706911617633
ADVANCED FUELING SYSTEMS,2021,400.0,1,1,1.0,47.0,0.1979971009516644,False,-0.36877655134635384,-0.3200245556949284
ADVANCED INFRASTRUCTURE MAPPING LLC,2016,360.0,1,1,16.0,21.0,0.04940009065462059,False,-0.6657956187681667,2.589247762350176
ADVANTAGE SUPPLY CENTER INC,2016,14085.31,18,20,1.5609756097560976,43.666666666666664,0.12054725176038045,False,0.7410089801942894,-0.12214409634075828
ADVANTAGE SUPPLY CENTER INC,2017,14211.34,41,37,1.7191011235955056,18.515151515151516,0.07569767245091408,False,1.8770111274729588,-0.18541842243492648
ADVANTAGE SUPPLY CENTER INC,2018,10892.62,18,17,2.16,36.80555555555556,0.13087216833867893,False,0.5969199315463503,-0.06600694817140161
ADVANTAGE SUPPLY CENTER INC,2019,10670.51,32,26,1.467741935483871,14.755555555555556,0.1062797277348792,False,1.2525569697586634,-0.3282881663192964
ADVANTAGE SUPPLY CENTER INC,2020,8755.97,23,29,3.3636363636363638,39.15555555555556,0.0893179706602768,False,1.1951252148523983,0.2607010710743233
ADVANTAGE SUPPLY CENTER INC,2021,8028.44,30,31,2.830188679245283,34.80952380952381,0.09068606673533475,False,1.4004864763890177,0.13355708893019724
ADVANTAGE TRUCK CENTER,2017,476.3,1,1,3.0,19.0,0.19943880013115173,False,-0.3731422832005737,-0.1290500209372815
ADVERTISING PROMOTIONS AND DESIGN,2016,427.68,3,5,9.666666666666666,29.0,0.1051324827097983,False,-0.3221373322540315,1.3568414159553326
ADVERTISING PROMOTIONS AND DESIGN LLC,2017,1900.0,2,2,3.5,8.0,0.19847248365506925,False,-0.30822568148842955,-0.10744112807442717
AGGREGATE TRANSPORTATION CORPORATION,2017,1740.402,1,1,7.0,6.0,0.16049005450740378,False,-0.44356204106988995,0.5983058351993235
AIR WATER & SOIL LABORATORIES INC,2017,190.0,1,2,7.0,5.0,0.15529347681448324,False,-0.3954124845020799,0.5941975317891494
AIR WATER & SOIL LABORATORIES INC,2021,360.0,1,1,4.0,1.0,0.18800266566664953,False,-0.3695896281244562,-0.06570366419611859
AIRGAS USA LLC-NORTH DIV,2021,458.64,3,1,1.6666666666666667,13.0,0.20267882493405465,False,-0.30804447180810274,-0.4514248092303887
AIRGAS USA LLC-SOUTH DIV,2016,1713.18,7,3,0.5,122.0,0.13945562826686808,False,-0.2913730733517175,0.19567128291148214
AIRGAS USA LLC-SOUTH DIV,2017,5047.87,10,3,0.7142857142857143,4.875,0.18181224210194252,False,-0.08761349260705031,-0.6949409091446184
AIRGAS USA LLC-SOUTH DIV,2018,2449.27,9,2,0.0,16.333333333333332,0.18712607309145052,False,-0.1484791120755176,-0.7576445113546187
AIRGAS USA LLC-SOUTH DIV,2019,933.58,4,3,1.1428571428571428,53.666666666666664,0.1956241219504985,False,-0.2477569769527313,-0.22383312374146158
AIRGAS USA LLC-SOUTH DIV,2020,715.0,3,2,0.2,65.0,0.17902379844059302,False,-0.30321179491545946,-0.33458418564299236
AIRGAS USA LLC-SOUTH DIV,2021,1654.31,9,4,0.0,22.0,0.18626084377380348,False,-0.06305793640896747,-0.7038622041959958
AIRGAS USA LLC-SOUTH DIV,2022,813.52,2,2,0.0,0.0,0.19151500241780767,False,-0.21878297961993948,-0.8994089608527429
AIRGAS USA LLC-SOUTH DIV,2023,1958.32,5,4,2.0,0.0,0.19226964427945592,False,-0.12955079382674325,-0.4705768625742962
AIRTEC INC,2016,338.37,1,1,0.0,59.0,0.19125988705080899,False,-0.36372284580876624,-0.4315717021690797
AIRTEC INC,2018,415.11,2,3,0.0,15.0,0.1937800187617399,False,-0.19354490263072202,-0.7748485006036081
ALL GLASS INC,2016,730.0,1,1,7.0,22.0,0.16477775447618603,False,-0.4665974065268542,0.726549071605035
ALLEGHANY HIGHLANDS CSB,2018,33000.0,1,1,1.0,353.0,0.05656852210374175,False,-0.8063531374332881,2.1428452059669443
ALLIANCE BEAUTY SUPPLY LLC,2017,775.84,2,3,1.0,7.0,0.2002142588432843,False,-0.2043258420174352,-0.6311319785047345
ALLIANCE BEAUTY SUPPLY LLC,2018,20.0,1,1,1.0,11.0,0.20488226951714628,False,-0.3170989954662864,-0.6090939884875763
ALLIANCE BEAUTY SUPPLY LLC,2019,297.58,1,2,1.0,42.0,0.19686734263391936,False,-0.3147996687222824,-0.3559584347538405
ALLIANCE BEAUTY SUPPLY LLC,2021,43.5,1,1,1.0,7.0,0.20232326670684836,False,-0.3113532795161363,-0.6411998811892006
ALLIED CONCRETE COMPANY,2020,6420.0,1,2,0.0,111.0,0.15883754653887922,False,-0.3912489392486024,-0.00871378191472301
ALPHA & OMEGA HAULING LLC,2018,400.0,1,1,0.0,2.0,0.19722002166103997,False,-0.2818620480191103,-0.8891344437540868
AMAZING SOUTHERN GRACES CATERING,2018,540.0,1,1,7.0,0.0,0.1561446393385454,False,-0.43501425897694934,0.5499038380536063
"AMERICAN BOILER, INC.",2017,4688.32,3,1,2.0,21.666666666666668,0.20467202661938294,False,-0.3276783981177739,-0.311730826717708
"AMERICAN BOILER, INC.",2018,3939.0,2,1,4.5,19.5,0.19149257917032975,False,-0.39371656119333664,0.18892000181390098
"AMERICAN BOILER, INC.",2020,507.0,1,1,0.0,75.0,0.1856884286842284,False,-0.3866906632541526,-0.30309644965119653
"AMERICAN BOILER, INC.",2021,1646.5,2,1,2.6666666666666665,20.666666666666668,0.20203250799541123,False,-0.35465770922425705,-0.18325427266286828
AMERICAN CORRECTIONAL ASSOCIATION,2018,103445.0,12,2,1.0,218.0,0.08073937986609175,False,-0.41445255843405826,1.0934266031724156
AMERICAN COUNCIL ON EDUCATION,2019,4000.0,1,1,4.0,317.0,0.09007040441176978,False,-0.8231862877886662,2.4717434893834915
AMERICAN COUNCIL ON EDUCATION,2020,2100.0,1,1,1.0,0.0,0.19935405411876017,False,-0.30118281360166194,-0.6969885973347755
AMERICAN HARDWARE & HOME INC,2017,410.34000000000003,3,1,2.3333333333333335,40.0,0.1930692324393246,False,-0.3616819639778189,-0.09611060978507022
AMERICAN LOCK & KEY CO INC,2021,267.5,1,1,1.0,182.0,0.1399571027529476,False,-0.5626566167470276,0.7636793242436338
AMERICAN PAPER INC,2020,1450.57,1,1,1.0,46.0,0.19749378547503676,False,-0.3672802706584762,-0.3278454482988952
AMERICAN PUBLIC SAFETY LLC,2020,2733.42,20,4,2.4324324324324325,57.22727272727273,0.16217523623376207,False,-0.020615543919642616,0.1009874134988463
AMERICAN PUBLIC SAFETY LLC,2021,2130.11,26,8,5.175,46.758620689655174,0.11958840192900477,False,0.20074564440117493,0.6126657034967363
AMERICAN WELDING & CONSTRUCTION SUPPLY,2017,7092.95,9,8,1.2,11.5,0.18629385539754162,False,0.11279335854834348,-0.5207444949716561
AMERICAN WELDING & CONSTRUCTION SUPPLY,2018,8549.64,6,5,0.0,11.555555555555555,0.18628814993022363,False,-0.04100413253221307,-0.7865498450528172
AMERICAN WELDING & CONSTRUCTION SUPPLY,2019,6103.12,3,3,0.0,15.0,0.1947083996907521,False,-0.1798381261942655,-0.7722542393984917
AMERIGAS PROPANE,2017,65984.81,5,1,1.4,0.0,0.17067871594837475,False,-0.2529153053020301,-0.5953706018762971
AMERIGAS PROPANE,2018,10478.94,5,1,3.6666666666666665,0.8,0.1772349922222795,False,-0.30776895271463955,-0.12870700971998006
ANCHOR SALES AND SERVICE INC,2021,150.0,1,1,2.0,54.0,0.19680667968275795,False,-0.4011338661487521,-0.05601377692288675
ANCHORAGE PHOTO & VIDEO,2016,299.97,2,2,1.4,21.0,0.204793069026174,False,-0.28017682520636794,-0.4399166067659634
ANCHORAGE PHOTO & VIDEO,2021,901.4,3,3,0.5,11.333333333333334,0.19106165945150005,False,-0.1860156387943309,-0.6987792168858735
ANNIE WIMBISH,2019,3000.0,2,2,1.5,35.5,0.1981512916076733,False,-0.30307451194061674,-0.30219799898160593
ANYSOURCE LLC,2021,66.0,1,1,1.0,15.0,0.20554675201799066,False,-0.3228407296866745,-0.5769744192107653
APEX INDUSTRIAL SUPPLY COMPANY,2017,1330.8158999999998,7,6,0.0,14.666666666666666,0.18194376131413897,False,0.014297642828435191,-0.7572961896738005
APEX INDUSTRIAL SUPPLY COMPANY,2018,1386.2262,5,5,0.0,17.0,0.18612019370852323,False,-0.06261416174180427,-0.7457284622868547
APEX INDUSTRIAL SUPPLY COMPANY,2020,406.4638,4,3,0.08333333333333333,6.0,0.19069022659963508,False,-0.15571628667682777,-0.82682676205579
APEX INDUSTRIAL SUPPLY COMPANY,2021,7483.9559500000005,14,5,0.08163265306122448,24.285714285714285,0.16769906328294082,False,0.04588074282915619,-0.6557983036119224
APOGEE TECHNOLOGY SERVICES INC,2017,612.3,1,3,1.0,10.0,0.19965941021145728,False,-0.2220243928322602,-0.6085562176086511
APPALACHIAN GRAPHICS LLC,2018,20.0,1,1,3.0,18.0,0.19943880013115173,False,-0.371732332715953,-0.13716744333768122
APPLEWOOD LLC DBA VIRGINIA POLYGRAPH,2018,3300.0,2,2,3.5,97.0,0.16563184013296783,False,-0.4359576978020607,0.6072933779829371
APPLEWOOD LLC DBA VIRGINIA POLYGRAPH,2019,3300.0,1,1,5.0,1.0,0.18012575100262107,False,-0.39171153757806143,0.14274145451631234
APPLIED LABORATORY SERVICES LLC,2018,6512.1,3,1,3.0714285714285716,23.454545454545453,0.199653441331603,False,-0.3540239836751579,-0.07430532337224108
AQUIONICS,2017,2810.5,1,2,5.0,64.0,0.16705270693384244,False,-0.43541111455138104,0.6526101954578714
AQUIONICS INC,2017,5919.15,2,3,2.5,8.0,0.19606919761991531,False,-0.2389027864815809,-0.31029236655234194
ARC3 GASES,2016,354.4,2,2,0.4,32.0,0.19097731548388414,False,-0.27368037806406553,-0.5594685436322547
ARC3 GASES,2018,150.0,1,1,0.0,49.0,0.19242402116863117,False,-0.34937271370402084,-0.5118850634952296
ARC3 GASES,2019,19.0,1,1,1.0,13.0,0.2050497897787124,False,-0.31997123756229756,-0.5930389266952786
ARC3 GASES,2021,24.95,1,1,7.0,0.0,0.1547626076182021,False,-0.43504376674549455,0.5498024838082813
ARCHITECTURAL PRODUCTS OF VIRGINIA,2017,2786.65,4,4,0.6,21.333333333333332,0.19302883533063364,False,-0.14231439675153576,-0.5916459107502025
ARCHITECTURAL PRODUCTS OF VIRGINIA,2018,1200.0,1,1,0.0,7.0,0.19887983268118198,False,-0.28899667717087985,-0.8488388691066139
ARCHITECTURAL PRODUCTS OF VIRGINIA,2021,53.849999999999994,1,2,0.0,15.0,0.19804261680955487,False,-0.2537487921933408,-0.7806189580851046
ARMY NAVY STORE,2016,299.9,1,1,2.0,7.0,0.20211152391042264,False,-0.33362893530052024,-0.4332828553857184
ARMY NAVY STORE,2017,487.64,2,4,1.25,105.75,0.16027025458992145,False,-0.3049267759894842,0.217730764898359
ARROW SAFETY DEVICE COMPANY,2019,792.9399999999999,9,3,2.3076923076923075,95.18181818181819,0.16112981015978856,False,-0.26644468486746553,0.3589124605644759
ASHLEY'S U.S. LOCK & SECURITY,2020,12.5,1,1,3.0,66.0,0.17992672273755406,False,-0.44066519771747137,0.2481572866341659
ASSOCIATES POLYGRAPH & DIAGNOSTICS,2016,79871.5,10,3,2.076923076923077,317.0,0.035620355273678184,False,-0.5619407646936383,2.10865382449884
ASSOCIATES POLYGRAPH & DIAGNOSTICS,2019,74674.0,8,2,5.75,114.0,0.09503880431578599,False,-0.42615002679323727,1.2343578775489616
ASSOCIATES POLYGRAPH & DIAGNOSTICS,2021,36747.0,4,2,3.25,125.0,0.14041230899955143,False,-0.44191767570799256,0.789632121378984
ATLANTIC ELECTRICAL SUPPLY CORP,2018,9042.9236,10,10,0.0,6.7,0.15403574453483843,False,0.25353221337709136,-0.7984094846125415
ATLANTIC ELECTRICAL SUPPLY CORP,2019,1005.1855,8,7,0.0,15.166666666666666,0.17626051422628852,False,0.0737441334999083,-0.7476470874500867
ATLANTIC ELECTRICAL SUPPLY CORP,2020,3009.0423,7,7,0.0,51.0,0.1654337663738507,False,0.009018054631558435,-0.4610709865083176
ATLANTIC ELECTRICAL SUPPLY CORP,2021,16476.6945,14,6,0.0,12.333333333333334,0.16244015246322324,False,0.11218257835274603,-0.7627222261380906
ATLANTIC FENCE SUPPLY,2017,34521.049999999996,6,2,0.0,3.7142857142857144,0.1756719619338813,False,-0.1686622795619495,-0.8570591283576839
ATLANTIC FENCE SUPPLY,2018,23418.57,3,2,0.0,9.333333333333334,0.1834703983235002,False,-0.21751053685373095,-0.8185611355974349
ATLANTIC FENCE SUPPLY,2020,560.0,1,1,0.0,62.0,0.190316200284825,False,-0.3680184255950595,-0.4074452007867985
ATLANTIC FENCE SUPPLY,2021,7388.6675,5,3,0.0,49.0,0.18258938165387972,False,-0.20182980902921507,-0.4961119773687041
ATLANTIC GREEN LLC,2016,1785.0,2,1,0.5,93.0,0.16547557119039702,False,-0.41023137688701067,-0.05293940115614611
ATLANTIC GREEN LLC,2017,135.0,1,1,0.0,45.0,0.19445165924084595,False,-0.34362920346028564,-0.5439985324291515
ATLANTIC GREEN LLC,2020,2475.0,3,1,2.3333333333333335,35.0,0.19490035260298932,False,-0.3543832153731022,-0.13584246158541616
ATLANTIC GREEN LLC,2021,8158.85,8,4,2.2222222222222223,53.0,0.1879560921300814,False,-0.170119153497196,0.006725067859424696
ATLANTIC INDUSTRIAL SERVICES INC,2017,5088.45,2,1,1.0,38.0,0.19682930243578478,False,-0.34220220915532584,-0.3898756567577752
ATLANTIC INDUSTRIAL SERVICES INC,2019,250.0,1,1,7.0,6.0,0.16022874566581619,False,-0.443647427803712,0.5980125460624613
ATLANTIC MERCHANDISING SERVICE LLC,2017,127.0,1,2,0.0,45.0,0.1916735838601839,False,-0.296827373425184,-0.5397756845804539
ATLANTIC PUMP & EQUIPMENT CO INC,2017,410.0,2,2,0.5,111.0,0.16005113788319675,False,-0.38935752699682535,0.0955117684476348
"ATLANTIC SOURCE, INC.",2021,9321.83,8,8,0.0,2.0,0.16427277592474815,False,0.13993144133915378,-0.8474831912838058
ATLANTIC TACTICAL INC,2020,2740.77,4,3,3.6,141.33333333333334,0.12925192802036162,False,-0.42832143757451185,0.9910358634574205
ATTRONICA COMPUTERS INC,2020,8768.65,6,5,1.3,3.0,0.19064307429317356,False,-0.05768246566255296,-0.5849610343902603
ATTRONICA COMPUTERS INC,2021,1538.0,10,7,3.0,19.88888888888889,0.1785243601242506,False,0.026883884360881266,-0.0830843883817427
AUDIO VISUAL INNOVATIONS INC,2018,1198.0,1,1,3.0,40.0,0.19242311432883008,False,-0.4032588766830549,0.039672214045183264
AUGUSTA COUNTY SERVICE AUTHORITY,2017,3150.0,1,1,5.0,0.0,0.17848843960213784,False,-0.3902840388369504,0.13468430743936266
AUGUSTA COUNTY SERVICE AUTHORITY,2018,3150.0,1,1,6.0,1.0,0.15694151707385107,False,-0.41401047645561456,0.35057850679236996
B & G HARDWARE LLC,2016,12743.66,16,13,1.5434782608695652,21.61111111111111,0.16060903889986106,False,0.4186181263393974,-0.33561989526829944
B & G HARDWARE LLC,2017,20382.31,28,27,2.802469135802469,21.72222222222222,0.10723339537192517,False,1.2066357335567892,0.005318598487221917
B & G HARDWARE LLC,2018,16366.9,13,14,2.7837837837837838,92.62162162162163,0.11316755643908749,False,0.2958607884267539,0.49275680180375664
B & G HARDWARE LLC,2019,12041.380000000001,11,11,3.4615384615384617,63.76,0.14544316980181732,False,0.1547848709866865,0.38547458859665124
B & G HARDWARE LLC,2020,12940.94,19,16,1.127659574468085,34.77272727272727,0.13813707029666228,False,0.5895464515819767,-0.29926120167618525
B & G HARDWARE LLC,2021,71720.11,35,15,2.4615384615384617,82.23611111111111,0.06925804679802328,False,0.6623117269002782,0.38996764485769353
B E PUBLISHING,2018,2874.71,1,2,0.0,63.0,0.1839321607865585,False,-0.32251961740796037,-0.3947376485708689
B W WILSON PAPER CO INC,2016,34656.2,16,5,1.4705882352941178,15.5,0.17418375827315735,False,0.055856076488102174,-0.42931234170453303
B W WILSON PAPER CO INC,2017,54336.4,58,15,1.835820895522388,31.9375,0.08216789483201353,False,1.0552575064529064,-0.11337385263195394
B W WILSON PAPER CO INC,2018,27227.0,20,7,2.0,65.0,0.13802252198533277,False,0.11967129833648059,0.09098898185866569
B W WILSON PAPER CO INC,2019,29057.809999999998,11,5,1.5,1.0,0.1680879952036265,False,0.008798559025321286,-0.5480756478923525
B W WILSON PAPER CO INC,2020,30599.329999999998,43,10,2.3472222222222223,26.434782608695652,0.12528221492462477,False,0.6156756775087553,-0.09916177488320405
B W WILSON PAPER CO INC,2021,44588.92,82,15,2.126315789473684,17.677419354838708,0.06374272539616554,False,1.3898443262392077,-0.1339838037515435
B W WILSON PAPER CO INC,2022,12904.58,20,6,3.0,0.0,0.14864898633539264,False,0.14310412406838996,-0.22998321504289732
B3 ENTERPRISES LLC,2016,19551.0,1,1,0.0,28.0,0.1861247091929253,False,-0.31810326909232417,-0.6766474478371723
BAKER & TAYLOR LLC,2022,3790.57,1,2,9.0,0.0,0.12341814742589347,False,-0.43260643239366003,0.9705010645574887
"BAKER & TAYLOR, INC.",2016,862.48,1,2,0.0,109.0,0.1616677831209939,False,-0.3886951507427538,-0.02586267847980725
"BAKER & TAYLOR, INC.",2017,1406.77,2,2,1.0,77.0,0.18662089457254138,False,-0.3516184518954843,-0.07329819270052121
BALL OFFICE PRODUCTS,2018,3947.39,6,7,0.2,33.9,0.17873024113758362,False,0.01579002039474136,-0.5580604250523253
BASS CRANE SERVICE LLC,2017,13380.0,4,3,6.166666666666667,15.0,0.1520822502060984,False,-0.30349745051955435,0.5124965367233504
BASS CRANE SERVICE LLC,2020,4800.0,1,1,2.0,28.0,0.20278888046719962,False,-0.36352906018253395,-0.2638170869976894
BATEMAN PRODUCE FARMS INC,2016,9495.0,6,1,1.0,6.166666666666667,0.19779833748920744,False,-0.2427105281208281,-0.6386549328817406
BATEMAN PRODUCE FARMS INC,2017,8471.25,6,1,1.1666666666666667,5.25,0.19993671857600814,False,-0.24516781936002488,-0.611570623623364
BATEMAN PRODUCE FARMS INC,2018,7368.75,5,1,0.6,6.666666666666667,0.19319182513456795,False,-0.2480151556102146,-0.7196811056201295
BATEMAN PRODUCE FARMS INC,2019,1260.0,1,1,0.0,8.0,0.1986272370659416,False,-0.29042933210880484,-0.8407994327025684
BATEMAN PRODUCE FARMS INC,2022,9384.0,5,1,1.2,0.0,0.1952837385244623,False,-0.25169995754982033,-0.6480821206893216
BATTERIES PLUS BULBS 218,2016,95.15,1,2,3.0,3.0,0.1942645823203955,False,-0.3033843528908902,-0.25334267212671524
BATTERIES PLUS BULBS 218,2017,146.49,1,2,0.0,7.0,0.19704219333060402,False,-0.24225474552834506,-0.844821762209338
BATTERY BARN OF VIRGINIA,2018,249.6,1,1,2.0,12.0,0.2047713133331066,False,-0.34081227905396705,-0.3931546072401385
BATTERY EXPRESS LLC,2017,391.21000000000004,3,4,3.6666666666666665,17.666666666666668,0.18857365326494413,False,-0.21892392483145795,0.014430598074852231
BAUDVILLE,2016,145.25,1,2,5.0,43.0,0.18034851743132385,False,-0.40540586913909843,0.4835054984940431
BAY FORENSIC PSYCHOLOGY,2019,1500.0,1,1,13.0,35.0,0.07640144638019464,False,-0.618964564927815,2.078259197390468
BAYS TRASH REMOVAL INC,2017,1615.0,3,2,0.0,0.0,0.18976246485351206,False,-0.20535615774367832,-0.8977762966972482
BAYVIEW PHYSICIAN SERVICES PC,2021,200.0,1,1,12.0,70.0,0.08330408958166913,False,-0.6470119321964132,2.151103831602566
BEACH BULLY INC,2017,286.0,1,1,5.0,66.0,0.1706637966075557,False,-0.48523021904065694,0.6639442475297308
BEAMERS PRODUCE MARKET INC,2016,31336.25,8,1,0.25,6.5,0.17647231956183967,False,-0.19845834951899122,-0.7846310586412446
BEC-PLASTIC CARD SOLUTIONS INC,2017,68.0,1,1,0.0,21.0,0.20031465279397503,False,-0.309166824303133,-0.7366748199718303
BEC-PLASTIC CARD SOLUTIONS INC,2018,151.0,1,2,0.0,27.0,0.19762265680496582,False,-0.27097633519494796,-0.6842682889323171
BEC-PLASTIC CARD SOLUTIONS INC,2019,210.0,1,2,1.0,66.0,0.18676421875937804,False,-0.3492709039339183,-0.1633125662758008
BELEW ENTERPRISES,2017,1979.97,1,2,0.0,137.0,0.14697877642561025,False,-0.42884171580765335,0.1991308471599649
BELL PERFORMANCE ENTERPRISES LLC,2018,176.0,1,1,1.0,0.0,0.2001884197881843,False,-0.3012930416313304,-0.697367212164414
BELTWAY SUPPLY INC,2016,1100.76,4,6,0.6,9.333333333333334,0.18462077767704832,False,-0.03157329764613947,-0.6798603762467411
BELTWAY SUPPLY INC,2017,1280.94,2,5,0.6666666666666666,19.0,0.18603201718013457,False,-0.1204953213252261,-0.5955410432339877
BELTWAY SUPPLY INC,2019,163.9,2,3,2.3333333333333335,5.666666666666667,0.19627106271734407,False,-0.23216657113661082,-0.3648004782394272
BELTWAY SUPPLY INC,2020,1825.01,4,7,0.5555555555555556,45.0,0.17566749678806193,False,-0.0349594632325882,-0.3984131686541705
BEST INK STORE INC,2016,8775.95,12,3,1.5294117647058822,5.428571428571429,0.190262631066482,False,-0.07960251922508749,-0.5173760660693346
BEST INK STORE INC,2017,15765.17,22,2,3.253968253968254,9.833333333333334,0.16197849310708462,False,-0.036961950004209924,-0.11163822768469032
BEST INK STORE INC,2018,6573.09,10,3,1.3846153846153846,15.0,0.18728702068818426,False,-0.11700842644784705,-0.4740218924061914
BEST INK STORE INC,2019,8985.97,12,2,4.46875,6.294117647058823,0.16888114453256226,False,-0.19315464363729956,0.09637928204263634
BEST INK STORE INC,2020,2556.6800000000003,5,3,1.25,3.6666666666666665,0.1974981024906633,False,-0.16486671473262235,-0.6011488231028139
BEST INK STORE INC,2021,3779.0,11,2,1.380952380952381,10.235294117647058,0.18450018314633282,False,-0.14366567947457162,-0.5163319140400582
"BEST PROMOTIONAL PRODUCTS & APPAREL, LLC",2016,1538.75,1,3,1.8,31.0,0.19769891491158775,False,-0.2699615321399466,-0.2735004347939448
BEST REPAIR COMPANY INC,2017,2760.0,1,1,1.0,90.0,0.1808631306745076,False,-0.4303933177137871,0.025627916923042535
BEVELLS HARDWARE INC,2016,2590.9700000000003,1,1,4.0,65.0,0.17407040989852302,False,-0.4613717272112106,0.4485036322847649
BEVELLS HARDWARE INC,2017,89.99,1,1,0.0,6.0,0.1988253337695502,False,-0.28762417843536237,-0.8570849319957262
BEVELLS HARDWARE INC,2018,391.95,1,1,0.0,28.0,0.19966380474447543,False,-0.3192009116764304,-0.6804176663672051
BEVELLS HARDWARE INC,2019,212.87,1,2,1.0,12.0,0.20320003982952856,False,-0.2717217497752743,-0.5968039830960332
BIG RED BARN RICE VA LLC,2021,169.51,1,1,1.0,14.0,0.20554675201799066,False,-0.3213987070849599,-0.5849816792578492
BIG TEX TRAILER WORLD,2017,9998.0,2,1,0.0,84.0,0.17062185130852398,False,-0.38569084105188634,-0.22750515249212228
BINKLEY & HURST LP,2021,1070.0,1,1,1.0,19.0,0.20464002116209673,False,-0.3285275790565312,-0.5446663296601528
BLEVINS BUILDING SUPPLY,2016,721.0,1,1,0.0,7.0,0.19887983268118198,False,-0.28902411959614555,-0.8489331292435147
BLEVINS BUILDING SUPPLY,2017,721.0,1,1,1.0,16.0,0.20569556982553816,False,-0.3242392964345513,-0.5688178955802983
BLUE RIDGE BEHAVIORAL HEALTHCARE,2018,110325.0,1,1,18.0,309.0,-0.09468952143635057,True,-1.1176709079706715,5.338577628156143
BLUE RIDGE BEHAVIORAL HEALTHCARE,2019,110325.0,1,1,13.0,188.0,-0.025792173593430667,True,-0.832452001191096,3.3279016338930725
BLUE RIDGE BEHAVIORAL HEALTHCARE,2021,156325.0,1,1,9.0,308.0,-0.02707499235087185,True,-0.9129863191397185,3.4688029899958193
BLUE RIDGE CATERING INC,2017,360.0,1,1,1.0,17.0,0.2044907222481272,False,-0.32569607091535085,-0.5608613057683927
BLUE RIDGE SPRINGS INC,2018,114.0,1,1,6.0,34.0,0.16782659840551517,False,-0.46157546144290856,0.6148928332893522
BLUE RIDGE SPRINGS INC,2019,522.0,1,1,5.0,413.0,0.031757780492595034,False,-0.983540762003087,3.44957805205512
BLUE RIDGE SPRINGS INC,2021,541.2,1,2,3.0,273.0,0.10072780059496256,False,-0.6911037468728533,1.9142050119056138
"BOB BARKER COMPANY, INC.",2016,4596.75,11,8,1.2173913043478262,69.57142857142857,0.15857659149286496,False,0.055628561465404666,-0.04849484927966296
"BOB BARKER COMPANY, INC.",2017,15374.74,48,19,1.805084745762712,28.170212765957448,0.10034670825047892,False,1.1125207542093207,-0.15552409475148118
"BOB BARKER COMPANY, INC.",2018,5708.4,13,13,4.055555555555555,13.615384615384615,0.14657606974118326,False,0.3335598880157923,0.11656099795349224
"BOB BARKER COMPANY, INC.",2019,14660.06,18,18,2.0952380952380953,30.032258064516128,0.13443365185437772,False,0.6551087068808721,-0.12887650573583875
"BOB BARKER COMPANY, INC.",2020,4148.9049,8,5,1.8125,7.421052631578948,0.1956820359820826,False,-0.048958169397464966,-0.44089805393558745
"BOB BARKER COMPANY, INC.",2021,15011.68,22,12,3.8266666666666667,22.23913043478261,0.13467705129945112,False,0.40043624909246267,0.1490917127922965
BOOKEND CREATIVE LLC,2021,600.0,1,1,2.0,12.0,0.20522835805355666,False,-0.3407922042610379,-0.3930856536869652
BOOKWORM CENTRAL,2016,115.0,1,1,0.0,51.0,0.19242402116863117,False,-0.35224690369660616,-0.4958366924015844
BRIGHT IDEAS LLC,2016,844.69,2,4,0.8,194.6,0.10905006153355618,False,-0.42247247482286987,0.8375159328523324
BRIGHT IDEAS LLC,2017,842.29,2,4,8.333333333333334,11.0,0.12863776604053961,False,-0.3267266478570577,0.9295708842989585
BRIGHT IDEAS LLC,2018,55.0,1,1,1.0,26.0,0.20378628125215253,False,-0.33863837631565225,-0.4886726616720267
BROAD SERVICES LLC,2017,4798.72,1,1,0.0,17.0,0.19844935907287437,False,-0.3031514266555734,-0.7678544011878149
BROWN MOTOR PARTS INC,2016,77.98999999999998,1,1,6.0,27.0,0.1706085064900013,False,-0.45152487767727084,0.558692342030905
BROWN MOTOR PARTS INC,2017,1728.33,2,3,0.0,2.0,0.19037347536414556,False,-0.1748004656121961,-0.8789492590257972
BROWN MOTOR PARTS INC,2018,58.8,1,1,0.0,21.0,0.20031465279397503,False,-0.3091673513810296,-0.7366766303961716
BUSINESS SERVICES,2021,1339.92,3,2,1.25,33.666666666666664,0.20017502470260734,False,-0.2815832931094436,-0.3677336964159673
BUY RIGHT SERVICES INC,2016,8932.35,7,2,1.6666666666666667,18.6,0.19819477792240026,False,-0.21527521603744926,-0.3946783830647821
BUY RIGHT SERVICES INC,2017,2059.8,1,1,1.0,14.0,0.2047258520800806,False,-0.3212904103374537,-0.5846096980591395
BUY RIGHT SERVICES INC,2018,5695.0,1,1,0.0,10.0,0.1991076596396717,False,-0.29304743099296077,-0.823871431521354
"Bitrix, Inc.",2017,1826.82,1,1,32.0,0.0,-0.021272217647402725,True,-0.992199166079811,5.7468213168605615
"C & C CLEANING SERVICE, INC",2018,9871.44,2,1,2.0,343.6,0.07435809654655828,False,-0.8030883699234408,2.2721756458608233
"C & C CLEANING SERVICE, INC",2021,8044.0,1,3,2.0,252.0,0.10668475934524635,False,-0.5914233293582809,1.5434590893152027
C & H DISTRIBUTORS LLC,2017,4452.99,2,2,0.0,27.0,0.1983713246097713,False,-0.25734896533524887,-0.6819467760256286
C AND D SALES INC,2016,2724.0299999999997,4,5,2.4285714285714284,120.16666666666667,0.1493194144415188,False,-0.27820898346087936,0.5860624210365327
C AND D SALES INC,2017,12126.17,15,7,0.5217391304347826,21.85,0.16987968329255976,False,0.14681996668583291,-0.573030582791902
C AND D SALES INC,2019,7490.34,3,2,1.5,25.8,0.2051305898073953,False,-0.2755062550028705,-0.3777074256733629
C AND D SALES INC,2020,2178.5,3,1,1.5,8.25,0.20197561644381817,False,-0.2974094427308755,-0.5238620336083272
C AND D SALES INC,2021,10607.05,4,3,0.625,18.75,0.19016464843420022,False,-0.18551599924411388,-0.6098727715544566
C&L MACHINE & WELDING INC,2017,9915.810000000001,3,3,1.3333333333333333,25.0,0.19989111552678185,False,-0.2237010773957509,-0.4140722385864814
C&L MACHINE & WELDING INC,2018,4583.0,2,2,0.5,50.0,0.18521021430279866,False,-0.3015168147873514,-0.393352433300725
C&L MACHINE & WELDING INC,2019,23945.45,3,3,2.2,0.0,0.18589145640094423,False,-0.2063132933539861,-0.43185111713908536
C&L MACHINE & WELDING INC,2020,7358.5,4,2,0.75,27.5,0.19698096506924495,False,-0.24785650220544014,-0.5185113828888426
C&L MACHINE & WELDING INC,2021,445025.17,16,4,2.761904761904762,93.91666666666667,0.04844336703721824,False,-0.10883320253415137,0.5451392656762398
CALHOUN ENTERPRISES INC,2018,275.0,1,1,0.0,3.0,0.19858194881118713,False,-0.28330530180604196,-0.8811314126221218
CALIPER INC,2016,373348.45999999996,13,2,3.0,35.75,0.081044127777889,False,-0.1684614447302141,0.1007122711949237
CAMCOR INC,2017,808.03,2,2,3.6666666666666665,19.333333333333332,0.1925933152996751,False,-0.3282790130550408,0.017968215281395805
CANN ENTERPRISES INC,2017,686.0,3,2,1.0,16.0,0.2044523782812443,False,-0.25067720480869393,-0.5616504715140199
CANON SOLUTIONS AMERICA INC,2017,46693.87,6,5,4.5,73.0,0.13649725412379426,False,-0.2273652618767347,0.6496091640988917
CANON SOLUTIONS AMERICA INC,2019,54501.4,4,5,5.2,67.0,0.12753852886513556,False,-0.2606664557707177,0.7455365047697311
CANTWELL CLEARY CO INC,2019,367.5,1,1,2.0,24.0,0.20438995733581156,False,-0.35803863326575336,-0.2967998547933201
CAPITAL JANITORIAL SUPPLY & SERVICE LLC,2017,466.92,1,2,0.0,21.0,0.1977334091096964,False,-0.26234168138350306,-0.7323718962673755
CAPITAL JANITORIAL SUPPLY & SERVICE LLC,2019,19161.35,2,2,5.625,18.0,0.16098176795298497,False,-0.368964667787795,0.4179484053524128
CAPITAL OFFICE SYSTEMS INC,2016,7521.5,8,7,2.388888888888889,265.4,0.06660595303357814,False,-0.3384898866933546,1.7589858024497722
CAPITAL OFFICE SYSTEMS INC,2017,41288.16,29,17,1.671875,28.5,0.11521752367804772,False,0.7686592911939379,-0.2119399528400994
CAPITAL OFFICE SYSTEMS INC,2018,7242.62,8,7,2.2857142857142856,9.444444444444445,0.18839374818188714,False,0.031369762196494136,-0.31723194230439555
CAPITAL OFFICE SYSTEMS INC,2019,34458.21,7,6,1.0625,23.666666666666668,0.18134614137527832,False,-0.020412776542482542,-0.45767031270301745
CAPITAL OFFICE SYSTEMS INC,2020,10542.0,10,8,3.0454545454545454,31.714285714285715,0.17411155794443395,False,0.056206461523347524,0.02729027054483824
CAPITAL OFFICE SYSTEMS INC,2021,84624.59,27,18,4.68,39.392857142857146,0.06154152028381116,False,0.7084872677125377,0.5105949953903307
CAR CARE INC,2021,347.25,1,2,6.0,5.0,0.16335883761494957,False,-0.37311313026422777,0.38636190620618666
CARAHSOFT TECHNOLOGY CORPORATION,2018,25581.8,3,4,6.4,25.666666666666668,0.14251881430255742,False,-0.28989641164323476,0.651777393891191
CARE SUPPLIES LLC,2016,170.52,1,1,7.0,26.0,0.16376787949712857,False,-0.472373829347764,0.7585494913459577
CARE SUPPLIES LLC,2018,264.9,1,1,5.0,9.0,0.18694187305774063,False,-0.40337416094169454,0.20636522590061976
CARING FOR OUR COMMUNITY,2017,140.0,1,1,1.0,4.0,0.20275214383482743,False,-0.307039473719927,-0.6652637792784708
CARMEN MARIA RODRIGUEZ,2017,2500.0,1,1,0.0,0.0,0.19292598733850613,False,-0.2788695519551811,-0.9047764532972106
CARMEN MARIA RODRIGUEZ,2018,1600.0,1,1,0.0,24.0,0.19937510587441193,False,-0.3133873315825466,-0.7122904570956237
CAROLINA REFRIGERANTS INC,2021,3536.95,3,2,0.0,11.0,0.19710984090276829,False,-0.22104306358785997,-0.8090941631008439
CAROUSEL INDUSTRIES,2016,5222.0,1,1,15.0,92.0,0.02799339857258698,False,-0.7451892849170696,2.952299641696382
CAROUSEL INDUSTRIES,2017,130.0,1,1,1.0,7.0,0.20232326670684836,False,-0.31134832383808725,-0.6411828592646871
CAROUSEL INDUSTRIES,2018,32839.1,4,3,1.65,52.72222222222222,0.1777538197270131,False,-0.25587715525922655,-0.11971819150561651
CAROUSEL INDUSTRIES,2019,188668.95,4,3,5.6,77.0,0.08592197779249577,False,-0.3698614913442416,0.9269127768927403
CAROUSEL INDUSTRIES,2021,45464.58,8,8,5.704545454545454,60.32142857142857,0.11131197335687965,False,-0.06890914958997651,0.8135962745480353
CARRERAS TECHNOLOGIES INC,2017,4803.45,14,15,0.36666666666666664,39.07692307692308,0.1352317103971757,False,0.48615500826691127,-0.43609418268160355
CARRERAS TECHNOLOGIES INC,2018,537.95,4,6,2.4285714285714284,15.666666666666666,0.19080174846375147,False,-0.08146028191408648,-0.24903060581897782
CARRERAS TECHNOLOGIES INC,2020,4219.95,4,5,1.75,21.0,0.19782204913482898,False,-0.12058519262014807,-0.3507687571699351
CARRERAS TECHNOLOGIES INC,2021,2395.65,11,7,2.6842105263157894,12.0,0.17873632476187878,False,0.05868215405817234,-0.21041182105597447
CARTER MACHINERY COMPANY INC,2016,227685.69,28,6,2.2758620689655173,43.5,0.09493939507086335,False,0.2161276636615066,0.0227599041100776
CARTER MACHINERY COMPANY INC,2017,127058.9,14,6,2.875,56.0,0.13444817223275618,False,-0.008276158877288392,0.20719492252449273
CARTER MACHINERY COMPANY INC,2019,404897.21,22,3,2.1363636363636362,422.0,-0.06716479598823755,True,-0.5348634942840019,3.0455702086087326
CARTER MACHINERY COMPANY INC,2021,331455.8,19,3,1.4285714285714286,14.0,0.08842471184347417,False,0.022488888520496308,-0.39570590045001436
CASAS,2019,122.9,1,1,1.0,7.0,0.20232326670684836,False,-0.31134873060472473,-0.641184256439994
CATER NATION,2016,2310.21942,7,2,2.2857142857142856,0.0,0.19138701884750237,False,-0.20274207146981424,-0.41661612020961153
CATER NATION,2017,12382.41638,35,6,2.911111111111111,52.56,0.13640768438408457,False,0.27028811947191683,0.19549336847006651
CATER NATION,2018,1727.09,8,4,1.4,30.266666666666666,0.19886200671462578,False,-0.1195128514857852,-0.347947893331094
CATER NATION,2019,9108.72018,23,5,3.7096774193548385,25.933333333333334,0.14964793384767955,False,0.08316546184682409,0.12517162495044787
CATER NATION,2021,4567.42,17,6,2.1551724137931036,31.5531914893617,0.17559396597128696,False,0.07600196650214922,-0.15836276781050543
CCC CLUB,2021,154.0,1,1,2.0,8.0,0.20186137730883397,False,-0.3350733864709342,-0.4252839370655722
CDWG,2016,27222.45,8,5,1.4666666666666666,4.857142857142857,0.18400788990538763,False,-0.036245505443265005,-0.5288268265040248
CDWG,2019,14018.49,6,6,0.875,57.285714285714285,0.1760335138367397,False,-0.07906531344929764,-0.2322612234742597
CDWG,2020,1372.59,1,1,1.0,8.0,0.20222368081936265,False,-0.31271322692278686,-0.6329107065865345
CDWG,2021,10492.19,4,3,2.2,8.5,0.19337567891178375,False,-0.20590992628728522,-0.3647887266675792
CEDAR VIEW FARMS,2019,2310.0,3,1,1.0,6.333333333333333,0.20188206354122318,False,-0.2835042259082582,-0.6431557308496316
CEDAR VIEW FARMS,2020,735.0,1,1,0.0,13.0,0.20060120584568175,False,-0.29763987193589186,-0.8007645985172948
CEDAR VIEW FARMS,2021,135.0,1,1,0.0,21.0,0.20031465279397503,False,-0.30916298580106033,-0.7366616353597795
CEIA USA LTD,2021,2185.0,3,2,0.14285714285714285,21.0,0.19571284127508248,False,-0.23866577731323022,-0.6993886897429996
CELLEBRITE USA INC,2019,11550.0,1,1,14.0,45.0,0.05645669776755252,False,-0.6550400588577899,2.3683797521500827
CELLULAR ACCESSORIES FOR LESS,2017,69.98,2,1,1.5,8.5,0.20301355571263047,False,-0.3112701694353512,-0.5237449966406559
CENGAGE LEARNING,2016,3811.12,1,1,1.0,6.0,0.20217204454724635,False,-0.3097013361109972,-0.648486098417456
CENGAGE LEARNING,2019,3411.39,1,2,2.0,4.0,0.20259128078041,False,-0.2823401091202449,-0.4525290257698208
CENTRAL YORK CORPORATION,2021,2381.0,5,3,1.0,58.0,0.1891975700153612,False,-0.23733188052550025,-0.2169821788288754
CHAPTERS BOOKSHOP,2017,658.99,1,2,3.0,6.0,0.19738454563038055,False,-0.3076603270981644,-0.2291488288624953
CHARLES BERRIER & SON LLC,2016,11592.0,3,1,1.6666666666666667,7.0,0.19679864629312377,False,-0.2987900752226155,-0.4973997038821192
CHARLES BERRIER & SON LLC,2018,9072.0,3,1,0.0,11.0,0.19495328733253908,False,-0.26752824298295164,-0.8122293690087138
CHARLOTTESVILLE SANITARY SUPPLY CORP,2018,232.5,1,2,0.0,90.0,0.1721655388210231,False,-0.3614454873277437,-0.17851160574117775
CHASE INC,2019,1345.0,1,1,0.0,7.0,0.19887983268118198,False,-0.2889883699649017,-0.8488103352447128
CHECKERED PIG,2019,32.99,2,1,4.0,285.0,0.09571508648471222,False,-0.7640777009550566,2.2155536477799673
CHEMSOLV INC,2021,3706.5499999999997,2,2,5.0,40.0,0.18164624778588356,False,-0.3875126569988647,0.46159836666425513
CHEMTREAT INC,2018,21973.079999999998,1,1,2.0,440.0,0.02474417466198542,False,-0.9542152657727578,3.046945588896264
CHEMTREAT INC,2020,4200.0,1,1,6.0,141.0,0.1149840638681876,False,-0.615003257171598,1.474653231738247
CHESAPEAKE FARMS INC,2021,127738.2,20,2,0.41379310344827586,7.0,0.12881060191298221,False,0.01006870993855224,-0.7056758924713802
CHESAPEAKE FARMS INC,2022,215954.0,28,3,0.125,0.0,0.09470215971875129,False,0.18546215496738297,-0.7885161809032489
CHESAPEAKE FARMS INC,2023,55723.5,9,3,0.3076923076923077,0.0,0.1574942988865583,False,-0.08202707761927726,-0.8100955067304502
CHESAPEAKE PACKAGING PRODUCTS INC,2018,17241.48,2,2,3.6666666666666665,14.0,0.18480085592195283,False,-0.31967836354706547,-0.021611946951681674
CHESAPEAKE SYSTEMS INC.,2020,651.0,1,1,0.0,31.0,0.19709334068074308,False,-0.3234943476306706,-0.6562838012807011
"CHESTERFIELD TRADING CO., INC.",2017,10378.11,15,9,0.0,5.375,0.1481423104172237,False,0.27561376283628464,-0.8056330470067583
"CHESTERFIELD TRADING CO., INC.",2018,976.0799999999999,4,3,0.0,5.333333333333333,0.1921516598794637,False,-0.15286872904899235,-0.8493886370181146
"CHESTERFIELD TRADING CO., INC.",2019,1563.7999999999997,2,3,0.0,2.0,0.19037347536414556,False,-0.17480989171288286,-0.8789816361037185
CHS INDUSTRIAL SUPPLY LLC,2016,559.65,1,1,6.0,20.0,0.17054222489832016,False,-0.4414446360404698,0.5025937205951494
CHS INDUSTRIAL SUPPLY LLC,2018,100.0,1,1,1.0,30.0,0.20084705143276443,False,-0.34438016782711606,-0.4565532891804701
CITY OF ROANOKE,2023,1037.5,1,1,0.0,0.0,0.1951582703991998,False,-0.2789533401534089,-0.9050642517319019
CLAYS GARDEN CENTER INC,2017,910.2,1,1,4.0,58.0,0.18187010797920905,False,-0.4514153735152599,0.39197947651114295
CLEAN HARBORS ENVIRONMENTAL SERVICES INC,2017,140.0,1,1,0.0,8.0,0.198572696854393,False,-0.2904934981136015,-0.841019832187597
CLEAN HARBORS ENVIRONMENTAL SERVICES INC,2021,191.0,1,1,1.0,181.0,0.14172999556921173,False,-0.5612249071118517,0.7556366408828892
"CLEARVIEW GLASS CO.,INC.",2018,165.0,1,1,0.0,35.0,0.19504375678644592,False,-0.3292665607033371,-0.6242689217592785
CLINTWOOD LUMBER AND SUPPLY INC.,2020,710.83,3,5,1.6666666666666667,1.0,0.18973417282530375,False,-0.10358776128727727,-0.5308090448994388
CMC SUPPLY INC,2019,10300.0,1,1,0.0,147.0,0.14438248871460974,False,-0.4895282647273878,0.2768199771379056
CMI INC,2016,497.0,3,1,1.0,22.0,0.20350418720615937,False,-0.3061068756005169,-0.517746310325195
CMI INC,2017,246.0,3,3,7.0,70.33333333333333,0.12568820248927998,False,-0.41566988301622365,1.1258546435136287
CMI INC,2019,25.0,1,1,14.0,149.0,0.01601760101563421,False,-0.8050539483620052,3.2009852481248084
CMI INC,2021,734.0,3,2,2.0,17.0,0.20317234383609828,False,-0.27440089245572385,-0.34574682646879734
COASTLINE LTD,2021,60060.0,10,3,2.8461538461538463,70.1,0.15030148531701004,False,-0.22565099206788694,0.2826309036185508
"COBB TECHNOLOGIES, INC",2018,51121.72,3,3,4.4,1109.0,-0.09309042690629898,True,-1.8464215694241972,8.933444107463021
"COBB TECHNOLOGIES, INC",2020,15687.7,4,3,1.8333333333333333,6.0,0.1964690653220919,False,-0.1938489123450752,-0.46005314248885004
"COBB TECHNOLOGIES, INC",2021,9673.2,5,4,6.2,124.0,0.08783208314632546,False,-0.4008037078665814,1.3994069381278766
CODE 3 AV INC.,2017,2175.0,1,1,0.0,14.0,0.19888120644925272,False,-0.29899346518933534,-0.7924535984620534
COFIELDS LOCKSMITH LLC,2019,243.72,1,1,5.0,7.0,0.18580905315028495,False,-0.4005031895617426,0.1903057994113773
COFIELDS LOCKSMITH LLC,2020,517.56,1,1,0.0,0.0,0.19538623258454202,False,-0.2789831280753141,-0.9051665682571213
COFIELDS LOCKSMITH LLC,2021,150.0,1,1,0.0,0.0,0.19533116246191395,False,-0.27900418598310267,-0.9052388986452615
COGGIN ELECTRICAL SPECIALISTS INC,2019,1000.0,1,1,0.0,46.0,0.1940607980648278,False,-0.3450157390822631,-0.5358006838952417
COLE MEDICAL INC,2017,1790.74,9,13,0.52,26.41176470588235,0.15322893751562683,False,0.34024379379784236,-0.522308929605594
COLONIAL FORD TRUCK SALES INC,2018,1275740.34,8,4,3.7142857142857144,48.0,-0.0029002143987159057,True,-0.12357619469363469,0.5261783879250438
COLONIAL POWERLIFT INC,2021,1320.24,3,4,1.4285714285714286,198.0,0.11263186302967604,False,-0.4279581141312005,0.997037385269187
COLONIAL REFRIGERATION & A C CO INC,2017,20347.93304,30,13,0.0,8.770491803278688,0.1121047263176746,False,0.6592314215698963,-0.7373915242239908
COLONIAL REFRIGERATION & A C CO INC,2018,8012.78992,11,5,0.08823529411764706,17.90909090909091,0.16939124412744727,False,0.014778572857550822,-0.7099357712456438
COLONIAL REFRIGERATION & A C CO INC,2019,8080.81005,11,8,0.0,8.348837209302326,0.15983442215959742,False,0.17088553776515564,-0.792336460050248
COLONIAL REFRIGERATION & A C CO INC,2020,8535.67843,15,4,0.0,20.023255813953487,0.16804165458454134,False,0.02046051724735631,-0.7095269536242297
COLONIAL REFRIGERATION & A C CO INC,2021,4623.68996,4,3,0.0,0.0,0.18879465227836378,False,-0.14500059407078095,-0.8914848640373295
COLONIAL SCIENTIFIC INC,2016,30635.440000000002,13,9,6.777777777777778,64.42857142857143,0.08195410249351448,False,0.014127126880736288,1.0783370063441908
COLONIAL SCIENTIFIC INC,2017,166071.91,24,9,2.4642857142857144,7.75,0.09871490861812005,False,0.3466212674053302,-0.2304120619160432
COLONIAL SCIENTIFIC INC,2018,61843.54,12,5,6.846153846153846,31.0,0.10829657391135528,False,-0.13819259389379598,0.8119665867380379
COLONIAL SCIENTIFIC INC,2019,25703.309999999998,8,6,2.8,71.0,0.16247311524249325,False,-0.11423796515294031,0.28322441527084874
COLONIAL SCIENTIFIC INC,2020,14511.57,9,7,1.8,235.0,0.08262314075863503,False,-0.2679247681765234,1.3953860460022842
COLONIAL SCIENTIFIC INC,2021,195950.83000000002,14,10,2.6470588235294117,18.181818181818183,0.10720138592075218,False,0.24227117845181578,-0.11332216751647531
COLONIAL TIRE DISTRIBUTORS INC,2021,3395.4000000000005,3,2,0.0,9.0,0.19614966968055064,False,-0.21817898833469143,-0.8251772766311694
COLONIAL TRUCK SALES,2017,3764.85,4,1,5.545454545454546,2.3333333333333335,0.16151245463195957,False,-0.3656153531346995,0.2713430354789885
COLONIAL TRUCK SALES,2018,4842.0599999999995,3,1,3.4,2.3333333333333335,0.19543969471915423,False,-0.3311116203760931,-0.17588820777909858
COLONIAL TRUCK SALES,2020,1257.5,2,1,0.0,1.0,0.19204904803146894,False,-0.2669959242943202,-0.8955183849774119
COLONIAL TRUCK SALES,2021,8276.84,4,1,0.5714285714285714,5.0,0.1928715763336613,False,-0.2583136800385486,-0.7402957786150445
COLONY TIRE CORP,2021,606.73,1,1,2.0,3.0,0.20242141974493727,False,-0.3278669870698888,-0.4653329929211879
COLOSSUS INCORPORATED,2018,98500.0,1,1,5.0,219.0,0.07509580526954296,False,-0.6993255709083106,1.9114985956969446
COLT PLUMBING CO,2017,26.200000000000003,1,1,0.0,7.0,0.1988253337695502,False,-0.2890639254355497,-0.8490698556383341
COLT PLUMBING CO,2018,209.95,1,2,7.0,13.0,0.15746849450593886,False,-0.4069000807648611,0.6584224919651855
COLT PLUMBING CO,2019,691.0,1,1,0.0,147.0,0.1525468512268131,False,-0.4900787746738974,0.2749290676275133
COLUMBIA BOOKS,2017,697.99,1,2,0.0,1.0,0.1910391201724312,False,-0.23360659508528403,-0.892879010874144
COMMERCIAL AIR REFRIGERATION & EQUIP.,2017,5621.3,6,3,1.0,4.0,0.19936213734907726,False,-0.14621634629471622,-0.648361572452939
COMMERCIAL AIR REFRIGERATION & EQUIP.,2018,757.95,2,3,1.0,0.0,0.19604898531473786,False,-0.19427422013750573,-0.6873289040143705
COMMERCIAL AIR REFRIGERATION & EQUIP.,2019,301.5,1,1,6.0,13.0,0.17011200888448724,False,-0.43140677891439067,0.4463495154602696
COMMERCIAL BUSINESS SYS,2016,2384.5,9,15,3.717948717948718,11.0,0.14945331981700838,False,0.3847317249703398,0.027283455365215616
COMMERCIAL BUSINESS SYS,2017,2527.35,12,19,1.3095238095238095,53.0,0.12981845003556086,False,0.6054605168624674,-0.1148365060520148
COMMERCIAL BUSINESS SYS,2018,3758.33,16,17,0.5357142857142857,129.92592592592592,0.08095745930651049,False,0.47222582484530984,0.3395403516698609
COMMERCIAL BUSINESS SYS,2019,592.0,3,5,3.0,8.6,0.18938290299804084,False,-0.14422933173282054,-0.192667019544223
COMMERCIAL BUSINESS SYS,2021,6045.2,21,14,5.714285714285714,39.333333333333336,0.08017059600405513,False,0.41352168719348714,0.6838999621685299
COMMERCIAL FYR-FYTERS,2016,380.0,2,2,1.0,0.0,0.19813543529108552,False,-0.2410981616632781,-0.6916277011320383
COMMERCIAL FYR-FYTERS,2019,73.0,1,1,0.0,7.0,0.1988253337695502,False,-0.28906124421320634,-0.849060646088424
COMMERCIAL FYR-FYTERS,2021,2143.25,2,2,0.0,105.5,0.16490837315624046,False,-0.37021454641817814,-0.052232399630404894
COMMERCIAL LAUNDRY EQUIPMENT,2017,9873.2,8,5,1.1875,24.375,0.19818273994577157,False,-0.05904618762100149,-0.4335881989025972
COMMERCIAL LAUNDRY EQUIPMENT,2018,576.17,2,1,1.6666666666666667,25.333333333333332,0.20266745899810673,False,-0.33913044890997623,-0.3538691978742485
COMMERCIAL LAUNDRY EQUIPMENT,2019,615.99,5,6,3.5454545454545454,2.7,0.1784193655201204,False,-0.07434928544977261,-0.11946923442998117
COMMERCIAL LAUNDRY EQUIPMENT,2020,799.99,2,2,1.5,33.5,0.20196088351145386,False,-0.3003283680751568,-0.31868618708688823
COMMERCIAL LAUNDRY EQUIPMENT,2021,536.3,3,1,5.857142857142857,33.2,0.16328023748650738,False,-0.4304562500189764,0.5818084973958644
COMMONWEALTH DOCUMENT MANAGEMENT INC,2018,2507.5,3,2,2.6666666666666665,323.6666666666667,0.07757857083481418,False,-0.7295611869671809,2.254986200780884
COMMONWEALTH DOCUMENT MANAGEMENT INC,2019,227.5,1,1,5.0,420.0,0.02744007749255195,False,-0.9936102810421579,3.5057135038191043
COMMONWEALTH DOCUMENT MANAGEMENT INC,2020,1450.0,2,1,2.6666666666666665,9.0,0.2009910311377654,False,-0.3379145555585111,-0.2769486160010974
COMMONWEALTH DOCUMENT MANAGEMENT INC,2021,2740.0,5,1,2.4,53.0,0.18891629028570212,False,-0.3549419110470707,0.02551467446206189
COMMONWEALTH OF VIRGINIA STATE POLICE,2016,310.0,5,1,0.7142857142857143,30.0,0.1905873641407425,False,-0.2844758497398464,-0.5100026340279037
COMMONWEALTH OF VIRGINIA STATE POLICE,2018,285.0,4,1,0.4,25.25,0.19244537656769228,False,-0.28403121026197004,-0.614943230939437
COMMONWEALTH OF VIRGINIA STATE POLICE,2019,175.0,6,1,1.375,14.125,0.1986501862513404,False,-0.26303226243883643,-0.49865245792298857
COMMONWEALTH RADIOLOGY,2021,200.0,1,1,9.0,67.0,0.11194001319067359,False,-0.575832619340421,1.5034212335435446
COMMONWEALTH SUPPLY COMPANY LLC,2018,968.5,1,1,3.0,40.0,0.19242311432883008,False,-0.40327202498493064,0.03962705182927786
COMMONWEALTH SUPPLY COMPANY LLC,2019,4471.33,19,16,0.32142857142857145,11.24,0.13387681499951282,False,0.6408275567416811,-0.6574283800160601
COMMONWEALTH SUPPLY COMPANY LLC,2020,22768.35,30,33,0.4027777777777778,15.951219512195122,0.07898036969640893,False,1.5761256129163073,-0.5110585240062913
COMMONWEALTH TONER AND INK,2016,370.0,1,1,0.0,12.0,0.20064853975039992,False,-0.29622469077605884,-0.8088640544239599
COMMONWEALTH TONER AND INK,2017,1249.0,4,1,0.6923076923076923,4.0,0.19280553089787117,False,-0.25997465748343357,-0.7245796549372118
COMMUNITY COLLEGE WORKFORCE ALLIANCE,2018,55000.0,2,1,1.5,1.0,0.1731950873622064,False,-0.29735247648220137,-0.5731427983416477
COMMUNITY COLLEGE WORKFORCE ALLIANCE,2019,12375.0,1,1,0.0,1.0,0.18458529974838767,False,-0.279739894985,-0.8948055696203475
COMPANION CORPORATION,2016,12575.0,1,1,6.0,1.0,0.1498377683526791,False,-0.41347050806703584,0.3524332078159362
COMPANION CORPORATION,2017,13523.0,2,2,5.5,6.0,0.1654349806587913,False,-0.34926829294289474,0.2945239884894172
COMPANION CORPORATION,2018,14478.0,2,2,4.333333333333333,77.66666666666667,0.1641417019075022,False,-0.42612813272354766,0.6275143523614773
COMPANION CORPORATION,2020,14221.0,1,2,14.0,58.0,0.044983888066689515,False,-0.6267539472629383,2.477488968449649
COMPLETE COMBUSTION LLC,2021,25077.440000000002,3,2,3.0,25.333333333333332,0.1909022856020116,False,-0.3072640124950382,-0.06619291562920791
COMPLETE FACILITIES SUPPLY INC,2017,4949.91,5,3,0.0,12.666666666666666,0.19295328821226138,False,-0.14979150411346193,-0.7882624197095145
COMPLETE FACILITIES SUPPLY INC,2018,581.94,4,3,2.8,13.0,0.19655061007607583,False,-0.22631431811117542,-0.2058946438978554
COMPLETE FACILITIES SUPPLY INC,2020,15234.74,7,6,0.0,10.0,0.17962193628323203,False,0.02179597814158148,-0.792022372445664
COMPLETE FACILITIES SUPPLY INC,2021,25203.6,4,3,0.3333333333333333,14.0,0.18642486957231658,False,-0.17135695759316152,-0.7057593744717876
COMPUTER AID INC,2016,3548627.4,31,4,3.918918918918919,3.0,-0.05393813247099888,True,0.37446356045377976,0.6886658591508302
COMPUTER AID INC,2018,2479212.18,24,6,3.75,252.33333333333334,-0.113178027147943,True,-0.04116658539461747,2.442787917261479
COMPUTER AID INC,2019,2270704.93,19,9,6.105263157894737,113.8,-0.11173006940183894,True,0.16683719254997015,1.7845415379426028
CONLEY ENVIRONMENTAL CORPORATION,2018,81.28,1,1,5.0,375.0,0.05571753044138694,False,-0.9289945000322014,3.144441411884266
CONSOLIDATED SALES & SERVICE LLC,2016,19600.0,2,2,2.3333333333333335,39.0,0.18433125478036955,False,-0.32572509117261017,-0.09761251952616615
CONSOLIDATED SALES & SERVICE LLC,2017,58112.94,4,5,1.588235294117647,13.8,0.17634489680751586,False,-0.10355194881406934,-0.4315878168659714
CONSOLIDATED SALES & SERVICE LLC,2018,0.0,1,1,9.0,60.0,0.11822882033364107,False,-0.5657914307382893,1.4471884714712138
CONSOLIDATED SALES & SERVICE LLC,2019,21900.0,1,1,1.0,55.0,0.18800631398172113,False,-0.37903353243830323,-0.2515726384131885
CONSOLIDATED SALES & SERVICE LLC,2020,4104.85,2,2,0.0,29.0,0.19617204464606058,False,-0.26024109545528246,-0.6659600262665744
CONSOLIDATED SALES & SERVICE LLC,2021,1028.75,1,1,0.0,25.0,0.19962713517502656,False,-0.3148561515120143,-0.7043752413834745
CONSULTCITY INTERNATIONAL LLC,2021,15173.42,8,9,1.2857142857142858,18.923076923076923,0.18156677531773818,False,0.13410685611500814,-0.4389980559078365
"CONTROL EQUIPMENT COMPANY, INC.",2021,613.39,7,3,4.125,29.0,0.18299254970340456,False,-0.238681989483088,0.20240165308310085
COOKS DIRECT INC,2021,28.0,1,1,1.0,71.0,0.18533305860445842,False,-0.4032640812857437,-0.12743465687897068
CORPORATE FIRST AID,2016,34.5,1,1,2.0,7.0,0.20211152391042264,False,-0.33364414035201395,-0.43333508219225986
CORRECTIONAL COUNSELING INC,2017,2443.21,3,3,6.0,9.0,0.15822419451032693,False,-0.30517332325754376,0.4260591889334771
CORTECH LLC,2018,552079.86,22,2,1.5862068965517242,181.75,-0.02156374703065045,True,-0.2159491469568792,1.027312030583837
CORTECH LLC,2019,420328.44,23,1,2.6451612903225805,83.0,0.035300938664540316,False,-0.13870904593564776,0.4260286418696863
"COUNSELING AND FORENSIC SERVICES, INC.",2017,476430.0,21,6,1.0434782608695652,21.75,0.0590552538328753,False,0.19541743345914808,-0.36938782873424836
"COUNSELING AND FORENSIC SERVICES, INC.",2018,126020.0,6,4,5.333333333333333,49.0,0.1241709204169178,False,-0.2537319409416679,0.641553993437463
"COUNSELING AND FORENSIC SERVICES, INC.",2019,331275.0,11,3,6.454545454545454,62.75,0.033534994801958096,False,-0.26660890421209044,1.0285378729371386
"COUNSELING AND FORENSIC SERVICES, INC.",2021,478840.0,16,4,2.6875,233.0,-0.017935659694772288,True,-0.30497392502975657,1.652836703197015
COUNTRY BOY CUSTOMS LLC,2017,1723.96,8,6,1.5,27.5,0.19542254962246514,False,-0.024164299620896525,-0.3409227823666644
COUNTRY BOY CUSTOMS LLC,2020,573.49,7,7,0.375,43.75,0.1739160457699368,False,0.010931309682157723,-0.4418006158570368
COUNTRY BOY CUSTOMS LLC,2021,811.04,8,11,0.9166666666666666,17.636363636363637,0.17101963173144757,False,0.23696263464743864,-0.5204174362782251
COUNTY WASTE,2018,10316.79,2,2,9.5,0.0,0.11580304888868037,False,-0.42999680661272965,1.0771935581628866
CRANE BUSINESS GROUP INC,2018,7372.09,1,1,0.0,3.0,0.19528971632250153,False,-0.2828987018855221,-0.8797348099603347
CREATIVE MAINTENANCE SOLUTIONS LLC,2018,2925.48,1,2,0.0,4.0,0.1954222095257223,False,-0.23778725699445108,-0.8683577858212919
CREST FOOD SERVICE EQUIPMENT CO,2016,5750.63,2,2,2.0,26.0,0.20353976310721955,False,-0.30041922017368783,-0.27398590876830653
CREST FOOD SERVICE EQUIPMENT CO,2017,17619.5,4,4,3.5,17.0,0.18775047916461202,False,-0.19988354086878102,-0.0207003649865703
CREST FOOD SERVICE EQUIPMENT CO,2019,824.93,4,1,1.5,14.3,0.20400357877908326,False,-0.29279444502225577,-0.47408629431842525
CREST FOOD SERVICE EQUIPMENT CO,2020,168.1,1,1,0.0,73.0,0.1831097437503023,False,-0.38383789439477567,-0.3192183987514953
CREST FOOD SERVICE EQUIPMENT CO,2021,1187.87,2,3,0.6666666666666666,27.0,0.19384848397716525,False,-0.22559396935279885,-0.5397871679888808
CROPKING INC,2016,2030.99,3,4,0.0,5.0,0.19091317072815606,False,-0.1189082105140172,-0.8491074452938853
CROPKING INC,2017,5457.09,9,6,0.2,25.2,0.18205406367060784,False,0.021710940944204487,-0.6274033011675303
CROPKING INC,2018,3529.27,5,5,1.7272727272727273,19.5,0.1955760359326954,False,-0.10458312083680527,-0.3661954122616769
CROPKING INC,2019,3300.8,4,6,0.0,6.0,0.1831812465521518,False,-0.013286073183321406,-0.8309061471499125
CROPKING INC,2020,2559.9,5,6,0.14285714285714285,7.8,0.1824150245792896,False,-0.005716917271743018,-0.7854320436205509
CROPKING INC,2021,2506.2,6,6,0.7272727272727273,26.77777777777778,0.18760896483852263,False,-0.0326197571863446,-0.5101406385296661
CROSS FILTRATION LLC,2020,1446.52,2,2,5.5,19.75,0.1731485772635048,False,-0.3697064380068314,0.4025274180199488
CROWN CONTRACT LLC,2019,1099.0,1,1,4.0,84.0,0.16896628208870235,False,-0.4887429594243263,0.600734991075371
"CROWN ORCHARD COMPANY, LLP",2016,128072.0,26,1,0.9512195121951219,10.333333333333334,0.12333589364543668,False,0.026804575831157067,-0.5625132108817442
"CROWN ORCHARD COMPANY, LLP",2017,36806.0,8,1,1.4444444444444444,17.666666666666668,0.18583653080002954,False,-0.24080592582674348,-0.44562776230522255
"CROWN ORCHARD COMPANY, LLP",2018,58366.0,10,1,0.25,14.142857142857142,0.1562821990353322,False,-0.18112382669148774,-0.7150080891393148
"CROWN ORCHARD COMPANY, LLP",2019,74296.0,17,1,0.8421052631578947,16.11111111111111,0.15365484540221802,False,-0.10256967557115997,-0.5626693836942948
"CROWN ORCHARD COMPANY, LLP",2020,0.0,1,1,0.0,3.0,0.19697253040263069,False,-0.2833210568518625,-0.8811855285671064
"CROWN ORCHARD COMPANY, LLP",2021,24082.0,6,1,0.5,20.333333333333332,0.18623896417697,False,-0.2510742929596222,-0.625992963148951
CRYSTAL ICE COMPANY INC,2018,4663.139999999999,2,2,4.0,9.0,0.1925319140265052,False,-0.32064864323605463,0.005063531454555405
CRYSTAL ICE COMPANY INC,2020,4171.17,2,2,0.2,5.0,0.1974055701803893,False,-0.23022914729515528,-0.817036764386278
CRYSTAL ICE COMPANY INC,2021,10635.880000000001,2,2,2.5,2.0,0.19254385665064355,False,-0.2768182938949423,-0.36175438150232286
CSC SALES TEAM LLC.,2020,7783.1,6,5,3.5,2.0,0.18311625394978587,False,-0.10534159595538446,-0.13587615124529084
CSC SALES TEAM LLC.,2021,33076.762,65,62,1.8015873015873016,35.111111111111114,0.00590546440480666,False,3.3436188814129473,0.10967557096089556
CSC SALES TEAM LLC.,2023,7526.24,37,30,0.5625,0.0,0.07106320993833604,False,1.5478590022010024,-0.611256166377147
CSM SOLUTIONS LLC,2021,26.979999999999997,1,2,1.0,21.0,0.20307334693066015,False,-0.28465723123554776,-0.5245918999080048
CSS & ASSOCIATES LLC,2019,6000.0,2,1,6.5,30.5,0.16095594417911863,False,-0.45397619114583326,0.6933626385284039
CSS & ASSOCIATES LLC,2021,148000.0,4,2,8.6,150.5,0.03849589301104023,False,-0.5914175748314635,2.1283157680041644
CUMBERLAND BUILDING SUPPLY INC,2017,3985.64,8,7,0.0,1.0,0.16733302438377573,False,0.0942595293126145,-0.8607853262104712
CUMBERLAND BUILDING SUPPLY INC,2018,1810.0,5,7,0.0,6.125,0.1749564242194926,False,0.046632198319307025,-0.8244966941057493
CUMBERLAND BUILDING SUPPLY INC,2019,625.5799999999999,4,5,0.0,0.0,0.18127886116034508,False,-0.05162507336378672,-0.8838227888618193
CUMBERLAND BUILDING SUPPLY INC,2020,8115.389999999999,20,17,0.0,17.352941176470587,0.11949059614636548,False,0.6996055268868748,-0.6687537449358262
CUMBERLAND BUILDING SUPPLY INC,2021,6193.63,13,11,0.0,11.666666666666666,0.14946600924062203,False,0.33318138305454764,-0.7504503685179005
CUMBERLAND BUILDING SUPPLY INC,2023,93.33,2,1,0.0,0.0,0.19268023204760615,False,-0.26562652844346324,-0.9037751057559075
CUMBERLAND MOUNTAIN COMMUNITY SERVICES,2017,138320.0,1,1,7.0,13.0,0.1044798150265801,False,-0.4457898957975304,0.6813760911713003
CUMBERLAND MOUNTAIN COMMUNITY SERVICES,2018,138320.0,1,1,6.0,392.0,-0.03014200477227691,True,-0.9677785711165992,3.5159810215532357
CUMBERLAND MOUNTAIN COMMUNITY SERVICES,2019,910.89,1,1,0.0,435.0,0.037173086018089,False,-0.9036607888499621,2.586929573904658
CURTIS BAY MED WASTE SVCS VA,2018,288.0,1,2,0.0,8.0,0.19689090742173826,False,-0.2436827306706889,-0.836766285839199
CURTIS BAY MED WASTE SVCS VA,2020,996.0,2,1,1.5,181.0,0.13653742567580968,False,-0.5589430561791023,0.8612032827545949
CURTIS BAY MED WASTE SVCS VA,2021,5100.0,7,2,2.4,58.75,0.18652299667866518,False,-0.2895001386090743,0.07931226762330618
CUSTOM FRAMING MADE SIMPLE,2017,1631.25,1,1,10.0,15.0,0.1260304837922307,False,-0.5233641617761843,1.294132729486904
CUSTOM PAK,2018,83971.5,79,2,0.27312775330396477,5.165829145728643,0.06259721464739137,False,0.8028041359276388,-0.6712304633269769
CUSTOM PAK,2019,16750.0,26,1,0.5671641791044776,6.666666666666667,0.1524190484087728,False,0.03425321679991985,-0.6936866445119978
CVA SHREDDING INC.,2017,1317.0,3,1,0.5,12.0,0.19519593429324134,False,-0.28055380028565835,-0.7017945243363904
CVA SHREDDING INC.,2018,4966.5,1,1,1.0,50.0,0.19574991555361249,False,-0.3728232088565214,-0.2950430479639722
CVA SHREDDING INC.,2019,3282.0,5,2,6.75,7.0,0.14839723324558413,False,-0.3390113220972669,0.5647943866964303
CVA SHREDDING INC.,2020,4936.0,4,1,5.888888888888889,203.0,0.07516290598878023,False,-0.6613794021941514,1.9538396301561596
CVA SHREDDING INC.,2021,3381.0,4,2,11.666666666666666,37.0,0.08467597343725097,False,-0.5050635238926685,1.826178438539319
Chip's Repair & Towing Service,2021,1250.0,1,1,1.0,0.0,0.20033967874665454,False,-0.30123151101601653,-0.6971558648010917
D M JEFFERS CO  INC,2020,4940.0,1,1,13.0,60.0,0.06621528029664608,False,-0.6546697936890609,2.2796268708853176
D M JEFFERS CO  INC,2021,13275.54,3,2,2.0,50.0,0.19215751050645913,False,-0.3210734234194826,-0.07836706979858993
D M JEFFERS INC,2017,38398.71,13,9,3.75,57.0,0.14198826644521778,False,0.09273021986442792,0.390857104249682
D M JEFFERS INC,2018,1415.05,1,1,2.0,0.0,0.20043904590647627,False,-0.32351240034016676,-0.4892568153306074
DALY COMPUTERS INC,2016,181633.41999999998,116,54,2.1931818181818183,18.37837837837838,-0.05474688303975073,True,3.675438634104418,0.12741136751564872
DALY COMPUTERS INC,2017,642106.2,449,104,2.4275668073136427,23.53727506426735,-0.20044209456033601,True,10.485141965426475,1.0105378294877811
DALY COMPUTERS INC,2018,619742.11,256,49,3.2086167800453516,38.74375,-0.14071211666518701,True,5.2879725505966615,0.7735554826318729
DALY COMPUTERS INC,2019,226936.82,163,44,2.664259927797834,27.974747474747474,-0.0701571458803889,True,3.814631963119317,0.3383620731658287
DALY COMPUTERS INC,2020,82669.27,137,45,2.6192893401015227,28.899328859060404,-0.04504110915160531,True,3.504940124128745,0.27392252108468074
DALY COMPUTERS INC,2021,128537.83,234,68,3.210526315789474,24.060606060606062,-0.1139565973105876,True,5.875738302208883,0.6072350525619133
DANDREA PRODUCE INC,2016,101849.75,38,2,0.6944444444444444,0.8701298701298701,0.12033685193920263,False,0.25198905348318157,-0.6750916462720482
DANDREA PRODUCE INC,2017,34365.5,21,2,0.6739130434782609,1.9166666666666667,0.15392368737402584,False,0.019602164856712328,-0.7093121941054857
DANDREA PRODUCE INC,2018,106110.0,44,3,0.2601626016260163,4.092783505154639,0.11648820504462803,False,0.3843731052980924,-0.7255816099022532
DANDREA PRODUCE INC,2019,52306.05,22,2,0.6753246753246753,2.909090909090909,0.14998928992602417,False,0.032554223814219185,-0.6960465687128391
DANDREA PRODUCE INC,2020,2340.0,1,1,1.0,3.0,0.2000945531599379,False,-0.3054773409508944,-0.6728584810073692
DANDREA PRODUCE INC,2021,5720.0,3,2,0.3333333333333333,5.0,0.19700727376173638,False,-0.21973155496228755,-0.78754149009561
DANNYS REPAIR AND INSTALLATION,2016,100.53,1,2,1.0,23.0,0.20306517401277652,False,-0.2875252022818646,-0.5085221677749848
DANVILLE PAINT & SUPPLY INC,2023,1167.56,1,1,0.0,0.0,0.1951582703991998,False,-0.27894588887610183,-0.9050386578417027
DANVILLE TRANSIT,2019,900.0,1,1,1.0,15.0,0.20569556982553816,False,-0.32279294892953125,-0.5768103003085207
DAUBERS INC,2017,610.28,1,1,3.0,17.0,0.19990328824526366,False,-0.3702624225373145,-0.14507891422643726
DAVE LUDLUM PRODUCE LLC,2016,195029.2,35,2,0.55,6.678571428571429,0.1108573900639282,False,0.2120629494721393,-0.6445772942745669
DAVE LUDLUM PRODUCE LLC,2017,53572.0,11,1,0.23076923076923078,9.0,0.15570769972010517,False,-0.16020329732878677,-0.7597589176073016
DAVE LUDLUM PRODUCE LLC,2018,81835.5,20,2,0.5416666666666666,7.6923076923076925,0.1420797056897678,False,0.0035943311922442514,-0.6825706384769359
DAVE LUDLUM PRODUCE LLC,2019,57510.5,13,1,0.0,8.6,0.14646411016020333,False,-0.12749748519718865,-0.8072142496549131
DAVE LUDLUM PRODUCE LLC,2020,4200.0,1,1,1.0,11.0,0.2034576337810749,False,-0.3168595187698131,-0.608271426123809
DAVE LUDLUM PRODUCE LLC,2021,29480.0,3,2,0.6666666666666666,4.5,0.18280259444020525,False,-0.2250823878742193,-0.7175908304052437
DAVENPORT ENERGY INC,2018,8462.5,3,2,2.3333333333333335,128.0,0.16040766284461333,False,-0.4407944901230714,0.6161297361127581
DAVIS & GREEN INC,2021,10599.029999999999,3,3,1.6666666666666667,70.0,0.18081073303588824,False,-0.2957162081701161,0.016594383718095376
DBA ADVANTAGE OFFICE SYSTEMS,2018,599.9,1,1,1.0,6.0,0.20247355307099224,False,-0.30988531035914274,-0.6491180191623785
DEERE & COMPANY,2016,18492.53,2,2,0.0,45.8,0.18023234126120102,False,-0.2835431621525505,-0.528264570944817
DEERE & COMPANY,2017,98215.39,7,7,1.4166666666666667,18.666666666666668,0.16366526910152313,False,0.029328193996011206,-0.4074181538932313
DELI-ICIOUS LLC,2021,216.92,1,1,0.0,29.0,0.19737051565799502,False,-0.32064703173587983,-0.6724244804015223
DELL MARKETING LP,2016,371561.79000000004,19,4,7.814814814814815,19.666666666666668,0.01368354783306891,False,-0.07890053446756354,0.9893871967262915
DELL MARKETING LP,2017,142133.87999999998,13,3,5.75,24.636363636363637,0.08971312904029344,False,-0.18024392897377028,0.5418539882577064
DELL MARKETING LP,2018,431633.95999999996,12,4,7.538461538461538,23.083333333333332,0.01704611698017111,False,-0.167871903912476,0.9608670267411644
DELL MARKETING LP,2019,346867.35,11,5,4.625,33.4,0.06378846164141533,False,-0.08918051319734063,0.4241428037229014
DELL MARKETING LP,2020,21336.58,5,3,2.8,49.0,0.18413239806159742,False,-0.26344368472351304,0.08865916232205646
DELL MARKETING LP,2021,40717.7,3,1,1.3333333333333333,22.5,0.18437461372029046,False,-0.3119507497049558,-0.4365287983074722
DELTA AUTOMATION INC,2017,11071.14,3,4,4.0,21.0,0.18797601905358685,False,-0.2305291499001948,0.11257987180183304
DELTA AUTOMATION INC,2019,3977.4900000000002,1,1,8.0,114.0,0.10381409091343963,False,-0.6208222005746189,1.673596594382776
DELTA AUTOMATION INC,2020,2963.41,1,1,4.0,62.0,0.1777788075772101,False,-0.45704211251556953,0.42449403511861866
DELTA AUTOMATION INC,2021,3482.06,2,1,2.5,12.0,0.20129888979507637,False,-0.3383913563265716,-0.2871102770345689
DEMCO INC,2016,54.629999999999995,2,2,1.0,40.0,0.19683298925991055,False,-0.29856049855929095,-0.37058655759924514
DEMCO INC,2017,648.53,2,3,2.3333333333333335,17.333333333333332,0.19812384591099919,False,-0.2488932175247122,-0.271049435165822
DEMCO INC,2018,97.7,1,1,4.0,6.0,0.19270746726423277,False,-0.37678511758595395,-0.025617134524490454
DEMCO INC,2019,34.99,1,1,11.0,29.0,0.11125335265479691,False,-0.5658512520794436,1.614071989163669
DENTAL HEALTH PRODUCTS INC,2020,80.45,1,1,0.0,162.0,0.14702440814275602,False,-0.5116551397771887,0.3952233597220274
DEPARTMENT OF GENERAL SERVICES,2020,35.18,1,1,4.0,9.0,0.19381772708107692,False,-0.3810969766314106,-0.0015465496722726544
DEPARTMENT OF GENERAL SERVICES,2021,807753.22,226,86,2.7410643367752185,35.22479338842975,-0.17084971062732346,True,6.644476904266059,0.7971711724368058
DEPARTMENT OF GENERAL SERVICES,2022,1391046.33,112,75,1.8442906574394464,0.0,-0.1632812520919653,True,4.708221593410369,0.22816146324001574
DEPARTMENT OF GENERAL SERVICES - SURPLUS,2021,1390.0,5,2,1.3333333333333333,9.2,0.19845517980815325,False,-0.22153975017687824,-0.5438610677510081
DEPARTMENT OF TRANSPORTATION,2018,82.23,2,2,0.0,42.0,0.19198814833966016,False,-0.2791407569143405,-0.5623924378128998
DEPT OF PROFESSIONAL AND OCCUPATION REG,2016,790.0,4,2,4.25,32.0,0.18337290156881464,False,-0.3327114427040416,0.24385336019134218
DEPT OF PROFESSIONAL AND OCCUPATION REG,2017,300.0,4,3,2.25,12.0,0.19628081776711936,False,-0.21263468848568573,-0.32830436835660937
DEPT OF PROFESSIONAL AND OCCUPATION REG,2019,550.0,5,2,1.6666666666666667,1.0,0.19372913234847533,False,-0.21724203205230583,-0.5405640708446671
DIAMOND BUSINESS SERVICES,2016,3362.0,1,1,4.0,10.0,0.19554899357634342,False,-0.38234247193738047,0.007135748736845319
DIAMOND DRUGS INC,2021,82577.84,9,4,1.7,107.2,0.14044055542714645,False,-0.21867039988269713,0.3493895377621884
DIAMOND SPRINGS WATER INC,2023,802.37,1,1,0.0,0.0,0.1951582703991998,False,-0.2789668110040409,-0.90511052184879
DIRECTV LLC,2018,500.93999999999994,1,1,7.0,82.0,0.14065677057604514,False,-0.5527760737687197,1.2081617533012114
DIRECTV LLC,2019,1345.82,2,1,4.636363636363637,52.0,0.1825565138285068,False,-0.44357772287473185,0.4776530954852835
DIRECTV LLC,2021,2751.77,4,2,5.538461538461538,23.636363636363637,0.16710437956859275,False,-0.3493083486417216,0.4449273160263243
DIVERSIFIED DOCUMENT MANAGEMENT,2021,122.0,1,2,1.0,46.0,0.19631451457143917,False,-0.32055409749922664,-0.3238824691537192
DIVERSIFIED EDUCATIONAL SYSTEMS INC,2016,1575.0,1,1,4.0,49.0,0.18683874395913158,False,-0.4384524547859175,0.3198616357493424
DIVERSIFIED EDUCATIONAL SYSTEMS INC,2017,89641.0,2,2,7.5,20.0,0.11518764095618472,False,-0.4095933949088446,0.8376228386619996
DIVERSIFIED EDUCATIONAL SYSTEMS INC,2019,61850.0,1,1,1.0,9.0,0.17705079642754706,False,-0.3106845034501228,-0.6129820147800247
DIXIE GAS AND OIL CORPORATION,2016,55536.86,3,1,1.0,0.0,0.17814784503258935,False,-0.2713595499598291,-0.6835231218210879
DIXIE GAS AND OIL CORPORATION,2021,115000.0,2,2,4.0,262.0,0.06861352464420506,False,-0.6776587036603829,2.0577664085896297
DIXON INVESTMENTS,2017,299.0,1,1,1.0,8.0,0.2020732805664432,False,-0.3127747340487597,-0.6331219732679022
"DMS CLEANING SERVICE, INC.",2020,5020.0,1,2,0.0,209.0,0.1182167884432222,False,-0.5320662021964344,0.777718389029056
DOCUMENT DESTRUCTION OF VIRGINIA LLC,2021,4757.35,3,2,1.8,93.0,0.1785520638531513,False,-0.37885534395056814,0.2235714214189964
DOCUMENT DESTRUCTION OF VIRGINIA LLC,2022,667.4399999999999,1,1,1.0,0.0,0.20033967874665454,False,-0.3012648865050829,-0.6972705040189474
DOMINION AIR & MACHINERY CO,2017,7015.0,1,1,3.0,12.0,0.19893809368673815,False,-0.3627150272265464,-0.18395670621518226
DOMINION BUSINESS MACHINES INC,2016,314.95,3,4,0.0,6.0,0.18982462107227416,False,-0.12044261669404847,-0.841417507373224
DOMINION LOCK & SECURITY,2021,315.5,1,1,0.0,112.0,0.1679401904574097,False,-0.43983705338645696,-0.006111850342713236
DOMINION OF BEDFORD INC,2019,3435.6400000000003,1,2,7.0,106.0,0.1217281477639851,False,-0.5402718709443478,1.405626784048924
DOMINION OFFICE PRODUCTS,2016,4605.8,12,6,2.96875,26.46875,0.18235720536011918,False,-0.0017335532539123565,-0.0374303678321729
DOMINION OFFICE PRODUCTS,2017,11280.64,41,42,2.377245508982036,36.007246376811594,0.06165375752675789,False,2.0710641362494657,0.11235323870425082
DOMINION OFFICE PRODUCTS,2018,944.23,5,11,2.6,41.15384615384615,0.16715267810645412,False,0.12553219348865816,0.013882297151055229
DOMINION OFFICE PRODUCTS,2019,1739.01,8,18,2.4827586206896552,8.08,0.15072080684209938,False,0.5434469085108381,-0.24184065228400195
DOMINION OFFICE PRODUCTS,2020,5689.7,50,46,1.1226415094339623,25.192307692307693,0.05143069312443754,False,2.421877924299076,-0.2061833336509844
DOMINION OFFICE PRODUCTS,2021,17088.66,70,52,1.48,13.902985074626866,0.028083416688485796,False,2.979209663979311,-0.1654383726063897
DOMINION PATHOLOGY ASSOCIATES PC,2021,400.0,1,1,6.0,34.0,0.16782659840551517,False,-0.4615590761952552,0.6149491138721364
DOMINOS PIZZA,2019,9.48,1,1,3.0,0.0,0.19224291317869324,False,-0.3458832721736506,-0.2816668407165295
DOORS ON DEMAND LLC,2017,2925.0,3,3,1.25,20.0,0.20131104382599468,False,-0.21506359764038907,-0.47290828752732117
DORCUS HOME LLC,2023,1144627.37,1,1,1.0,0.0,0.01281441407985262,False,-0.23572619154478752,-0.4721560580677699
DOUBLETREE BY HILTON CHARLOTTESVILLE,2019,26890.010000000002,1,2,0.0,49.0,0.16877829564322921,False,-0.30103846140288326,-0.5023986016915863
DOUGLAS EQUIPMENT,2016,61903.869999999995,4,4,1.6666666666666667,48.0,0.17088431282993133,False,-0.20099967325442422,-0.1442180577985625
DOUGLAS EQUIPMENT,2018,30748.42,4,4,2.2857142857142856,70.25,0.16602087634803991,False,-0.24853644358793558,0.15694506599757027
DOUGS AUTO REPAIR LLC,2017,1394.5,1,1,0.0,11.0,0.20043140766130374,False,-0.29472990366652485,-0.816690077219511
DOVE MEDICAL SUPPLY LLC,2016,247.57,2,2,0.75,84.0,0.17532278574135268,False,-0.35616492422367374,-0.06929954366215046
DOVE MEDICAL SUPPLY LLC,2018,673.7,12,11,2.5,19.583333333333332,0.16846667598595982,False,0.25238930820873645,-0.16979306369405373
DRAPER ADEN ASSOCIATES INC,2019,345.0,1,1,0.0,0.0,0.1954343108930764,False,-0.27899301422333894,-0.9052005255206359
DRUGTEST RESOURCES VIRGINIA LLP,2016,1221.44,3,3,2.75,18.0,0.19769703035744957,False,-0.24572452944468678,-0.17749892649666585
DS SERVICES OF AMERICA INC,2022,8389.39,4,1,3.125,0.0,0.1886188576615071,False,-0.3080467585927115,-0.2496096426073712
DUTT & WAGNER OF VA INC,2016,662301.4115,114,2,0.6470588235294118,4.258426966292135,-0.06291662767432271,True,1.2972369872784646,-0.4353571189771137
DUTT & WAGNER OF VA INC,2017,100912.82,30,2,0.28888888888888886,4.92,0.13074214679236085,False,0.14811212756960782,-0.7388661641918869
DUTT & WAGNER OF VA INC,2018,355341.65,61,2,0.3373493975903614,5.589285714285714,0.030876999673956407,False,0.5754553023064942,-0.627628938799389
DUTT & WAGNER OF VA INC,2019,173761.0,36,3,0.4807692307692308,5.684210526315789,0.1122542718736077,False,0.273998835887081,-0.6654363188291169
DUTT & WAGNER OF VA INC,2020,4070.25,2,2,0.5,6.0,0.19487219768050407,False,-0.23835812507784274,-0.746669023646116
DUTT & WAGNER OF VA INC,2021,87754.7,23,3,0.7352941176470589,4.78125,0.13867169947944274,False,0.09074297467538485,-0.6558767888251608
DUTT & WAGNER OF VA INC,2023,409934.77,42,5,0.8823529411764706,0.0,0.05119048386861891,False,0.46063109931467355,-0.563817197304632
DYNAMITE DETAILING & POWER WASHING SVC,2017,1056.02,1,1,1.0,39.0,0.19661707656875538,False,-0.357250228035124,-0.38411649494248723
DYNAMITE DETAILING & POWER WASHING SVC,2018,195.55,1,2,0.0,22.0,0.19762265680496582,False,-0.26379332086518653,-0.7243976685931103
E A HARPER & CO INC,2016,2571.46,2,3,8.714285714285714,25.0,0.12898109262595647,False,-0.40202672392828576,1.1172608121559708
E A HOLSTEN INC,2020,4666.0,5,6,0.9,13.4,0.18900693344247155,False,-0.030515349654698227,-0.5826781814160056
E A HOLSTEN INC,2021,2492.05,5,2,3.2,33.666666666666664,0.19098845196403308,False,-0.29822165106416726,0.04078272682399038
E A HOLSTEN INC,2023,1188.71,2,1,0.0,0.0,0.1929089102481093,False,-0.26556377294495054,-0.9035595511238445
E A PARKER & SONS LLC,2016,169478.35,51,2,0.5454545454545454,5.333333333333333,0.10085620605736295,False,0.42672678734776576,-0.6377501302180894
E A PARKER & SONS LLC,2017,53410.0,5,1,1.6,9.75,0.17895306150838752,False,-0.2720956996610946,-0.478002439483894
E A PARKER & SONS LLC,2018,100895.9,22,3,0.2962962962962963,5.954545454545454,0.1372976095374714,False,0.08621539623356582,-0.7365999295831415
E A PARKER & SONS LLC,2019,18880.1,6,1,0.2727272727272727,6.571428571428571,0.18829528707207283,False,-0.22654296098517349,-0.7847344923876216
E A PARKER & SONS LLC,2023,33131.45,5,1,0.4444444444444444,0.0,0.171744101634424,False,-0.2334978464305723,-0.8004637145238959
E. DILLON & COMPANY,2022,523.005,2,1,3.5,0.0,0.19386599133531535,False,-0.3436181201571941,-0.17615755682687628
EAGLETON'S SUPPLY,2017,1077.0,3,3,1.3333333333333333,36.5,0.19495040582876183,False,-0.2407225249570372,-0.32349384924079255
EAGLETON'S SUPPLY,2018,567.0,1,1,1.0,34.0,0.20046157431317496,False,-0.35009778250462975,-0.4243508733115187
EAHEART INDUSTRIAL SERVICE INC,2017,1080.54,2,3,0.0,11.0,0.19373519179028126,False,-0.18776240982034062,-0.8068280709468179
EAHEART INDUSTRIAL SERVICE INC,2019,17.74,1,1,0.0,82.0,0.18250073970485076,False,-0.3967713403031291,-0.24699932378337486
EARTH TOOLS INC,2016,7200.0,1,1,2.0,67.0,0.18581312100551417,False,-0.419399165297068,0.04973273987535643
EARTH TOOLS INC,2018,35.83,1,1,1.0,5.0,0.20232326670684836,False,-0.3084815341337515,-0.6572566491096549
EAST COAST EMERGENCY VEHICLES LLC,2017,6538.61,10,8,0.6341463414634146,48.0,0.16510681582159653,False,0.08633820473889016,-0.3439922263178706
EAST COAST EMERGENCY VEHICLES LLC,2018,2337.18,1,2,0.0,39.0,0.18936293422884054,False,-0.28808419542066216,-0.5875065294793427
EAST COAST K-9 ACADEMY LLC,2017,83850.0,1,1,2.0,7.0,0.16884332506432553,False,-0.3288422601957356,-0.4168414276945705
EAST POINT REPAIR SERVICES INC.,2020,30000.0,1,1,1.0,233.0,0.11158158473535512,False,-0.6341939223642957,1.1789393355503361
EAST POINT REPAIR SERVICES INC.,2021,70000.0,3,1,2.4,112.0,0.14483383061857186,False,-0.4625797734901257,0.5094306892973872
EASTERN FABRICATORS LLC,2016,29174.2,4,1,1.0,14.0,0.1912096588462599,False,-0.27959428451948787,-0.5748491498256236
EDMUNDS WASTE REMOVAL INC,2016,2690.0,2,1,0.5,0.0,0.1891473781283306,False,-0.27662293503399416,-0.799330834357016
EDMUNDS WASTE REMOVAL INC,2017,8275.0,6,1,5.0,13.0,0.1787662134092048,False,-0.34175510218151056,0.24742673617134284
EDWARDS TRUE VALUE HARDWARE CO INC,2016,71.98,1,1,1.0,12.0,0.2050497897787124,False,-0.3185321098786386,-0.6010561303012719
EDWARDS TRUE VALUE HARDWARE CO INC,2017,6229.71,10,8,1.325,34.0,0.17902725148034299,False,0.0910264346174983,-0.31283444290952334
EDWARDS TRUE VALUE HARDWARE CO INC,2018,7933.15,3,4,0.8461538461538461,69.23076923076923,0.1760860383440237,False,-0.22967245045234358,-0.156438085172043
EDWARDS TRUE VALUE HARDWARE CO INC,2019,821.8,2,3,1.5,45.75,0.19685982207908392,False,-0.27111696212331776,-0.21611901428224625
EDWARDS TRUE VALUE HARDWARE CO INC,2021,1534.0,1,1,1.0,35.0,0.19858667841007432,False,-0.3514784744368846,-0.41613295268165085
ELECTRIC CONNECTION INC,2017,543.48,2,2,1.0,55.0,0.1964318837406656,False,-0.3200738778539453,-0.2500759197959454
ELECTRIC CONNECTION INC,2019,4428.94,1,2,0.0,34.0,0.19389030388736134,False,-0.28078389422779376,-0.6272330483992917
ELECTRIC CONNECTION INC,2021,1977.6000000000001,1,1,1.0,31.0,0.2005605096548777,False,-0.34570869050582825,-0.448156175897864
"ELECTRIC MOTOR SALES & SERVICE, INC.",2020,1055.32,1,1,2.0,15.0,0.20572504903795102,False,-0.3450743956958482,-0.36891316555856235
ELECTRONIC SYSTEMS INC,2017,21869.14,20,3,0.5217391304347826,41.4,0.1578960370692778,False,-0.0010020868808175518,-0.4236961223396959
ELLIOTT ELECTRIC INC,2016,20999.0,3,2,1.0,35.0,0.19058048446688775,False,-0.2767992068346575,-0.4051282161528216
EMBASSY SUITES  HOTEL,2019,25.14,1,1,1.0,0.0,0.2001884197881843,False,-0.30130168456301226,-0.6973968991879061
EMC MECHANICAL SERVICES LLC,2018,1933994.5,21,11,0.8695652173913043,2.0,-0.047173449210868745,True,0.545173720126719,-0.25613490330337774
EMERGE NEW UNLIMITED LLC,2021,1365.0,2,3,1.0,65.8,0.18635453455156237,False,-0.28873432167237106,-0.1589914383241609
EMLEX CONSTRUCTION CO,2019,4850.0,1,1,3.0,516.0,-0.010016041006811416,True,-1.0866296332491907,3.861542415252034
EMPIRE FORD INC,2020,290.44,1,1,1.0,87.0,0.18456557711230537,False,-0.42622652425531743,0.0010590560636361266
ENCOMPASS SUPPLY,2020,1.81,1,1,0.0,2.0,0.19560403317587133,False,-0.28188486075254776,-0.8892128016745721
ENCOMPASS SUPPLY,2021,340.0,1,1,0.0,108.0,0.16956825286154997,False,-0.4340912801452309,-0.03821754625908279
ENCOMPASS SUPPLY,2023,632.15,2,2,0.0,0.0,0.19151500241780767,False,-0.21879337050234113,-0.8994446517943497
ENVIROMATION INC,2017,1407.6,1,1,3.0,248.0,0.12031922790729976,False,-0.7019540881868712,1.709460352299966
"ENVIRONMENTAL OPTIONS, INC.",2016,1975.0,4,2,0.75,43.0,0.19172647506650975,False,-0.2704243609497815,-0.39514252233035785
"ENVIRONMENTAL OPTIONS, INC.",2017,1695.0,4,4,1.1666666666666667,61.6,0.1871372435563926,False,-0.21283478824954738,-0.15082380230881515
"ENVIRONMENTAL OPTIONS, INC.",2019,125.0,1,1,0.0,63.0,0.19026030120120535,False,-0.3694794396154617,-0.3995031730837255
ENVIRONMENTAL RESOURCE ASSOCIATES,2017,265.56,1,2,5.0,115.0,0.1477154886177911,False,-0.5087976294274553,1.0615184825198944
ENVIRONMENTAL WASTE SPECIALISTS INC,2020,2605.0,1,1,1.0,41.0,0.19717884894923854,False,-0.36003367010960424,-0.3677564199414354
EVERBRIDGE,2018,36425.0,2,2,9.555555555555555,681.0,-0.09523301855147304,True,-1.4077183177694608,6.560694957349924
EVIDENT INC,2020,12.04,1,1,0.0,27.0,0.1980127155318674,False,-0.3177865847265362,-0.6885200563420144
FARMERS MARKET LLC,2016,11335.5,21,2,1.0,6.777777777777778,0.1673645788356345,False,0.004033155817495162,-0.6070383833899768
FARMERS MARKET LLC,2017,4883.0,9,2,0.4782608695652174,14.173913043478262,0.18730391770892907,False,-0.15589915387983821,-0.675086168190369
FARMERS MARKET LLC,2018,4250.0,7,2,0.35714285714285715,15.071428571428571,0.1934413252668684,False,-0.18128638050255572,-0.6961320865518408
FARMERS MARKET LLC,2019,10611.75,19,2,0.8157894736842105,52.05263157894737,0.16404467950387103,False,-0.08368287439101098,-0.284972163993028
FARMERS MARKET LLC,2021,604.5,3,2,0.3333333333333333,15.0,0.1957878227229341,False,-0.23438555148476586,-0.7082718521771909
FARMVILLE WHOLESALE ELECTRIC SUPPLY CO,2017,4985.8,1,1,0.0,83.0,0.1801497846983955,False,-0.39792280720399864,-0.2379940535431781
FASTENAL COMPANY,2017,6394.2546,20,20,0.08823529411764706,13.142857142857142,0.10978151759583316,False,0.8439930608077744,-0.671874998560926
FASTENAL COMPANY,2019,1363.154,6,7,0.25,20.857142857142858,0.18081911150102864,False,0.03325819752292869,-0.6528788580973589
FASTENAL COMPANY,2020,2031.4699,4,10,0.7692307692307693,3.0,0.15929464910804708,False,0.16101221679497513,-0.6784437703521967
FASTENAL COMPANY,2021,412.7745,2,2,0.0,6.0,0.1971212448273329,False,-0.22742249317552718,-0.8513220459252892
FAYES OFFICE SUPPLY,2016,5046.14,13,33,3.8214285714285716,16.102564102564102,0.09486933264132119,False,1.271214665437643,0.17221809931329096
FAYES OFFICE SUPPLY,2017,8144.62,35,52,3.8777777777777778,46.651162790697676,0.02834338745508469,False,2.4098888988039042,0.5424865803961119
FAYES OFFICE SUPPLY,2018,4564.84,14,25,2.6666666666666665,24.532258064516128,0.12626527595209952,False,0.9237839106039127,-0.0325629840051468
FAYES OFFICE SUPPLY,2019,4118.3,19,31,6.924050632911392,10.125,0.03524403639058726,False,1.1972681746750575,0.7693820755404209
FAYES OFFICE SUPPLY,2020,4480.45,18,17,1.8636363636363635,7.647058823529412,0.14121485441636122,False,0.6450329148177218,-0.3629464636420527
FAYES OFFICE SUPPLY,2021,6911.08,28,30,1.2906976744186047,8.557377049180328,0.09123490485881192,False,1.3988746592849661,-0.40458831963658637
FENS LAND SERVICES LLC,2023,399.96,1,1,0.0,0.0,0.1954343108930764,False,-0.27898986550581784,-0.9051897102030493
FERGUSON ENTERPRISES INC,2020,6901.608,5,5,0.0,24.75,0.18948997834337855,False,-0.07342789570464875,-0.6824289894877182
FERRELLGAS LP,2018,39465.31056,7,1,0.7,2.875,0.1777956382162839,False,-0.21619835150822964,-0.7200665237428177
FERRELLGAS LP,2019,65858.88797,5,3,1.4,8.5,0.1741038168096241,False,-0.17152472820414558,-0.518711688258952
FERRELLGAS LP,2021,106654.87323,8,3,2.5555555555555554,42.75,0.16700900984302186,False,-0.20398866668354512,0.008888867204360686
FERRELLGAS LP,2022,39896.25,3,2,3.0,0.0,0.18148806925496364,False,-0.2700340194001951,-0.2666434009811182
FIDELITY ENGINEERING CORP,2020,757.21,1,2,2.0,19.0,0.20260922254269376,False,-0.304033555984592,-0.3326368899249402
FIDELITY ENGINEERING CORP,2021,8113.63,5,3,2.75,164.2,0.1272747137645826,False,-0.42852456925656074,1.0004466463050032
FIFE MECHANICAL,2018,95.0,1,1,4.0,6.0,0.19270746726423277,False,-0.37678527227185843,-0.025617665844677603
FIRE PROTECTION EQUIPMENT COMPANY,2016,1262.58,3,3,0.6666666666666666,412.0,0.024922598046835276,False,-0.7651043598617039,2.552339754726031
FIRE PROTECTION EQUIPMENT COMPANY,2019,1104.0,2,3,2.6666666666666665,27.0,0.20053009987444015,False,-0.27017946478771143,-0.12407053223971286
FIRE PROTECTION EQUIPMENT COMPANY,2020,420.0,1,1,7.0,15.0,0.1639194612740511,False,-0.4565625199430506,0.6702946631547101
FIRE SAFETY PRODUCTS INCORPORATED,2021,220.0,1,1,8.0,0.0,0.13902577539690486,False,-0.45732293733737356,0.7577074368364004
FIRE SAFETY SYSTEMS INC,2016,2303.5,2,1,1.0,5.0,0.20083517867911482,False,-0.2949707126551933,-0.6553354603818801
FIRE SAFETY SYSTEMS INC,2020,114.75,1,1,2.0,19.0,0.20421176991687096,False,-0.3508726515728009,-0.33698773871027315
FIRE SOLUTIONS,2017,2520.5,2,2,1.5,99.0,0.17697369581583722,False,-0.3942938505681203,0.2074621023261528
FIRE SOLUTIONS INC,2021,217.25,1,1,12.0,15.0,0.09924127276839262,False,-0.5680258617896325,1.7095876152655172
FIRE-X CORP,2017,3071.14,5,1,4.333333333333333,26.75,0.18184863865428857,False,-0.36032018153346174,0.216729937891706
FITZGERALD FARMS LLC,2018,3780.0,1,1,0.0,5.0,0.1986184965876024,False,-0.28597668139060933,-0.8643864217275826
FITZGERALDS ORCHARDS,2016,46240.0,14,1,0.35714285714285715,3.6153846153846154,0.15595610329416953,False,-0.1155647493352357,-0.7737337568735116
FITZGERALDS ORCHARDS,2018,56574.0,16,1,0.0625,4.0,0.14440116444854761,False,-0.08219554713955307,-0.8269091390159207
FITZGERALDS ORCHARDS,2019,16632.0,5,1,0.0,3.5,0.1888677724847792,False,-0.22956262098226646,-0.8679990027311404
FITZGERALDS ORCHARDS,2021,4032.0,1,1,0.0,2.0,0.19560448899043098,False,-0.28165396683212685,-0.8884197197097797
FLAGCENTRAL INC,2018,75.0,1,1,0.0,26.0,0.20001156216392646,False,-0.31634688527794175,-0.696535296031168
FLAGCENTRAL INC,2019,170.0,1,1,1.0,13.0,0.2050497897787124,False,-0.31996258660986515,-0.5930092121218505
FLAGCENTRAL INC,2021,4.0,1,1,4.0,0.0,0.18732213315809387,False,-0.3681739313449417,-0.0738013490354931
FLEXRN STAFFING SOLUTIONS,2021,395080.81,6,1,5.333333333333333,126.0,0.026953059803450197,False,-0.48930313778615686,1.299955382250107
FLOMEC INC,2021,2040.0,1,1,4.0,217.0,0.11930335951192145,False,-0.6796893380502886,1.668594861407076
FLOORING & DECOR CONNECTION LLC OF WYTHE,2017,44.99,1,1,0.0,6.0,0.1988253337695502,False,-0.28762675653376935,-0.8570937873321786
FLOWERS BAKING CO OF LYNCHBURG,2018,35111.64,4,3,1.3333333333333333,361.0,0.03318270239478671,False,-0.6914037241958656,2.2896443149706664
FLOWERS BAKING CO OF LYNCHBURG,2019,15.819999999999999,1,1,0.0,5.0,0.19727266681986239,False,-0.28619233531198013,-0.865127156846828
FLOYD LEE LOCUMS,2019,594000.0,2,1,2.0,423.0,-0.07593263727411237,True,-0.883648753123299,3.024517298724007
FMB LAUNDRY INC,2016,10363.25,2,1,0.0,12.0,0.1946626971876277,False,-0.28227126250880713,-0.8054225854698037
FMB LAUNDRY INC,2017,26957.18,4,2,1.0,23.0,0.18969761407132613,False,-0.24584384323866346,-0.49881234094081367
FMB LAUNDRY INC,2019,1286.0,1,1,4.0,16.0,0.1965702730559254,False,-0.39107796262536343,0.05489299828118139
FMB LAUNDRY INC,2021,9430.0,2,3,4.0,6.0,0.1872466106757082,False,-0.269264979127779,-0.013856886522822276
FOAM TO SIZE INC,2017,504.05,2,3,3.6,32.6,0.19317214535029686,False,-0.29906027622418685,0.11477492919061807
FOAM TO SIZE INC,2020,1314.51,1,2,1.0,64.0,0.18831134215441886,False,-0.3463354405629491,-0.17915047357191666
FOCUS HEALTHCARE PRODUCTS LLC,2020,2845.0,1,1,0.0,160.0,0.14490290208342022,False,-0.5086245709288957,0.3797121238197747
FORRESTER FARM EQUIPMENT  LTD,2021,4000.0,1,1,1.0,12.0,0.20362588316215707,False,-0.3183070693874232,-0.6002831538859309
FORT MAGRUDER HOSPITALITY LLC,2019,1667.44,1,2,2.0,4.0,0.20164443914560765,False,-0.28244002189173156,-0.4528722094143884
FOSTER FUELS INC,2017,8528.22,4,1,2.25,0.0,0.1917606961161354,False,-0.2885347528084987,-0.43146557171669253
FRANK DONIO INC,2016,98303.8,18,2,0.574468085106383,5.6125,0.14712671966236468,False,-0.0199683495505049,-0.6921574160913593
FRANK DONIO INC,2017,3258.0,3,2,1.25,5.25,0.2038516278499118,False,-0.24066444513948568,-0.595474712177758
"FRANKLIN TRUCK AND TRAILER SERVICE, INC.",2016,3697.4799999999996,2,2,0.5833333333333334,24.0,0.19611060016776416,False,-0.26608667348457093,-0.5849228379154419
"FRANKLIN TRUCK AND TRAILER SERVICE, INC.",2017,109.95,1,1,0.0,11.0,0.20037716243545883,False,-0.29480349691782975,-0.816942857718166
FRANKLIN-SOUTHAMPTON CHAMBER OF COMMERCE,2021,285.0,1,1,8.0,18.0,0.1466119594759131,False,-0.4831688766618713,0.9022175550759135
FREEDOM FORD LM OF CLAYPOOL HILL LLC,2021,20.0,1,1,4.0,2.0,0.1909242421221734,False,-0.3710451994926658,-0.05774294189386884
G AND B INSULATION CO INC,2017,17789.96,6,5,0.0,20.333333333333332,0.18284886736224815,False,-0.05308044463671328,-0.7142667403507925
GALE WELDING & MACHINE CO INC,2020,395.0,1,1,7.0,0.0,0.1547626076182021,False,-0.4350225661829277,0.5498753041917054
GED TESTING SERVICE LLC,2017,67.72,1,1,13.0,1.0,0.06899382923670205,False,-0.5702194801058322,1.8050379499877776
GEMEINSCHAFT HOME,2023,474501.5,1,1,1.0,0.0,0.07186816177060668,False,-0.27411842349904186,-0.6040269479359148
GENERAL PRODUCE LLC,2016,23922.35,9,2,3.8095238095238093,10.375,0.17801552590980524,False,-0.2236077798157182,-0.009377569157360018
GENERAL PRODUCE LLC,2017,7823.75,5,2,4.2727272727272725,11.9,0.18465878804996338,False,-0.29056870884066976,0.0900813347091674
GENERAL SALES OF VIRGINIA INC,2020,545.0,1,2,3.0,53.0,0.18845447847847097,False,-0.37516320062386743,0.14812731615882507
GENSCO EQUIPMENT INC,2016,5625.0,2,4,1.4,32.0,0.1959945863310606,False,-0.20206418820920338,-0.3421159529442427
GENSERV LLC,2016,5640.48,7,6,2.6666666666666665,0.2,0.18256158432118103,False,-0.024120902366812143,-0.3182702948667958
GENSERV LLC,2017,4517.0,3,4,1.2857142857142858,4.0,0.19729422054060947,False,-0.1459887072023872,-0.5893888458181361
GENSERV LLC,2018,8968.27,10,4,2.25,52.06666666666667,0.17802010719430134,False,-0.14258979585192938,0.008115856587381079
GENSERV LLC,2019,4782.04008,5,2,7.545454545454546,5.0,0.13591447906733933,False,-0.3537841548045127,0.7143827218934036
GENSERV LLC,2021,13590.0,4,2,4.428571428571429,38.6,0.1759184882668865,False,-0.3454367455798307,0.33647359512334696
GENTLE CLEANING INC,2017,710.0,1,1,0.0,34.0,0.1965505804505852,False,-0.32779924466460675,-0.6321893030843577
"GLENWOOD FOODS, LLC",2016,269979.9,55,1,0.918918918918919,6.864864864864865,0.06945622755604469,False,0.42868188718676553,-0.5263722246841173
"GLENWOOD FOODS, LLC",2017,30592.616,22,1,0.9444444444444444,4.8,0.15260372364757907,False,-0.024206343278128255,-0.6334233539351108
"GLENWOOD FOODS, LLC",2018,87600.0984,40,3,0.28846153846153844,9.6875,0.12069958968982358,False,0.32112371330099526,-0.6843291515052101
"GLENWOOD FOODS, LLC",2019,76775.1,25,2,0.275,12.73913043478261,0.13912496941917785,False,0.0689053248177976,-0.6911087903178347
"GLENWOOD FOODS, LLC",2020,3411.0,2,1,2.0,12.0,0.20431404725900226,False,-0.32725025482231346,-0.3910575456268684
"GLENWOOD FOODS, LLC",2021,36274.2,13,1,1.1875,9.8,0.17173547051907984,False,-0.15690723149551042,-0.5549185332570289
GLOBAL INDUSTRIAL EQUIPMENT CO.,2017,35.07,1,1,0.0,7.0,0.1988253337695502,False,-0.28906341726370816,-0.8490681101531268
GLOBAL TELLINK CORPORATION,2018,750000.0,1,1,34.0,196.0,-0.16249644314865141,True,-1.2753903210953506,7.88319924721789
GLOBAL TELLINK CORPORATION,2021,3000000.0,1,1,7.0,168.0,-0.10120199815210218,True,-0.5044354926385837,2.488795057999961
GOALTEX CORP,2019,2066.6,2,2,1.1111111111111112,14.88888888888889,0.20569567584726317,False,-0.2648600597735246,-0.548677037037345
GOOCHLAND AUTO PARTS,2017,2470.96,2,2,0.0,1.75,0.19277845783874958,False,-0.221201184803731,-0.885034449845183
GOOCHLAND AUTO PARTS,2018,2134.8,2,2,0.0,0.0,0.19057627421006396,False,-0.21870728206742365,-0.8991489524316908
GOODMAN TRUCK & TRACTOR CO INC,2021,5866.429999999999,4,1,0.6666666666666666,1.0,0.18946565729803316,False,-0.2548302954310731,-0.7530838127188303
GOODRICH GOURMET CATERING CO,2017,348.88,2,2,3.0,24.0,0.19875445337811293,False,-0.3201468526531721,-0.08323758203006819
GOODWILL OF CENTRAL AND COASTAL VIRGINIA,2017,180.0,1,1,8.0,35.0,0.14029722700036573,False,-0.5075884630667722,1.0386665905333867
GOWER CONTRACT SUPPLY,2019,390.0,1,2,8.0,34.0,0.13548685298064705,False,-0.45933805117469756,1.0349047082787872
"GREAT LAKES PACKERS, INC.",2016,14436.0,5,1,0.6,5.333333333333333,0.1896073589139064,False,-0.2456954753854371,-0.728993880748705
"GREAT LAKES PACKERS, INC.",2017,4720.0,1,1,1.0,21.0,0.2032513615894238,False,-0.3311906514351205,-0.5278928049037128
"GREAT LAKES PACKERS, INC.",2018,65476.0,12,2,0.3333333333333333,9.5,0.15510336512628747,False,-0.10234234722908955,-0.7263835562412915
"GREAT LAKES PACKERS, INC.",2019,35400.0,6,1,0.6666666666666666,12.6,0.17982961452468715,False,-0.24303514885500443,-0.6512016524611328
GREEN MOUNTAIN TECHNOLOGIES INC,2021,2678.6,4,2,8.571428571428571,8.0,0.12767417046395385,False,-0.3944631598035048,0.9498424408127705
GREENLINE SERVICE CORP,2021,635.69,3,1,0.9090909090909091,28.0,0.20014404698303473,False,-0.3126890892963787,-0.488450203360523
GREYHOUND LINES INC,2021,1510.0,20,1,1.3928571428571428,4.571428571428571,0.164052476231431,False,-0.06230135023801871,-0.5507211504476351
GROWING TECHNOLOGIES LLC,2016,775.72,4,11,0.9615384615384616,21.454545454545453,0.170213969337966,False,0.17695352452855068,-0.4863458712861828
GROWING TECHNOLOGIES LLC,2017,3136.39,12,14,2.0224719101123596,9.180327868852459,0.16069956247676015,False,0.4185212065434992,-0.3394087737357065
GT TONER,2016,443.97,1,1,2.0,167.0,0.1514505545568569,False,-0.5633954657700775,0.851166181670082
GT TONER,2017,2642.78,4,1,0.5833333333333334,155.0,0.13554256122568797,False,-0.47431568301930194,0.46521451679504366
GT TONER,2018,1337.92,1,1,2.0,21.0,0.20485566303185937,False,-0.3536747596526585,-0.32069177831298656
GT TONER,2019,1233.81,2,2,2.8,38.8,0.1928829402161777,False,-0.33689225257482586,-0.005827841393771661
GT TONER,2020,309.96999999999997,1,1,1.0,35.0,0.1988749255981258,False,-0.35154860043228764,-0.41637382373670406
GT TONER,2021,429.96,1,1,1.0,4.0,0.20275214383482743,False,-0.30702286159961373,-0.6652067194260789
GUERNSEY OFFICE PRODUCTS INC,2016,2713.88,7,20,1.0833333333333333,23.066666666666666,0.1363719013191546,False,0.6333978669854625,-0.40526124296066696
GUERNSEY OFFICE PRODUCTS INC,2017,2407.72,11,26,0.6530612244897959,6.714285714285714,0.10575018353170146,False,1.0007921177225616,-0.594785218845045
GUERNSEY OFFICE PRODUCTS INC,2018,2652.69,6,19,2.1724137931034484,19.24137931034483,0.1461820259205418,False,0.5544286554491125,-0.2152972202140535
GUERNSEY OFFICE PRODUCTS INC,2019,3302.3,10,31,1.1612903225806452,14.186440677966102,0.11286844750057656,False,1.199414599747944,-0.40933448328444444
GUERNSEY OFFICE PRODUCTS INC,2020,12497.07,37,64,2.0238095238095237,31.2,0.026185682963511647,False,3.062042414054506,0.08757180444066533
GUERNSEY OFFICE PRODUCTS INC,2021,23932.22,57,65,3.383084577114428,21.661016949152543,0.0084152296371236,False,3.3605180698652926,0.3295178130490396
GUY BROWN,2016,31.310000000000002,1,3,6.0,3.0,0.15438244957210434,False,-0.3234567576380452,0.37446889742606443
Great Lakes Educational Loan Srvcs Inc.,2019,5392.95,1,1,0.0,15.0,0.1996318368632526,False,-0.3002451977747179,-0.7837927240635918
H C KUHLMAN SUPPLY INC,2016,722.24,2,3,3.0,29.75,0.19407674070936193,False,-0.2815807054076267,-0.032780819746255414
H C KUHLMAN SUPPLY INC,2017,1451.53,3,3,2.0,21.0,0.2033501557714888,False,-0.23330186563633235,-0.309270687859305
H C KUHLMAN SUPPLY INC,2018,3799.07,5,4,3.8863636363636362,20.302325581395348,0.1869731822129479,False,-0.20064904745682044,0.08487685233518408
H C KUHLMAN SUPPLY INC,2019,418.01,3,2,0.7142857142857143,12.0,0.1965036102006265,False,-0.23857951857243256,-0.6532041737392557
H&E EQUIPMENT SERVICES,2017,2018.62,1,1,3.0,19.0,0.19891636754687425,False,-0.37305392202868265,-0.12874651510357674
H&E EQUIPMENT SERVICES,2018,203.44,2,2,2.0,46.0,0.19563654672912845,False,-0.329458872705317,-0.1145249281886366
H&E EQUIPMENT SERVICES,2019,102.6,1,1,0.0,0.0,0.19533116246191395,False,-0.27900690158009134,-0.9052482262663244
HALIFAX SECURITY INC,2016,34874.04,4,2,12.482758620689655,57.6140350877193,0.05961387768177562,False,-0.5510538843106593,2.1674958716001864
HALIFAX SECURITY INC,2017,12766.39,12,7,2.210526315789474,27.2,0.18291069401871196,False,0.06138718919217797,-0.18333921458239155
HALIFAX SECURITY INC,2018,13974.72,2,2,9.0,13.0,0.12182310694955512,False,-0.4373112684921357,1.0783392805708167
HAMPTON ROADS TRANSIT,2018,11.0,1,1,1.0,19.0,0.2029644412366104,False,-0.32858825030570954,-0.5448747252446574
HANDCUFF WAREHOUSE,2017,606.5,3,2,2.8,3.0,0.19573253577384625,False,-0.272135179606286,-0.29186547058022616
HANOVER SPECIALTIES LLC,2019,488.0,1,1,0.0,20.0,0.19972509979053682,False,-0.30770666964886656,-0.7446197994537208
HAPPY SMITH,2022,104422.5,4,1,1.75,0.0,0.16882259027998375,False,-0.27189569374464223,-0.5165282764548922
HARPOS HARDWARE & BUILDING SUPPLY INC,2017,3824.49,2,2,0.0,43.0,0.19297491302263287,False,-0.2803624512158168,-0.5536283869376567
HARPOS HARDWARE & BUILDING SUPPLY INC,2021,343.0,1,1,4.0,14.0,0.19610112604624425,False,-0.3882598033048236,0.03865217120864518
HARPOS HARDWARE LLC,2017,864.5600000000001,11,12,0.0,10.923076923076923,0.14533449422706302,False,0.35398441839693634,-0.7561937810072374
HARRIS CORPORATION,2018,200710.16,4,1,3.8823529411764706,52.0,0.11992196844016956,False,-0.38858695823543726,0.36310133028752273
HARRIS GROUP PROMOTIONS AND SUPPLY LLC,2016,690.24,4,7,3.142857142857143,1.7,0.1764395216791237,False,-0.030513519959085977,-0.2084193161872944
HARRIS GROUP PROMOTIONS AND SUPPLY LLC,2017,562.25,4,3,3.090909090909091,35.63636363636363,0.1898207965726308,False,-0.265307820073028,0.03628809204692039
HARRIS GROUP PROMOTIONS AND SUPPLY LLC,2018,65.86,1,2,3.0,2.0,0.19385121236339498,False,-0.30194993854403007,-0.26137606525559565
HARRISONBURG CONSTRUCTION CO INC,2016,10423.0,1,1,0.0,41.0,0.18851155061244096,False,-0.33729542326349715,-0.5740845228860652
HARRY MOORE JR MD,2018,24000.0,1,1,4.0,129.0,0.14039072864249436,False,-0.5520550946105096,0.9664848881833692
HARRY MOORE JR MD,2019,14400.0,1,1,2.0,350.0,0.07623527685907455,False,-0.8254008194503109,2.3229686824313385
HARVEY ALMARODE,2019,1400.0,1,1,1.0,8.0,0.20222368081936265,False,-0.31271165657440164,-0.6329053127027089
HAYNSWORTHS INC - OFFICE PLUS BUSINESS,2017,2380.21,13,20,0.8857142857142857,7.8,0.12389542895707928,False,0.7399935168253614,-0.5601107701214243
HAYNSWORTHS INC - OFFICE PLUS BUSINESS,2018,360.63,2,7,1.1428571428571428,12.0,0.18826794272177028,False,-0.027505273433375964,-0.5444826264485461
HAYNSWORTHS INC - OFFICE PLUS BUSINESS,2019,803.335,6,14,2.857142857142857,6.238095238095238,0.16000887949217918,False,0.3237223323395395,-0.19883651876554245
HAYNSWORTHS INC - OFFICE PLUS BUSINESS,2020,1149.95,6,9,1.0,6.875,0.17784810746361157,False,0.1302124497790512,-0.6008155012109694
HAYNSWORTHS INC - OFFICE PLUS BUSINESS,2021,1405.68,15,17,0.43333333333333335,7.7,0.13492886626228134,False,0.6365199651500763,-0.6648635600909274
HAZELDEN PUBLISHING AND EDU MATERIALS,2020,5659.0,1,1,4.0,132.0,0.14697702156277642,False,-0.5574141474375334,0.9869585376971002
HAZELDEN PUBLISHING AND EDU MATERIALS,2021,5555.1,3,3,8.75,8.8,0.12536971010054965,False,-0.36600627059599505,0.9966991048179513
HEALTHFORCE OF VIRGINIA INC,2021,18953.559999999998,3,1,5.666666666666667,193.5,0.08406093209958893,False,-0.6553609374563172,1.8326680851896013
HEAT SMART PLUS INC,2021,60.0,1,1,3.0,30.0,0.1950172938982766,False,-0.3889631499025372,-0.0408280204621878
HEC SOFTWARE INC,2017,46650.0,2,1,6.0,24.0,0.14422496380278194,False,-0.43116753569403155,0.5452490837142534
HEC SOFTWARE INC,2018,75950.0,1,1,7.0,58.0,0.11655082490733276,False,-0.5139872983006899,1.030345912843699
HENRY SCHEIN INC,2016,163.64,5,1,0.5714285714285714,13.857142857142858,0.19435534084902356,False,-0.2581172653338235,-0.6693155326171704
HENRY SCHEIN INC,2017,7718.53,16,5,2.0,11.166666666666666,0.18208725054471248,False,0.04873508447719712,-0.3593526638544785
HENRY SCHEIN INC,2018,1402.31,6,15,5.424242424242424,24.157894736842106,0.11845963744733856,False,0.28760291315642833,0.48297346214449477
HENRY SCHEIN INC,2019,9172.82,23,17,1.484375,43.55813953488372,0.12549619807793994,False,0.6690885034157963,-0.14520326637571387
HENRY SCHEIN INC,2020,2848.25,16,9,1.25,24.571428571428573,0.17550207515878208,False,0.23313249653564116,-0.3917048428932166
HENRY SCHEIN INC,2021,3812.06,29,18,0.6785714285714286,29.6,0.11359214903320403,False,0.8338759113440909,-0.4127344887929051
HERITAGE ELECTRICAL CORP,2019,79601.46,8,8,5.166666666666667,48.0,0.12156351569747903,False,-0.03726919718808519,0.6095950295400898
HERITAGE ELECTRICAL CORP,2021,32421.629999999997,8,2,2.111111111111111,21.0,0.18340811365283782,False,-0.21390202755567583,-0.27692964186864205
HERITAGE FOOD SERVICE GROUP INC,2017,414.39,2,2,0.6666666666666666,62.0,0.18357921444414171,False,-0.32270380530411746,-0.26319677447109135
HERITAGE FOOD SERVICE GROUP INC,2018,1461.26,3,2,2.3333333333333335,7.333333333333333,0.19880160018265075,False,-0.26790711546287965,-0.35391527219470936
HERITAGE FOOD SERVICE GROUP INC,2019,559.11,4,5,5.625,20.0,0.15698311796691766,False,-0.20573392139204805,0.44596617320913734
HERITAGE FOOD SERVICE GROUP INC,2020,265.76,3,2,1.6666666666666667,38.5,0.19441431563934342,False,-0.29787359001000535,-0.24253379617574905
HERITAGE FOOD SERVICE GROUP INC,2021,651.65,4,5,3.0,25.6,0.19146691395227766,False,-0.15525858093720554,-0.054710638684871964
HERTZLER FARM & FEED INC,2017,541.8,3,3,0.0,9.0,0.19170361466657448,False,-0.17154018578463384,-0.8215144009026479
HERTZLER FARM & FEED INC,2020,118.0,1,1,0.0,4.0,0.19915165846059169,False,-0.2847503889073963,-0.8731346786183006
HERTZLER FARM & FEED INC,2021,244.0,3,1,0.0,0.5,0.1914516514234102,False,-0.2529550383734197,-0.8982566967674994
HEYWARD INCORPORATED OF VIRGINIA,2020,334.34,1,1,7.0,42.0,0.15578989914020724,False,-0.49534192236322444,0.8870237973267671
HIGH-TECH MACHINE MFG INC,2016,29842.93,13,6,0.2647058823529412,67.0,0.13894948808532231,False,0.015160669971211167,-0.26769965449975
HIGH-TECH MACHINE MFG INC,2017,20064.995,18,10,0.5806451612903226,18.65,0.1488429237460765,False,0.331106828200599,-0.5678140577065933
HIGH-TECH MACHINE MFG INC,2018,2760.0299999999997,5,5,0.6666666666666666,66.66666666666667,0.17006795402309582,False,-0.14872160784431357,-0.20817481657108258
HIGH-TECH MACHINE MFG INC,2019,1936.3960000000002,2,1,0.0,7.0,0.19813106557701504,False,-0.27557358402699034,-0.8472190125226229
HIGH-TECH MACHINE MFG INC,2020,3046.2,3,2,0.0,7.428571428571429,0.19490103281783583,False,-0.21594227774588057,-0.8378608400672566
HIGH-TECH MACHINE MFG INC,2021,8154.65,6,2,0.0,15.2,0.19140592527234074,False,-0.1866673860032125,-0.7700445906891485
HILTI INC,2018,339.16,1,1,0.0,78.0,0.1857378912917556,False,-0.39100855619570307,-0.2790465902219814
HILTON GARDEN INN AND SUFFOLK CONF CTR,2023,4233.0,1,1,1.0,0.0,0.198743354419242,False,-0.30106061173716986,-0.6965688543869487
HOLIDAY INN TANGLEWOOD,2017,6983.9400000000005,2,4,2.909090909090909,1.0,0.18252251164394634,False,-0.19110562592453703,-0.27701549035472794
HOLIDAY INN VALLEY VIEW,2018,3259.1,3,4,1.4285714285714286,8.0,0.20083790743862245,False,-0.15498947828728046,-0.5278306405397639
HONEYBAKED HAM & CAFE,2021,308.51,2,1,1.0,13.714285714285714,0.2037979433960322,False,-0.30759952728554524,-0.5857729897659708
HORIZON STRUCTURES LLC,2019,4909.91,1,2,1.0,13.0,0.20274655855959894,False,-0.2728887437034832,-0.5878520455955084
HOUGHTALING ASSOCIATES INC,2019,5833.94,2,3,0.2,20.4,0.1944285122116141,False,-0.20544742004749045,-0.6888596425907838
HOUGHTALING ASSOCIATES INC,2020,2101.94,2,2,1.0,38.42857142857143,0.19713901584719834,False,-0.2961864893346273,-0.3827985232050954
HOWARD UNIFORM COMPANY,2016,90.03999999999999,1,1,5.0,34.0,0.185469988785805,False,-0.4392864889208864,0.40702154825042375
HOWARD UNIFORM COMPANY,2017,6423.48,5,4,3.16,39.0,0.1874686903268874,False,-0.21115938415414903,0.08450457860941983
HOWARD UNIFORM COMPANY,2018,9320.95,4,3,1.8888888888888888,142.45454545454547,0.1414073677553293,False,-0.39141335882282946,0.6456486234510207
HOWARD UNIFORM COMPANY,2019,230.60000000000002,1,1,9.0,48.0,0.12615351785658663,False,-0.5485451105866179,1.350902298685585
HOWARD UNIFORM COMPANY,2021,546.51,2,2,2.0,10.0,0.2036965190776212,False,-0.2777398913671349,-0.4034520714673207
HTF MECHANICAL SERVICES INC,2016,6411.0,3,2,1.0,46.0,0.19734840924888497,False,-0.2934319854742784,-0.3196949972687809
HTF MECHANICAL SERVICES INC,2017,15755.76,10,12,1.8888888888888888,16.133333333333333,0.16909968367872852,False,0.2918702519846194,-0.3202754956085272
HTF MECHANICAL SERVICES INC,2018,2791.9900000000002,2,3,3.0,1.5,0.19004090570227633,False,-0.24089251683396018,-0.2591540508737019
HTF MECHANICAL SERVICES INC,2019,3471.58,1,2,0.0,0.0,0.19235941310968901,False,-0.23201160072813426,-0.9003608385489197
HVAC SERVICES OF VIRGINIA LLC,2018,942.5,2,2,0.4,8.8,0.19335262344010623,False,-0.2403293414451886,-0.745593813723696
HYDROLOGIX,2020,508.32,1,1,1.0,16.0,0.20569556982553816,False,-0.3242514811005336,-0.568859747868223
ID MARKETING INC,2017,334.65,1,2,3.0,26.0,0.19810700662674002,False,-0.33640075693501503,-0.0686600684164133
ID NETWORKS INC,2016,211945.0,6,3,4.7,33.26315789473684,0.1161488152211772,False,-0.258894715601757,0.39625998199436246
ID NETWORKS INC,2017,216167.0,2,1,5.7272727272727275,0.0,0.09987200695055887,False,-0.3809103216944954,0.3292535440241817
ID NETWORKS INC,2018,242124.0,4,4,5.222222222222222,136.5,0.054440130235410056,False,-0.3970234065289894,1.340772936410516
ID NETWORKS INC,2021,34284.0,2,1,2.0,132.0,0.14899607320404568,False,-0.49781259573800546,0.5783333201881345
IDEAGEN INCORPORATED,2016,13839.36,1,1,4.0,21.0,0.1853350353289096,False,-0.39753922913951095,0.09750146086736426
IDEAGEN INCORPORATED,2017,17581.92,1,1,8.0,2.0,0.12933722249774104,False,-0.45920043906909574,0.7771792652595844
IDEAGEN INCORPORATED,2018,19309.32,2,1,2.6666666666666665,12.0,0.19318454026624926,False,-0.3411996531116423,-0.24935127730355433
IDEXX DISTRIBUTION INC,2017,2962.51,6,6,2.4285714285714284,10.0,0.18931262324739168,False,-0.046421710866442936,-0.2910934980459649
IMC INSULATION MATERIALS OF VA,2018,9029.438,5,5,0.0,3.0,0.1812570472442886,False,-0.04207098028134512,-0.8566112009505386
IMC INSULATION MATERIALS OF VA,2020,1452.257,2,4,0.0,7.647058823529412,0.1881682185256054,False,-0.1361236920403926,-0.8294466691834199
IMPACT IMAGING ENTERPRISES INC,2016,25.45,1,1,0.0,150.0,0.1520013798592691,False,-0.49442518195674023,0.29888098506771615
INCREDIBLE SUPPLY AND LOGISTICS,2020,413.8,3,3,0.75,10.75,0.19564710514873218,False,-0.19077843965879063,-0.6515913106116911
INCREDIBLE SUPPLY AND LOGISTICS,2021,446.70000000000005,4,5,2.8333333333333335,19.4,0.1916784383947755,False,-0.14265149231183996,-0.13916669975723034
INDUSTRIAL FABRICATORS OF VA INC,2017,56.07,1,1,3.0,1.0,0.19296134100886775,False,-0.3473166953849009,-0.27363004320274664
INDUSTRIAL FABRICATORS OF VA INC,2018,12600.0,1,1,6.0,1003.0,-0.09683271330159804,True,-1.8524336630627962,8.396122674801013
INGRAM BOOK GROUP,2019,217.2,1,1,2.0,132.0,0.16924272590188966,False,-0.5131452235809463,0.5701545315707558
INGRAM LIBRARY SERVICES INC,2016,569.1,1,1,2.0,24.0,0.20484753437239572,False,-0.3580270833848899,-0.2967601828860149
INGRAM LIBRARY SERVICES INC,2017,645.15,2,2,1.3333333333333333,27.333333333333332,0.2028825118801631,False,-0.28776627834073637,-0.4028647996071849
INKMARTOFNOVA,2017,1361.66,4,3,2.3333333333333335,45.0,0.19279086241222593,False,-0.2618224428916972,-0.04586146862169514
INKMARTOFNOVA,2018,109.0,1,1,1.0,299.0,0.09494588385118607,False,-0.7306885084712509,1.7028807605676082
INNOVATIVE GRAPHICS AND DESIGN INC.,2017,215.0,1,1,0.0,23.0,0.20030641137228128,False,-0.3120305873199389,-0.7205906339618677
INTEGRITY BUSINESS SOLUTIONS LLC,2019,8184.54,8,8,0.0,19.666666666666668,0.1743686766135799,False,0.11449531899472841,-0.7058855424175052
INTEGRITY BUSINESS SOLUTIONS LLC,2020,8726.94,28,28,0.14545454545454545,6.181818181818182,0.08375121173940964,False,1.3343135018724124,-0.6698076964740708
INTEGRITY BUSINESS SOLUTIONS LLC,2021,9669.78,35,40,1.0493827160493827,15.933333333333334,0.06663737158280125,False,1.9555083603341799,-0.34242648388161223
INTERLINK COMPUTERS INC,2017,241.68,2,2,1.0,30.2,0.2001398332666432,False,-0.28447607671939557,-0.44922051594739926
INTERSTATE OFFICE SUPPLY CO,2016,918.77,6,9,0.17647058823529413,133.64705882352942,0.11694590633750884,False,-0.03350043040956656,0.24563386421357383
INTERSTATE OFFICE SUPPLY CO,2017,3274.05,11,20,0.4864864864864865,11.5,0.12781421080545913,False,0.7168683010062347,-0.6161686499403053
INTERSTATE OFFICE SUPPLY CO,2018,1713.35,6,14,0.13043478260869565,17.5,0.15441320361388883,False,0.36838059649707294,-0.6750424997379629
INTERSTATE OFFICE SUPPLY CO,2021,188.95,1,4,1.0,16.0,0.18933993800597088,False,-0.18386291306026156,-0.5562493287827488
INTOPRINT TECHNOLOGIES INC,2016,1530.0,1,1,5.0,23.0,0.18835658600233957,False,-0.42340697563636026,0.319000988968941
INTOPRINT TECHNOLOGIES INC,2017,3995.0,1,1,5.0,66.0,0.16897291757158067,False,-0.4850177264408437,0.6646741240386334
INTOXIMETERS INC,2017,1010.0,5,2,0.8333333333333334,89.25,0.17130483169604488,False,-0.3253755449950912,-0.00525740661329794
INTOXIMETERS INC,2019,395.0,1,1,4.0,50.0,0.18592256133798624,False,-0.43995615065772453,0.32765705843782056
INTOXIMETERS INC,2020,495.0,2,1,0.5,24.0,0.19419187508687125,False,-0.3112149066044057,-0.6070996750599931
IRELAND ELECTRIC COMPANY,2020,5448.99,1,1,5.0,71.0,0.16494648074337193,False,-0.4921148878020088,0.70509839427469
IRVING FARMS MARKETING,2016,37016.0,8,1,1.5,7.428571428571429,0.18387395687277092,False,-0.22732939642568561,-0.5162259278150467
IRVING FARMS MARKETING,2017,6510.5,1,1,1.0,4.0,0.20128894137144537,False,-0.3066745009221083,-0.6640101588147436
IRVING FARMS MARKETING,2018,37371.0,6,2,0.42857142857142855,12.666666666666666,0.17871658201738372,False,-0.19090845422309277,-0.695546231799365
IRVING FARMS MARKETING,2021,13818.0,2,2,0.0,13.0,0.18818603441886894,False,-0.23670714020375394,-0.7924906901923453
J & N TOOL AND SUPPLY LLC,2017,1256.6,4,4,0.0,13.0,0.18996744873990146,False,-0.11706041114497902,-0.7835638548071746
J & N TOOL AND SUPPLY LLC,2018,862.0,1,3,0.0,42.0,0.18863539431433918,False,-0.24567469891342572,-0.5594895131539988
J & N TOOL AND SUPPLY LLC,2019,1313.0,2,2,0.0,7.0,0.1975734137406997,False,-0.22880701069071716,-0.843117265532397
J & N TOOL AND SUPPLY LLC,2020,14.0,1,1,0.0,15.0,0.1993256761015217,False,-0.30055336360641516,-0.7848512221082297
J A LAVOIE EQUIPMENT SALES INC,2018,125.0,1,1,0.0,21.0,0.20031465279397503,False,-0.3091635587118176,-0.7366636032123242
J J KELLER & ASSOCIATES INC,2021,106.8,1,1,4.0,7.0,0.19270746726423277,False,-0.3782206886396327,-0.017587714489898376
J K LOGUE LLC,2016,158660.77,3,1,6.25,0.0,0.09749180629338888,False,-0.382475782609407,0.4280696358894571
J K LOGUE LLC,2017,341317.48,6,1,6.5,3.0,0.04571636139446572,False,-0.3417493340443768,0.54448814756264
J K LOGUE LLC,2018,100180.25,4,3,3.111111111111111,36.0,0.1635153374554691,False,-0.26057312311626885,0.06300990809963836
J K LOGUE LLC,2020,76147.5,3,3,5.142857142857143,112.0,0.11216847215473652,False,-0.4297622324677717,1.0892375773727208
J K LOGUE LLC,2021,145530.0,4,2,1.3333333333333333,19.0,0.14876381098631652,False,-0.24073642429293862,-0.43830061884856863
J P TOWNSEND LLC,2020,3548.0,1,1,1.0,4.0,0.2026011182798535,False,-0.3068442257339028,-0.6645931351311694
JAEMONT INVESTMENTS,2021,7500.0,2,1,4.5,13.0,0.19169250422113643,False,-0.38417794705668856,0.13744116372809406
JAMES MADISON UNIVERSITY,2020,2500.0,2,1,5.5,0.0,0.16453303900149313,False,-0.388085546419361,0.23996462676578587
JAMES RIVER COMMUNICATIONS INC,2016,71237.3,8,8,4.064516129032258,42.90909090909091,0.1450166564914545,False,-0.005870057080710639,0.3379809033087051
JAMES RIVER COMMUNICATIONS INC,2017,232211.6,24,24,2.75,35.65151515151515,0.04559452376460876,False,1.006006982860051,0.12934305459480103
JAMES RIVER COMMUNICATIONS INC,2018,91545.865,10,10,6.25531914893617,91.5,0.049713162745022854,False,-0.002954963357291514,1.1988405775416984
JAMES RIVER COMMUNICATIONS INC,2019,37539.61,7,5,1.2413793103448276,61.04545454545455,0.17443619069019367,False,-0.12470520305129412,-0.12404227969902272
JAMES RIVER COMMUNICATIONS INC,2020,8324.029999999999,8,3,2.25,58.8,0.1843016874104833,False,-0.2258604907113355,0.05486747198260262
JAMES RIVER COMMUNICATIONS INC,2021,54549.86,32,15,2.4430379746835444,35.26086956521739,0.1020606995515877,False,0.6890584818596545,0.0012185010844110043
JAMES RIVER EQUIPMENT VIRGINIA LLC,2017,147.94,1,1,0.0,5.0,0.1988253337695502,False,-0.2861847660150571,-0.865101157579005
JAMES RIVER EQUIPMENT VIRGINIA LLC,2019,31542.989999999998,3,3,1.75,355.0,0.03821346196993897,False,-0.7056601696433782,2.325912407689945
JAMES RIVER EQUIPMENT VIRGINIA LLC,2020,56.88,1,1,2.0,32.0,0.2011232891864444,False,-0.36954516823943245,-0.2326399459188604
JAMES RIVER EQUIPMENT VIRGINIA LLC,2021,4720.89,5,4,2.0,14.0,0.20050626827286194,False,-0.14949781685426367,-0.357646419490934
JAMES RIVER SOLUTIONS,2016,136625.22,6,2,4.428571428571429,8.0,0.13568114248812668,False,-0.26768168951034516,0.11798954538515612
JAMES RIVER SOLUTIONS,2017,172592.2594,7,3,5.25,15.25,0.11684723859407858,False,-0.23415950288984277,0.3597145472664346
JAMES RIVER SOLUTIONS,2018,65814.3927,3,3,2.3333333333333335,7.0,0.17283119810135966,False,-0.2169392694339095,-0.339702978897983
JAMES RIVER SOLUTIONS,2020,701.7464,2,2,1.25,28.75,0.20342899357252436,False,-0.2879399713409118,-0.4088034016164606
JAMES RIVER SOLUTIONS,2021,926.209728,2,1,2.25,6.0,0.19911883424856447,False,-0.324348643019156,-0.3877456489294969
JENKINS SECURITY SERVICES INC,2021,27.0,1,1,0.0,21.0,0.20031465279397503,False,-0.30916917323723725,-0.7366828881672645
JLP ENTERPRISES INC,2018,789.96,1,1,4.0,8.0,0.19292443732428366,False,-0.3796176420708175,-0.009425649386664955
JN HOOVER & ASSOCIATES,2018,24943.75,4,2,0.0,12.0,0.18522287152472833,False,-0.20787183316589158,-0.7953790465165298
JN HOOVER & ASSOCIATES,2019,128763.25,12,1,0.4666666666666667,7.666666666666667,0.13766946753228676,False,-0.14585805091912377,-0.7051557584623411
JOEL MILLER,2016,400.0,2,1,1.5,14.5,0.2054560485357798,False,-0.3198678166493512,-0.47551427783831224
JOEL MILLER,2019,450.0,1,1,0.0,9.0,0.19968020126311248,False,-0.2919118302825987,-0.8329311994699291
JOHNSON CONTROLS  INC,2017,143721.46,8,6,0.1111111111111111,76.0,0.10548565193592513,False,-0.0547207788169964,-0.21234331722026015
JOHNSON CONTROLS  INC,2019,59519.8,5,3,4.4,126.0,0.11049169759805266,False,-0.40749979431152106,1.0468870243255304
JOHNSON CONTROLS  INC,2021,148284.47,5,3,0.8,6.0,0.14793944630748262,False,-0.14983803980763183,-0.6472805643831879
JOHNSON CONTROLS FIRE PROTECTION LP,2019,6880.62,4,5,1.5,2.3333333333333335,0.1937765067945864,False,-0.08805311549028888,-0.5520608991200846
JOHNSON CONTROLS FIRE PROTECTION LP,2021,22961.239999999998,6,6,0.5,63.0,0.1636046814834234,False,-0.07840033652572259,-0.26257921854932254
JONATHAN GIBBS,2021,215.0,1,1,0.0,7.0,0.1988253337695502,False,-0.2890531088804554,-0.8490327025822865
JONES ELECTRIC CONTRACTOR INC,2016,8400.0,1,1,1.0,27.0,0.20072172657475446,False,-0.3395963746913093,-0.4790028594345333
JONES TEXACO INC,2020,63.45,1,1,0.0,0.0,0.19533116246191395,False,-0.2790091445257054,-0.9052559304090375
JOURNEY WIRED LLC,2021,290.5,1,1,0.0,9.0,0.19968020126311248,False,-0.2919209682091747,-0.8329625867180201
JUNE SMALL BUSINESS SERVICES LLC,2016,650.75,6,8,2.3,48.25,0.1807038688619056,False,-0.005014210222808186,-0.002768455634130163
JUNE SMALL BUSINESS SERVICES LLC,2017,2581.13,12,13,0.9166666666666666,13.11111111111111,0.15677000907575056,False,0.39069091940542194,-0.5420475352775599
JUNE SMALL BUSINESS SERVICES LLC,2019,430.83000000000004,3,4,2.0,31.0,0.19861987173807294,False,-0.20091897829828065,-0.22497083155006764
JUNIORS WELDING AND METAL FABRICATION I,2021,3604.27,1,1,0.0,25.0,0.20025218510396348,False,-0.3147085972006984,-0.703868417024831
JUPITER ASSOCIATES LLC,2016,75959.74,40,26,2.316326530612245,57.28865979381443,0.05951454615247742,False,1.2833479823564353,0.21419171162379982
JUPITER ASSOCIATES LLC,2017,77954.85,88,27,1.0617760617760619,20.723809523809525,0.01828818183081149,False,2.0530228422250265,-0.26470207784619193
JUPITER ASSOCIATES LLC,2018,39539.43,49,21,1.103305785123967,79.45064377682404,0.056079284485808345,False,1.1628901141740904,0.12493885332370992
JUPITER ASSOCIATES LLC,2019,59094.95,43,14,0.8306451612903226,33.91489361702128,0.09133500013562285,False,0.8275802713329091,-0.33185468220699993
JUPITER ASSOCIATES LLC,2020,23295.21,31,26,2.484375,38.25,0.09522022524670726,False,1.1834980530441646,0.07264996225393737
JUPITER ASSOCIATES LLC,2021,49649.09,80,56,1.6989247311827957,62.83888888888889,-0.020756180067366015,True,3.2269368942334813,0.31096260322295555
JUPITER ASSOCIATES LLC,2022,96635.02,53,33,1.3865546218487395,0.0,0.04825274180655437,False,1.8890970107540324,-0.38615508289048156
JUPITER LLC,2017,1760.0000000000002,3,3,1.0,20.0,0.20218014481392893,False,-0.20955775543954358,-0.5251041848648595
JWC ENVIRONMENTAL LLC,2017,10620.0,1,1,5.0,32.0,0.17879754407284476,False,-0.4358110313803542,0.39303843053123866
KARENMICHAEL PLC,2018,2500.0,1,1,0.0,28.0,0.19811668612876016,False,-0.3190801392242772,-0.6800028332114779
KATHERINE M. SHOULDERS,2019,646.0,1,1,1.0,0.0,0.20033967874665454,False,-0.30126611482574617,-0.6972747230948038
KELLYS TRAILER WORLD,2017,3295.0,1,1,6.0,11.0,0.16976052518496276,False,-0.42836309327431354,0.43088333354203245
KENBRIDGE OFFICE & SCHOOL SUPPLY,2016,273.08,4,3,2.25,6.0,0.1954593947946524,False,-0.20401967634663756,-0.3764754415483174
KENBRIDGE OFFICE & SCHOOL SUPPLY,2017,117.13,2,3,2.6666666666666665,34.0,0.1954680220629646,False,-0.28028865044887263,-0.0680713286823781
KENBRIDGE OFFICE & SCHOOL SUPPLY,2018,130.48,2,1,2.4,44.6,0.1939148275525096,False,-0.3831709497489319,-0.04685576075013195
KEY OFFICE SUPPLY INC,2017,183.13,3,3,4.857142857142857,3.7142857142857144,0.18133560205954513,False,-0.2722373512975264,0.14562088934428621
KEY OFFICE SUPPLY INC,2018,83.99,1,1,1.0,15.0,0.20554675201799066,False,-0.32283969902022247,-0.576970879044037
KEY OFFICE SUPPLY INC,2019,353.40999999999997,2,2,2.857142857142857,10.0,0.19915433696866852,False,-0.29685696445916593,-0.2253187249306218
KEY OFFICE SUPPLY INC,2020,47.96,1,1,0.0,46.0,0.19445165924084595,False,-0.34507028247798327,-0.5359880313289261
KIDD TIRE AUTO PARTS,2021,214.86,2,1,3.0,1.5,0.1946698827744296,False,-0.3346447401113226,-0.2681100363180721
KITCHEN MASTER LLC,2017,6297.13,9,4,0.5588235294117647,15.92,0.1859949678765091,False,-0.06651687183535143,-0.6355958214264934
KITCHEN MASTER LLC,2018,933.9200000000001,4,4,1.1666666666666667,19.4,0.20030914589391485,False,-0.15227529195731201,-0.4897395276166563
KITCHEN MASTER LLC,2019,573.6,2,3,8.4,21.6,0.13647794414522796,False,-0.39025293224046875,1.0242442297368386
KITCHEN MASTER LLC,2020,4729.92,5,2,0.8571428571428571,32.166666666666664,0.19422519412183992,False,-0.24371620797434654,-0.4578200157279071
KITCHEN MASTER LLC,2021,8107.98,9,3,1.5384615384615385,62.0,0.1851376185751793,False,-0.20122702196894612,-0.06591674450659993
KITCHENS WELDING INC,2016,19548.6,5,3,1.5,22.875,0.1948292211430564,False,-0.19705075722553891,-0.3916410420300437
KITCHENS WELDING INC,2017,20569.43,6,2,2.5454545454545454,56.857142857142854,0.1790695542465201,False,-0.3025186968182668,0.09592146065736125
KITCHENS WELDING INC,2018,4093.75,1,1,2.0,21.0,0.2032810614813776,False,-0.3535168751874811,-0.32014947160510593
KITCHENS WELDING INC,2019,9067.58,2,1,5.0,24.5,0.1854983559838797,False,-0.4117483739487021,0.3340006622103684
KLOKE TRANSFER,2019,9374.6,2,2,4.5,566.0,-0.03717135842854313,True,-1.1314273594071007,4.581313476190113
KPD INC. DBA ROTO-ROOTER,2021,525.0,1,1,1.0,38.0,0.1974673769170488,False,-0.35584455833968054,-0.3922486211371027
L2 SUPPLIES AND SERVICES LLC,2017,981.0440000000001,3,1,1.5,1.0,0.20006124778972,False,-0.28706637635534143,-0.5822979876356548
LA PRILLAMAN CO INC,2017,771.0,3,3,0.0,1.0,0.18678355913337624,False,-0.16003831545033909,-0.8856903320325282
LABORATORY CORP OF AMERICA HOLDIN,2019,22500.0,3,2,3.0,273.0,0.08918088995689005,False,-0.6630838951497245,1.9214760693713557
LABORATORY CORP OF AMERICA HOLDINGS,2018,55572.0,4,2,3.75,64.0,0.15402164279188435,False,-0.36438270726529526,0.4075845022115239
LABORATORY CORP OF AMERICA HOLDINGS,2021,171175.85,8,3,3.75,93.33333333333333,0.10677357166719537,False,-0.29955911021817616,0.6759349620275121
LAND & COATES INC,2017,74.83,1,1,0.0,5.0,0.1988253337695502,False,-0.28618895456560245,-0.8651155445489607
LAND & COATES INC,2019,193.72,1,1,0.0,9.0,0.19957835330310958,False,-0.29192651283948207,-0.8329816315949495
LAND & COATES INC,2021,309.14,2,2,0.0,5.0,0.1971212448273329,False,-0.2259923381050452,-0.8593700689555216
LAUREL PARK TIRE & AUTO LLC,2017,100.56,1,1,0.0,5.0,0.1988253337695502,False,-0.28618748046622444,-0.8651104812643627
LAWRENCE TRAILER AND TRUCK EQUIPMENT INC,2020,47170.19,2,2,0.5,54.5,0.16182176222422823,False,-0.3055393646718355,-0.34884757047907705
LAWRENCE TRAILER AND TRUCK EQUIPMENT INC,2021,2255.4,1,1,3.0,203.0,0.1248095269425551,False,-0.6372813587018358,1.348383868843795
LAWRENCEVILLE BUILDING SUPPLY INC,2016,7120.66,4,6,0.19047619047619047,33.76190476190476,0.18245823631739283,False,-0.057181669842639,-0.5676985428556293
LAWRENCEVILLE BUILDING SUPPLY INC,2017,3172.04,8,9,0.0,33.666666666666664,0.16384754365379223,False,0.14090514220688488,-0.5902606963320358
LAWRENCEVILLE BUILDING SUPPLY INC,2018,344.35,2,3,0.6666666666666666,0.0,0.18709753187417638,False,-0.18686780065435443,-0.7566991510837046
LAWRENCEVILLE BUILDING SUPPLY INC,2020,2371.71,1,1,4.0,15.0,0.1940472631000449,False,-0.38957966872908517,0.04707902071105737
LD LOWER HOLDINGS INC,2021,3800.0,1,1,0.0,0.0,0.19489401647400528,False,-0.2787950735567565,-0.9045206324663737
LE BOX LUNCH LLC,2021,358.55,1,2,1.0,22.0,0.20306517401277652,False,-0.2860743276360419,-0.5164990225323974
LEA & ASSOCIATES COUNSELING SERVICES LLC,2017,1035503.0,24,8,2.6296296296296298,140.0,-0.046604005817732386,True,0.1560208282657807,1.0324781802643903
LEBANON BLOCK & SUPPLY CO INC,2020,543.75,3,4,1.8,23.0,0.20118327186252216,False,-0.18496570072703034,-0.33074295888218613
LEBANON BLOCK & SUPPLY CO INC,2021,2419.2,1,1,1.0,135.0,0.16272902563084068,False,-0.4950370006234369,0.3868041705032395
LEE HARTMAN AND SONS INC,2016,35410.51,10,4,2.28,106.61904761904762,0.14556967136084947,False,-0.2200858616568385,0.4574815877227964
LEE HARTMAN AND SONS INC,2017,29215.1,9,2,5.0285714285714285,74.28571428571429,0.1371781406701137,False,-0.3422592359603003,0.7581147351813419
LEE HARTMAN AND SONS INC,2019,5875.07,2,2,6.75,21.0,0.15844663148351906,False,-0.39911076863682027,0.6732666405499784
LEE HARTMAN AND SONS INC,2020,178.5,1,1,4.0,23.0,0.1946082432034985,False,-0.40119405930898766,0.1108684636332671
LEE HARTMAN AND SONS INC,2021,2692.0299999999997,3,3,5.0,46.0,0.1780328898725848,False,-0.3360041417671944,0.5152638666609866
LEE M WHITE INC,2022,1595.0,1,1,2.0,0.0,0.19945371639693033,False,-0.3235020908110925,-0.4892214038240618
LEE-MICHAELS INC,2016,4061.55,4,4,1.0,16.75,0.19839878195706412,False,-0.14457540426761295,-0.5450417021104518
LESS LETHAL LLC,2021,93.5,1,2,1.0,5.0,0.20169572408885295,False,-0.26167594179370796,-0.6530208783732948
LEWIS BOILER SUPPLY,2017,16099.172,4,6,3.3333333333333335,120.5,0.13978932296752578,False,-0.2512865714872965,0.7836645041868033
LEWIS SUPPLY CO INC,2017,4542.467500000001,16,9,0.5185185185185185,15.454545454545455,0.16415442588653817,False,0.26262722139852407,-0.6166089504238157
LEWIS SUPPLY CO INC,2019,85.58,4,2,0.0,10.0,0.1931245605006442,False,-0.20642379966046986,-0.8163260264036827
LEWIS SUPPLY CO INC,2020,60.0,1,1,0.0,1.0,0.19447743889641989,False,-0.28044543458238436,-0.8972289800293894
LEWIS WELDING & CONSTRUCTION WORKS INC,2017,9250.0,2,1,1.5,64.0,0.18579603148433121,False,-0.39044736455145856,-0.07640507854165748
LIGHTHOUSE SUPPLY COMPANY INC,2021,137.28,1,1,3.0,7.0,0.19726419130858464,False,-0.3559285971914488,-0.22544828653957247
LIGHTING UNLIMITED INC,2017,1417.3,3,2,0.6666666666666666,29.0,0.1940590349505245,False,-0.2618743940050412,-0.5264362383913984
LIQUID ENGINEERING CORPORATION,2017,9640.0,3,2,5.0,82.0,0.1618492520467038,False,-0.4341076999444299,0.8014013569708323
LIVING FREE LTD,2017,146735.0,4,2,1.75,14.0,0.15305086386839756,False,-0.2427745703744497,-0.39159056820069305
LL FOODS LLC,2016,325.5,1,1,1.0,161.0,0.1570117261659557,False,-0.5324953534128143,0.5951105227240947
LOCKWOODS CARPET,2018,27525.6,2,1,0.0,52.666666666666664,0.17158884165861232,False,-0.3396891040492609,-0.4755883636471802
LYNCHBURG CAMERA SHOP INC,2018,14.88,1,1,1.0,59.0,0.19419891906810693,False,-0.38603172411504444,-0.22376879016682358
"LYNCHBURG FIRE EQUIPMENT COMPANY,INC.",2021,107.0,1,1,5.0,44.0,0.18320779653913316,False,-0.4536464412889194,0.4873011786161015
M & M COMBUSTION LLC,2020,1342.0,1,1,0.0,23.0,0.20036066816418324,False,-0.3119660202776123,-0.720368856980058
M & M COMBUSTION LLC,2021,129.6,1,1,4.0,43.0,0.18779609726005098,False,-0.42991870889194417,0.2714114266098459
MACK GLOBAL,2017,362.0075,1,1,0.0,0.0,0.1954343108930764,False,-0.27899203984536874,-0.9051971786954202
MAGAZINE SUBSCRIPTION SERVICE AGENCY,2020,640.21,3,2,0.5,15.818181818181818,0.19493523354466802,False,-0.23927354784941302,-0.6670523363045342
MAGAZINE SUBSCRIPTION SERVICE AGENCY,2021,807.1800000000001,4,1,0.6428571428571429,3.7142857142857144,0.1933591466206523,False,-0.2584873878931302,-0.7372393230686497
MAJOR SAFETY SERVICE INC,2017,45.0,1,1,15.0,8.0,0.05171830127718113,False,-0.6248541190087393,2.2769600241766907
MALLARDS SIDEWALK CAFE LLC,2017,99.0,1,1,0.0,5.0,0.1988253337695502,False,-0.2861875698403024,-0.8651107882493597
"MANAKIN AUTO CENTER, INC.",2017,250.0,1,1,0.0,4.0,0.19925363707267907,False,-0.2847428264854024,-0.8731087029647081
"MANAKIN AUTO CENTER, INC.",2021,988.02,2,2,7.0,14.0,0.15794021545920417,False,-0.3949106924751499,0.6680781786666489
MAPLE RUN ENTERPRISES,2016,18094.71,2,2,0.0,25.5,0.18537690246230182,False,-0.2544132779181953,-0.6913037306169144
MARSH LP GAS COMPANY,2020,1567.733955,2,1,5.5,1.5,0.16823630967782416,False,-0.39029309554762975,0.2518226144880325
MARSH LP GAS COMPANY,2021,7328.032809,9,1,2.3333333333333335,0.875,0.1861644257971362,False,-0.22481310131940171,-0.3999806375101806
MARSH LP GAS COMPANY,2022,31811.1465,2,1,4.0,0.0,0.17328388905965592,False,-0.35297076148175066,-0.0660672269071705
MARTIN CONTROL & EQUIPMENT CO INC,2017,21050.0,4,4,3.3333333333333335,69.5,0.16751477654136349,False,-0.2713667974270759,0.3667808161456671
MARTIN CONTROL & EQUIPMENT CO INC,2018,1800.0,1,1,1.0,117.0,0.17489947337574363,False,-0.4692228120130982,0.24218499387568868
MARTIN CONTROL & EQUIPMENT CO INC,2021,3250.0,2,2,2.3333333333333335,116.66666666666667,0.1676355952306905,False,-0.4381983101854823,0.5226492496578746
MARTINSVILLE GLASS CO INC,2018,473.29,1,1,1.0,96.0,0.18035900215147221,False,-0.4391408802043332,0.07334370184640515
MARYLAND FIRE EQUIPMENT CORP,2017,234.0,1,1,0.0,12.0,0.20064853975039992,False,-0.29623248236235555,-0.8088908172185707
MATT'S PRODUCE LLC,2016,66027.25,9,1,1.0,0.5,0.1638384918681952,False,-0.19119116508393239,-0.6685952848524971
MATT'S PRODUCE LLC,2017,14130.0,3,1,1.0,1.5,0.19608040521694098,False,-0.2758859321147568,-0.6796299373706471
MATTHEW MCCARTHY DO,2021,76440.0,3,1,1.3333333333333333,97.66666666666667,0.14735382923331558,False,-0.41785045962989836,0.17391095846199675
MCCORMICK INSULATION SPLY INC,2017,6102.076,2,1,0.0,20.0,0.19854886601865313,False,-0.2940041289708017,-0.7420400873696096
MCKESSON MEDICAL SURGICAL GOVT LLC,2021,4724.610000000001,3,2,0.75,1.0,0.19376569676252853,False,-0.2233318561563508,-0.733236814465085
MCKESSON MEDICAL-SURGICAL MINNESOTA SUPL,2018,823.77,5,6,3.25,32.666666666666664,0.18418578121184764,False,-0.1107865000234678,0.05971782165699956
MCKESSON MEDICAL-SURGICAL MINNESOTA SUPL,2019,1232.41,9,10,0.3953488372093023,18.833333333333332,0.1632351925812967,False,0.21346678654736434,-0.6218397144220088
MCKESSON MEDICAL-SURGICAL MINNESOTA SUPL,2020,5107.8,24,24,3.0,24.1,0.10860289109278348,False,1.004012418701965,0.04388773667221468
MCKESSON MEDICAL-SURGICAL MINNESOTA SUPL,2021,690214.6099999999,60,46,1.2627737226277371,36.24038461538461,-0.056914293500124,True,2.5759144802540304,0.0610891904696726
MCKESSON MEDICAL-SURGICAL MINNESOTA SUPL,2022,7331.2,17,25,2.6578947368421053,0.0,0.10727409379333258,False,0.9995112297846479,-0.22635303534335924
MEDICAL HOUSE SUPPLY GROUP,2017,960.0,2,3,0.0,37.0,0.18868120396549948,False,-0.22510771815076744,-0.5981334299332136
MEDICAL MARKETING INC,2017,806.0,2,3,2.5,17.0,0.1974555161861024,False,-0.25212055596756344,-0.23904989547735098
MEDLINE INDUSTRIES INC,2016,8.7,1,1,1.0,84.0,0.1825170449806363,False,-0.42193438823558527,-0.023079274080292263
MELCO INTERNATIONAL LLC,2017,22541.1,1,1,5.0,28.0,0.1750011839591462,False,-0.42938368912782154,0.36327381007343246
MERCO BIOMEDICAL INC - EQUIPMNT AND SUPP,2021,981.8499999999999,3,3,5.833333333333333,23.333333333333332,0.16558951289427082,False,-0.32212597970994966,0.5061898729623958
MICROWAVE SPECIALTIES INC,2017,3410.0,3,1,1.3333333333333333,11.0,0.20420415780409534,False,-0.2975730853418906,-0.5361881403673271
MICROWAVE SPECIALTIES INC,2018,747.0,1,1,1.0,118.0,0.1751282493854967,False,-0.47071923191829,0.2500054082914872
MICROWAVE SPECIALTIES INC,2020,747.0,1,1,0.0,63.0,0.18958481796842125,False,-0.36944380456636927,-0.3993807726554328
MID ATLANTIC TEST & BALANCE INC,2016,1639.0,1,1,3.0,68.0,0.1813620776377463,False,-0.44344419858776235,0.2645326164281458
MID ATLANTIC TRANSPORT REFRIGERATION,2016,29291.86,10,2,4.6,42.36363636363637,0.15263971706649082,False,-0.27347787540489454,0.41426050455666436
MID ATLANTIC TRANSPORT REFRIGERATION,2017,9902.11,3,2,4.0,3.0,0.18672057553553167,False,-0.2983510383694291,-0.04059634752366108
MID ATLANTIC TRANSPORT REFRIGERATION,2021,877.0,1,1,0.0,0.0,0.1951582703991998,False,-0.2789625353710606,-0.9050958357652474
MID ATLANTIC TRANSPORT REFRIGERATION,2022,439.71000000000004,1,1,7.0,0.0,0.1547626076182021,False,-0.4350200046989327,0.5498841024604335
MID-ATLANTIC BUILDING SERVICES LC,2016,285.0,1,1,3.0,10.0,0.19976229628268388,False,-0.36022841136114775,-0.20133632955545078
MIDDLE PENINSULA GOLF CARTS INC,2021,118.0,1,1,2.0,11.0,0.2046036504760858,False,-0.33938372615706297,-0.40120813346840545
MIDDLE PENINSULA NORTHERN NECK COMMUNITY,2017,52975.0,3,2,3.6666666666666665,1.0,0.16610756957900652,False,-0.28558104629033476,-0.11746435316902959
MIDDLE PENINSULA NORTHERN NECK COMMUNITY,2018,1200.0,1,1,0.0,219.0,0.11989562347426747,False,-0.593448266494036,0.853018540113933
MIDDLE PENINSULA NORTHERN NECK COMMUNITY,2019,107950.0,4,2,11.0,3.0,0.070581118636944,False,-0.4353852815685827,1.435238966621519
MILLER'S STORAGE BUILDINGS,2018,2790.0,1,2,1.0,109.0,0.171042863432251,False,-0.41087506626469505,0.18238319909815787
MILLERS SUPPLIES AT WORK,2020,1245.5500000000002,2,2,0.36363636363636365,25.0,0.19506497628056868,False,-0.2627661182968097,-0.6230453678401211
MISTER JANITOR,2020,10200.0,1,3,2.0,75.0,0.17800147886704853,False,-0.33711145456226127,0.12299297421050209
MOBILE-TEL,2017,39.95,1,1,3.0,1.0,0.19296134100886775,False,-0.3473176189170414,-0.273633215381049
MOBILE-TEL,2019,419.95,1,3,1.0,13.0,0.19977828052092955,False,-0.22634368997807644,-0.5845111813860238
MOBILE-TEL,2021,175.0,1,1,0.0,1.0,0.19447743889641989,False,-0.2804388461086776,-0.8972063497251229
MOBILEXUSA,2017,2080.0,2,2,2.0,11.0,0.20372677483127977,False,-0.2790881284779102,-0.3951226739586369
MOJOHNS,2017,11821.76,7,2,0.0,0.0,0.18262487880609685,False,-0.15124778458415164,-0.8898679779942285
MOJOHNS,2018,179.0,2,1,0.0,0.0,0.19268023204760615,False,-0.26562162031700703,-0.9037582471631556
MOJOHNS,2020,355.0,2,1,0.5,11.0,0.19459772693646427,False,-0.2925537261229249,-0.7114864057497119
MORRIS TILE DISTRIBUTORS,2017,675.36,2,2,0.0,0.0,0.19151500241780767,False,-0.2187908949549597,-0.8994361487035033
MORSE WATCHMAN'S INC,2017,8706.0,7,5,0.7,23.714285714285715,0.19154868164235395,False,-0.06067857193065978,-0.541931753619189
MORSE WATCHMAN'S INC,2018,882.9000000000001,2,4,0.5,67.0,0.16321751361931375,False,-0.2325377916111272,-0.24916201625020093
MORSE WATCHMAN'S INC,2019,14.0,1,1,1.0,20.0,0.20279169549255427,False,-0.33002417083495,-0.5368465056001178
MORSE WATCHMAN'S INC,2020,14.0,1,1,1.0,5.0,0.20078689100401137,False,-0.3084827847979343,-0.6572609449317605
MORSE WATCHMAN'S INC,2021,12148.65,7,5,4.75,19.0,0.17172126875103916,False,-0.1439870870371097,0.2627607798216566
MOUNT ROGERS COMMUNITY SERVICES,2020,15000.0,1,1,4.0,80.0,0.1656260456787479,False,-0.48220218657099295,0.5713599857429289
MOUNT ROGERS COMMUNITY SERVICES BOARD,2018,15000.0,1,1,8.0,232.0,0.05312643563234726,False,-0.7896496126108716,2.6230259178938304
MSC INDUSTRIAL SUPPLY CO,2016,5233.68,7,8,1.2,42.0,0.18401184090758677,False,0.04212421224494045,-0.2792175680035503
MSC INDUSTRIAL SUPPLY CO,2017,4559.16,5,7,1.5714285714285714,43.0,0.1875829884148022,False,-0.0411938920277248,-0.20128940268810372
MSC INDUSTRIAL SUPPLY CO,2018,327.26,2,3,0.6666666666666666,21.0,0.19398069035841037,False,-0.21702672021066044,-0.588122299079404
MSC INDUSTRIAL SUPPLY CO,2019,2610.325,5,5,1.0,78.72222222222223,0.1730040816359848,False,-0.17347319141772927,-0.04213788874928308
MSC INDUSTRIAL SUPPLY CO,2020,16600.43,27,10,1.0571428571428572,26.875,0.14434309884764313,False,0.42890331942340526,-0.3901461380437217
MSC INDUSTRIAL SUPPLY CO,2021,6438.24,9,11,1.5333333333333334,28.166666666666668,0.1781923565909616,False,0.22179772615275906,-0.30511738768574276
MTS INTEGRATRAK INC,2017,2880.0,1,1,4.0,7.0,0.19012235416640771,False,-0.3780618090284702,-0.017041989622147164
Meineke Car Care Center #2038,2018,154.32,1,1,7.0,2.0,0.15701791042565083,False,-0.4379085398039653,0.5658832004942068
NAPA OF FARMVILLE,2017,13.98,1,1,1.0,28.0,0.2018101477360536,False,-0.34151291120051336,-0.4726254752256136
NATIONAL HARDWARE AND SUPPLY CO INC,2016,10149.14,11,11,0.6341463414634146,7.0,0.15870251666674845,False,0.2992126137036762,-0.6582663169908737
NATIONAL HARDWARE AND SUPPLY CO INC,2017,11715.369999999999,22,21,1.173913043478261,23.70731707317073,0.12185717470059265,False,0.8784903375776418,-0.35316989205125
NATIONAL HARDWARE AND SUPPLY CO INC,2018,3816.96,8,7,1.3043478260869565,13.2,0.19103106097969708,False,0.04765517481838384,-0.49175113384469754
NATIONAL HARDWARE AND SUPPLY CO INC,2019,511.68,2,2,0.0,0.0,0.19151500241780767,False,-0.21880027235823213,-0.8994683585139585
NATIONAL SAFETY COMPLIANCE INC,2020,544.75,1,2,7.0,9.0,0.15687508907265407,False,-0.4011365301028421,0.6263778585132843
NATIONAL SECURITY & DOOR CORP,2017,4652.0,2,2,0.8,7.0,0.19863740822435988,False,-0.2464479919618743,-0.6761669435162709
NATIONAL SOFTWARE ESCROW INC,2016,675.0,3,1,10.0,23.0,0.11698233032731375,False,-0.508145877137275,1.3611154773169594
NATIONAL SOFTWARE ESCROW INC,2017,150.0,1,1,0.0,12.0,0.2005469883821988,False,-0.29623729481271527,-0.8089073471799476
NATIONAL SOFTWARE ESCROW INC,2020,600.0,2,1,6.5,101.0,0.12716852144412388,False,-0.5555300773286481,1.2582478630128786
NATURES WAY FARMS INC,2016,268778.2,76,1,0.3854166666666667,7.288461538461538,0.030269247847325653,False,0.7208956546356411,-0.6031316688538172
NATURES WAY FARMS INC,2017,173806.75,38,1,0.5,8.5,0.10316498857211315,False,0.20268629432114688,-0.6443247226560672
NATURES WAY FARMS INC,2018,199012.0,49,2,0.2711864406779661,11.866666666666667,0.09490121522551892,False,0.3983880538506189,-0.6394522250041992
NATURES WAY FARMS INC,2019,110264.0,33,1,0.5641025641025641,11.368421052631579,0.12379808652648111,False,0.12659315473164218,-0.6278523214474586
NATURES WAY LANDSCAPING,2016,6656.0,2,1,0.0,20.0,0.19854886601865313,False,-0.29397239406897946,-0.7419310832943016
NB HANDY CO,2018,74750.4,3,2,0.0,73.0,0.14734238700041508,False,-0.3060008973852474,-0.29736739031537573
NCS PEARSON INC CERTIPORT BUSINESS GROUP,2017,250.0,1,1,1.0,57.0,0.19684880774054347,False,-0.38314606903238774,-0.2397777805953402
NCS PEARSON INC CERTIPORT BUSINESS GROUP,2018,21435.0,3,2,3.6,69.5,0.17192302900931783,False,-0.3842743133728941,0.4123638748479141
NCS PEARSON INC CERTIPORT BUSINESS GROUP,2019,32228.0,14,4,1.1206896551724137,45.206896551724135,0.16866372163293242,False,-0.05270962281270296,-0.27122075209264956
NCS PEARSON INC CERTIPORT BUSINESS GROUP,2020,11700.0,1,1,0.0,77.0,0.17603853295300687,False,-0.38892158904865165,-0.2848385737201397
NCS TECHNOLOGIES INC,2021,3666.44,5,6,5.571428571428571,29.4,0.14643287567886215,False,-0.15767784947176544,0.5166010229783426
NCVA MEDICAL STAFFING INC,2021,5000.0,1,1,1.0,46.0,0.1967334736916459,False,-0.36707691999561437,-0.32714697281305155
NETWORKING TECHNOLOGIES AND SUPPORT,2021,258.5,2,1,4.0,9.0,0.19296040846148133,False,-0.3677032781634828,-2.765887951395718e-05
NEW HORIZON SECURITY SERVICES INC,2016,77295.6,2,1,2.5,79.0,0.149920720373296,False,-0.4303806901832514,0.26526630156712666
NEW LIFE SUBSTANCE ABUSE & BEHAVORIAL,2017,82192.72,5,2,3.2,13.0,0.17150845288472472,False,-0.26397627096062504,-0.10943769518175997
NEW READERS PRESS,2017,862.5,1,1,15.0,12.0,0.057244663255825945,False,-0.6305516531642156,2.309231413277341
NEW READERS PRESS,2020,219.0,1,1,0.0,12.0,0.2005469883821988,False,-0.29623334172849125,-0.8088937689973877
NEW RIVER VALLEY COMMUNITY SERVICES,2019,18000.0,1,1,8.0,77.0,0.11061896262621551,False,-0.566883417001241,1.3793337338969935
NEXTIRAONE FEDERAL LLC,2017,558.0799999999999,2,1,1.3333333333333333,26.0,0.20288384744230964,False,-0.3326587651684489,-0.41780986154839506
NEXTIRAONE FEDERAL LLC,2018,311198.53,11,4,1.4,49.0,0.09920428448134455,False,-0.08854298478446304,-0.13223938778111943
NEXTIRAONE FEDERAL LLC,2019,43834.159999999996,8,4,2.888888888888889,97.0,0.14914199601042832,False,-0.24612357246367325,0.5055388448990821
NICKEY GREGORY COMPANY,2019,7150.0,3,2,0.0,2.875,0.19190613919293015,False,-0.20916781729671113,-0.8736076561084161
NORFOLK BANANA DISTRIBUTORS,2016,91243.25,67,2,0.5,2.943396226415094,0.08875593070648063,False,0.6407844499402343,-0.6581805385013033
NORFOLK BANANA DISTRIBUTORS,2017,43967.25,40,1,0.6956521739130435,5.457142857142857,0.13277684502930015,False,0.22201812767196344,-0.6506827150915901
NORFOLK BANANA DISTRIBUTORS,2018,59019.75,66,1,0.5375,5.483870967741935,0.08872499074538054,False,0.574270893953157,-0.6420320291715345
NORFOLK BANANA DISTRIBUTORS,2019,44515.689999999995,57,2,0.4857142857142857,3.4423076923076925,0.11725969524578317,False,0.5039002860508875,-0.6810897265182336
NORFOLK BANANA DISTRIBUTORS,2020,7970.7,8,1,0.375,3.4,0.18992124601877075,False,-0.19813139371745148,-0.7881313838814659
NORFOLK BANANA DISTRIBUTORS,2021,46107.0,31,1,1.0731707317073171,2.8333333333333335,0.14371574420531935,False,0.09706559217102717,-0.6061256286680416
NORFOLK BANANA DISTRIBUTORS,2022,83923.55,37,3,0.7111111111111111,0.0,0.11995002633348145,False,0.28526150748262397,-0.6793904178761653
NORFOLK BANANA DISTRIBUTORS,2023,65519.0,19,2,1.5714285714285714,0.0,0.14915862434991317,False,-0.022628246582762458,-0.5349543491949258
NORFOLK BEARINGS & SUPPLY CO.,2017,3271.21,4,4,1.5,25.0,0.20258541380678613,False,-0.1676136186248475,-0.37503600270396636
NORFOLK STATIONERY CO INC,2019,324.34,2,8,3.2222222222222223,76.33333333333333,0.1541246100256004,False,-0.11944344083778048,0.4084092922155249
NORFOLK WIRE & ELECTRONICS,2016,535.3,1,2,1.0,57.0,0.19427859914875462,False,-0.33632743552478,-0.23549721563150075
NORIX GROUP INC,2017,1383.0,1,2,5.0,27.0,0.18586822088625649,False,-0.38235747867065334,0.35530700082236927
NORIX GROUP INC,2021,3724.89,1,2,0.0,13.0,0.1983752419522533,False,-0.2506662895578262,-0.7959518101220149
NORTH CAROLINA CORRECTIONAL ENTERPRISES,2017,18945.0,10,1,2.7,16.0,0.1832539477986852,False,-0.2406606727142229,-0.19858400960574982
NORTH CAROLINA CORRECTIONAL ENTERPRISES,2018,77968.5,18,2,1.3478260869565217,15.619047619047619,0.1548884637421974,False,-0.05274212461000953,-0.45507497325447016
NORTH CAROLINA CORRECTIONAL ENTERPRISES,2019,35415.0,11,1,1.3333333333333333,17.375,0.17476154244707232,False,-0.19784733973028307,-0.4669143339036255
NORTH CAROLINA CORRECTIONAL ENTERPRISES,2020,13500.0,4,1,1.75,19.0,0.19678510245855302,False,-0.3043904972228873,-0.38189552726949355
NORTH CAROLINA CORRECTIONAL ENTERPRISES,2021,34383.0,12,1,2.4615384615384617,25.0,0.17138977422947282,False,-0.22062384624670883,-0.16991566792073864
NUKUMERS LOGISTICS LLC,2018,31714.613,2,4,0.0,121.0,0.12188346115128051,False,-0.2971752267324945,0.0864639068006577
NUKUMERS LOGISTICS LLC,2019,2648.1850000000004,6,3,0.0,2.0,0.18706575456323715,False,-0.1212241492301478,-0.8728684662866247
NYP CORP,2019,4725.0,1,1,13.0,9.0,0.07675090480736146,False,-0.5814413987444852,1.8701754683280178
NYS DOCCS OFFICE OF NUTRITIONAL SERVICES,2021,43169.28,3,1,2.1,55.0,0.17605678693209326,False,-0.37557256379551485,-0.0157840412454678
"O.O. STIFF SEPTIC TANK SERVICE, INC.",2016,525.0,1,1,0.0,80.0,0.18373690614596205,False,-0.3938700940271283,-0.26295476107273474
OAK HALL INDUSTRIES LP,2017,665.0,2,3,1.2,60.0,0.19177287765493778,False,-0.28490315853429554,-0.1641161238643593
OBERRY SERVICE CENTER INC,2016,752.67,1,2,1.0,14.0,0.20384947117636637,False,-0.27456300885754087,-0.5806424998381072
OBERRY SERVICE CENTER INC,2019,835.79,1,1,1.0,0.0,0.20033967874665454,False,-0.30125524155248684,-0.6972373752213539
OCI VIRGINIA CROSSINGS LLC,2018,1943.0,2,3,0.25,26.0,0.1947937502911955,False,-0.21482697090024755,-0.6342772696885303
OD TARAGIN & BROS LLC,2019,480.18,2,2,4.666666666666667,15.333333333333334,0.1898705479173312,False,-0.34484377154053825,0.1936597521448379
OFFICE DEPOT INC,2016,456.72,3,5,4.25,39.6,0.1775698044910703,False,-0.2166188780662874,0.3159960798788994
OFFICE DEPOT INC,2017,498.42999999999995,5,5,1.8,14.0,0.19638981063008792,False,-0.09847936872286492,-0.39582622923871963
OFFICE DEPOT INC,2018,287.99,1,1,1.0,37.0,0.19800984609423028,False,-0.3544220444950671,-0.4003228904990454
OHD LLLP,2020,325.0,1,1,2.0,33.0,0.20038569124706412,False,-0.3709658997586805,-0.22455955456765048
OHD LLLP,2021,1980.0,3,2,2.625,7.0,0.20012603174682542,False,-0.27390004951083313,-0.2958613186393203
OLD DOMINION SEPTIC & ROOTER LLC,2021,795.0,1,1,2.0,7.0,0.2025722813004866,False,-0.33360057048893554,-0.4331854270062205
OLD DOMINION TRADING LLC,2019,9077.710000000001,6,8,0.0,44.0,0.16979053604144445,False,0.05283976608830707,-0.5133206897909848
OLD DOMINION TRADING LLC,2021,100.0,1,1,4.0,2.0,0.1909242421221734,False,-0.37104061620660894,-0.057727199073509664
ONESOURCE MARKETING INC,2017,3864.62,10,10,2.3333333333333335,16.8125,0.17724397553843618,False,0.18670225286907485,-0.23322710040500502
ONESOURCE MARKETING INC,2018,3434.38,4,5,0.42857142857142855,31.857142857142858,0.18367043654690735,False,-0.10676696010445608,-0.5384470524976114
ONESOURCE MARKETING INC,2019,3811.08,12,14,3.6470588235294117,9.970588235294118,0.1530719230687812,False,0.38121237021737175,0.004765222034289706
ONESOURCE MARKETING INC,2020,15343.05,34,28,1.44,17.891304347826086,0.10026787057508968,False,1.3693062020810556,-0.29656393779426365
ONESOURCE MARKETING INC,2021,37271.08,67,75,2.8830409356725144,15.691666666666666,-0.028762290774836163,True,3.9828328773687787,0.23727428462173178
ORANGE TIRE INC,2017,590.0,1,1,1.0,1.0,0.199498648134461,False,-0.30270541552845376,-0.6892581137802788
PACKAGING PROS PLUS,2016,6470.400000000001,1,1,1.0,11.0,0.20356334921069047,False,-0.31672944511151835,-0.6078246448820154
PAMS CLEANING SERVICE LLC,2018,2000.0,2,1,0.0,22.0,0.1995274412612983,False,-0.2971113261224265,-0.7267920568616537
PAPERBACKS INK LLC,2017,286.0,1,2,5.0,39.0,0.17823528279887735,False,-0.3996534358103213,0.45142267886350784
PARCHMENT INC,2016,3000.0,1,1,3.0,14.0,0.1979417067408467,False,-0.3658172357004625,-0.16869154043440632
PARCHMENT INC,2018,5087.2,3,2,1.0,16.5,0.2046330169667987,False,-0.25114310152750735,-0.5567705656075712
PARCHMENT INC,2019,4500.0,2,1,21.0,4.5,0.009056467026997694,False,-0.7399337309300862,3.498414365069838
PARKER SAFETY INC,2017,4516.8099999999995,7,7,2.8333333333333335,24.181818181818183,0.18832130928132157,False,-0.015538154690453306,-0.08710542004446789
PARKER SAFETY INC,2018,1899.6599999999999,2,3,2.8,24.0,0.1999900850448007,False,-0.26879764939183404,-0.12028130327522328
PARKER SAFETY INC,2019,12608.55,15,11,2.1,23.77777777777778,0.16777623771503608,False,0.29610830956562806,-0.212494810023654
PARKER SAFETY INC,2020,4404.92,5,5,0.7692307692307693,31.5,0.1886772507727198,False,-0.10041097675961533,-0.4688364415840706
"PARRISH MOTOR COMPANY, INC",2019,142.61,1,1,0.0,1.0,0.19447743889641989,False,-0.2804407017666199,-0.897212723599516
"PARRISH MOTOR COMPANY, INC",2020,113.52000000000001,1,1,0.0,17.0,0.19979767287882227,False,-0.3034198468034958,-0.7687763794621505
"PARRISH MOTOR COMPANY, INC",2021,479.70000000000005,3,3,0.0,42.5,0.18631027065568523,False,-0.21965283904310406,-0.5526010400929502
PARTS TOWN LLC,2020,1970.25,1,1,5.0,21.0,0.18836512415437068,False,-0.4205095684353428,0.3030323650996778
PARTS TOWN LLC,2021,1572.17,7,5,0.9090909090909091,30.5,0.19043468400953034,False,-0.0754928980015368,-0.4453993773216199
PARTS TOWN LLC,2023,543.37,2,3,0.8333333333333334,0.0,0.19389924908727224,False,-0.19057145612049914,-0.7220155585383172
PARTY PERFECT,2017,160.56,1,2,0.0,9.0,0.1967411369284131,False,-0.2451261242478453,-0.8287637348632549
PATTERSON DENTAL SUPPLY INC,2016,24877.0,4,2,3.357142857142857,36.0,0.18027962349224907,False,-0.3171737482302225,0.09510869192827923
PATTERSON DENTAL SUPPLY INC,2017,91.87,1,1,1.0,4.0,0.20275214383482743,False,-0.30704223113940093,-0.6652732505527692
PAXEN PUBLISHING LLC,2021,1357.33,2,3,3.7241379310344827,20.20689655172414,0.19270663670158555,False,-0.28398082652722156,0.041259727831364876
PAYNE INDUSTRIAL & FARM EQUIPMENT INC,2017,87.74000000000001,2,2,0.0,8.8,0.19602733731050875,False,-0.23146217347858505,-0.8289086459135164
PAYNE INDUSTRIAL & FARM EQUIPMENT INC,2018,262.11,2,2,0.0,32.0,0.19486045667453977,False,-0.2647695273709643,-0.6426333329690839
PAYNE INDUSTRIAL & FARM EQUIPMENT INC,2019,193.85,1,2,0.0,8.0,0.19678820513063405,False,-0.24368812462546713,-0.8367848131709094
PBE INC,2017,1227.9499999999998,1,2,2.0,20.0,0.2021667928885102,False,-0.30544267918607937,-0.32451662594546543
PCMG INC,2016,2254.75,2,2,3.5,15.166666666666666,0.19917490902379392,False,-0.31849735303033955,-0.049839975269167676
PCMG INC,2017,877.0,2,3,5.0,7.0,0.18245301806155084,False,-0.2934814273170018,0.2003542085485335
PEARL ISLAND FOODS LLC,2016,208.82,1,1,7.0,15.0,0.1639194612740511,False,-0.4565746186724192,0.6702531060446669
PEELE BROTHERS INC,2016,29427.5,18,1,0.5555555555555556,6.5625,0.1516392562839221,False,-0.07165935620196957,-0.7062407132705398
PEELE BROTHERS INC,2017,3564.0,3,1,0.6666666666666666,5.0,0.19554692961272435,False,-0.2740874779572938,-0.7229013245469468
PEELE BROTHERS INC,2018,15930.0,7,2,0.14285714285714285,6.5,0.19048164697946968,False,-0.1635313547421969,-0.807184722268388
PEELE BROTHERS INC,2022,2120.0,1,1,1.0,0.0,0.19809819209212975,False,-0.3011816677801477,-0.6969846616296856
PENINSULA THERAPY CENTER PLC,2016,383607.25,12,4,5.875,317.0,-0.06061804274846194,True,-0.5556357658037137,2.9650920757505315
PENINSULA THERAPY CENTER PLC,2017,359300.0,14,3,3.25,3.0,0.08007845523678953,False,-0.06762366365032496,-0.10729110843226804
PEOPLES CLEANERS INC,2020,104.5,1,1,0.0,22.0,0.20030641137228128,False,-0.3106008255813372,-0.7286400080212652
PERFORMANCE FOOD GROUP INC,2018,11351.06,7,2,0.5714285714285714,1.4,0.18924077615524237,False,-0.16602262098048448,-0.7599410266296696
PERFORMANCE FOOD GROUP INC,2020,10356.3,8,1,1.125,1.25,0.19387608498656583,False,-0.2116248803740763,-0.6490214084010505
PERFORMANCE FOOD GROUP INC,2021,27963.05,17,2,1.3529411764705883,1.5714285714285714,0.1679304042979035,False,-0.048928232980869686,-0.5780960751596989
PERFORMANCE FOOD GROUP INC,2022,361.33,1,1,0.0,0.0,0.1954343108930764,False,-0.2789920786600726,-0.9051973120174304
PERFORMANCE FOOD GROUP INC.,2021,17379.79,24,1,1.125,3.7083333333333335,0.15881267203886545,False,-0.0006584233010623855,-0.6043055851101371
PERFORMANCE FOODSERVICE VA,2018,15213.19,13,1,2.923076923076923,3.0,0.17021057605399748,False,-0.18703501984184429,-0.2528824865507373
PERFORMANCE FOODSERVICE VA,2019,33052.49,33,1,2.4545454545454546,2.0,0.13918623657028334,False,0.09348491792377704,-0.3252927397853681
PERFORMANCE MECHANICAL INC,2017,10657.0,2,2,3.8,2.0,0.1864059260274027,False,-0.3057945326884784,-0.09152368431424766
PET DAIRY,2016,22432.0,18,2,2.3333333333333335,9.8,0.17081119340614426,False,-0.06953447709573883,-0.3078628835620996
PET DAIRY,2017,34807.4,41,2,3.0425531914893615,22.96875,0.1323494537073457,False,0.20421502275784167,-0.018366916467084327
PET DAIRY,2018,13635.6,15,2,1.1428571428571428,18.75,0.18511846363393214,False,-0.0964980467335349,-0.4896316398267426
PET DAIRY,2019,10424.6,12,2,2.75,13.75,0.18469348209430275,False,-0.16546802813746356,-0.20075522453445405
PET DAIRY,2020,0.0,1,1,0.0,10.0,0.19884779550856163,False,-0.29337370366913645,-0.8249921235456732
PETERBILT OF RICHMOND INC,2022,5497.92,1,1,6.0,0.0,0.1592501618345769,False,-0.4124398691906627,0.34301291353831503
PFG-VIRGINIA FOODSERVICE,2020,687.47,1,1,0.0,1.0,0.1945326485818355,False,-0.2804094861511078,-0.8971055031857548
PFG-VIRGINIA FOODSERVICE,2021,9693.93,4,2,3.5714285714285716,2.142857142857143,0.18822520565247086,False,-0.27419811956304285,-0.13512886755755055
PHILLIPPI KIRK CRIGGER INC,2021,326.38,1,1,2.0,21.0,0.20439809735753223,False,-0.35373271186738353,-0.32089083446931327
PHONETICS INC,2019,539.4,2,2,2.0,2.5,0.20079659216082663,False,-0.2669696056881753,-0.4636606902763013
PIEDMONT FRESH LLC,2016,422055.6,154,3,1.0352112676056338,4.78036605657238,-0.05778326857947502,True,1.8561098989251357,-0.3345378908732129
PIEDMONT FRESH LLC,2017,254097.3,126,2,2.124822695035461,15.853269537480063,-0.012838114040759852,True,1.3848302531514787,-0.09772952726769164
PIEDMONT FRESH LLC,2018,249561.6,106,3,0.7263157894736842,10.313492063492063,0.014647277503893164,False,1.2028834359390452,-0.45907067178402317
PIEDMONT FRESH LLC,2019,150916.37,77,2,1.7233502538071066,7.67877094972067,0.06069270629538148,False,0.7439428942844236,-0.3393808472304158
PIEDMONT FRESH LLC,2020,101855.4,57,3,1.5180722891566265,12.385892116182573,0.11983891254664603,False,0.5181321981560791,-0.3791931974411216
PIEDMONT FRESH LLC,2021,219579.5,130,3,2.157303370786517,16.126676602086437,-0.0008617816168851045,True,1.4820619532379902,-0.08545146313414932
PIEDMONT FRESH LLC,2022,48547.2,64,3,2.031413612565445,0.0,0.09140053322535929,False,0.6150891738614601,-0.3720817023266976
PIEDMONT FRESH LLC,2023,25691.2,29,3,1.3676470588235294,0.0,0.15053057789802804,False,0.16024366678937615,-0.5661773677934121
PIEDMONT VIRGINIA COMMUNITY COLLEGE,2017,9000.0,1,1,0.0,1.0,0.18892009114343938,False,-0.2799332523655255,-0.8954697198542508
PITNEY BOWES GLOBAL FINANCIAL SERVICES,2017,6264.0,2,1,0.0,18.0,0.19872383673950456,False,-0.29112266736572295,-0.7580634816916137
PITNEY BOWES GLOBAL FINANCIAL SERVICES,2020,5558.280000000001,2,1,4.0,261.0,0.10845406753969994,False,-0.7292949334881147,2.0239778404481186
PITNEY BOWES INC,2016,20088.25,12,7,1.8333333333333333,23.0,0.17951108401073507,False,0.0762460163102238,-0.2940202350272684
PITNEY BOWES INC,2017,126625.4,35,11,1.1891891891891893,17.846153846153847,0.10037079409464933,False,0.5990791895114561,-0.3975030782099343
PITNEY BOWES INC,2018,1289.47,10,2,2.2666666666666666,30.375,0.18603494405108756,False,-0.20585456734825675,-0.17251227810756128
PITNEY BOWES INC,2019,24121.04,17,4,2.6296296296296298,22.666666666666668,0.17606775312344403,False,-0.014296306650514304,-0.13567768082801562
PITNEY BOWES INC,2020,15479.19,7,5,3.857142857142857,101.33333333333333,0.14097078081930092,False,-0.24213245734461994,0.7387625072493191
PITNEY BOWES INC,2021,42161.74,27,4,2.5555555555555554,29.09090909090909,0.15378551163955828,False,0.11297163765368574,-0.08120417705549662
PMC ASSOCIATES INC,2017,10017.56,5,4,4.642857142857143,25.428571428571427,0.18157622208758212,False,-0.22451704760328312,0.2845018712473025
PMC ASSOCIATES INC,2019,9242.04,1,1,4.0,11.0,0.1902795898932994,False,-0.38344169052302285,0.016320483193431615
PMC ASSOCIATES INC,2020,300.0,1,1,0.0,61.0,0.19036500230778775,False,-0.36659722887227675,-0.41552399424174213
PMC ASSOCIATES INC,2021,622.8000000000001,1,1,4.0,30.0,0.19055068106353007,False,-0.4112212517013234,0.16714930034327002
POINT SECURITY INC,2017,253858.0,2,3,8.804347826086957,56.73913043478261,0.05577952341899933,False,-0.4352180873811938,1.440221173231144
POINT SECURITY INC,2018,200.0,1,1,0.0,66.0,0.18474766001873344,False,-0.3737834199921865,-0.3754055263233102
POINT SECURITY INC,2021,175.0,1,1,0.0,34.0,0.19649570070129307,False,-0.32782989539011226,-0.6322945831955096
POINT SECURITY INC,2023,775.88,1,2,1.0,0.0,0.1980884228335218,False,-0.2544563854971254,-0.693024742495217
POLYGRAPH AND ASSESSMENT SERVICES INC,2016,31408.0,3,1,2.4,317.0,0.06876405950378167,False,-0.7591896931898576,2.147500356955231
POLYGRAPH AND ASSESSMENT SERVICES INC,2017,63076.0,9,2,3.2,21.5,0.171624574568368,False,-0.22375465693487198,-0.03906495599846878
POLYGRAPH AND ASSESSMENT SERVICES INC,2018,4275.0,2,1,3.0,33.5,0.1958955113007821,False,-0.38036708720215123,-0.01042692339407073
POLYMERSHAPES LLC,2019,50.0,1,1,0.0,7.0,0.1988253337695502,False,-0.2890625619079478,-0.8490651721492773
PORTABLE WASTE SOLUTIONS LLC,2020,2520.0,2,2,9.5,147.0,0.060019145328588874,False,-0.6415490762616793,2.255720770308629
PORTABLE WASTE SOLUTIONS LLC,2021,720.0,2,2,2.0,44.5,0.1966077914553857,False,-0.32727513982354606,-0.1264647207307416
POWER & HEAT SYSTEMS LLC,2016,234566.5,7,6,2.823529411764706,51.125,0.113602709006282,False,-0.08763501475817521,0.1681925125635553
POWER & HEAT SYSTEMS LLC,2017,38958.6,16,9,2.8214285714285716,27.272727272727273,0.16288575600191618,False,0.1962942974499838,-0.036266366662681015
POWER & HEAT SYSTEMS LLC,2018,22158.75,4,8,16.636363636363637,32.5,0.018782971224050704,False,-0.32748784147681276,2.8521296871862343
POWER & HEAT SYSTEMS LLC,2019,72829.0,5,5,2.7,28.11111111111111,0.17328123258830475,False,-0.13466164271237638,-0.08123395770333956
POWER MECHANICAL INC,2017,9098.0,2,2,1.3333333333333333,47.0,0.19202508377333027,False,-0.3155251560532754,-0.24332469402283965
POWER MECHANICAL INC,2018,5380.0,2,1,1.5,9.5,0.20331805228244865,False,-0.31240204507997044,-0.5146724337148338
POWERHOUSE RECYCLING INC,2018,369.1,7,4,4.842105263157895,155.5,0.10255437153299513,False,-0.38954390954057333,1.371135319001839
POWERHOUSE RECYCLING INC,2019,51.239999999999995,4,2,5.0,34.0,0.17873739302117325,False,-0.3523437107762167,0.41566316924246094
POWERHOUSE RECYCLING INC,2021,-167.86,4,3,4.0,17.0,0.1872244859535092,False,-0.2588500588290502,0.0755082077505101
POWERHOUSE TECHNOLOGY INC,2016,5016.0,1,1,3.0,213.0,0.12278584702088241,False,-0.6514841249829045,1.4292034071051016
POWERS BUSINESS MACHINES INC,2019,16924.0,4,4,1.625,1.0,0.18621081286741398,False,-0.1351515110920866,-0.5390291166219197
POWHATAN AUTO AND TRACTOR PARTS INC,2017,24483.5,14,6,0.3333333333333333,19.391304347826086,0.165639542009762,False,0.09507528323003621,-0.6351989733567706
POWHATAN AUTO AND TRACTOR PARTS INC,2018,5913.46,5,5,0.23529411764705882,18.875,0.18877227777861705,False,-0.07029225201172609,-0.6808759833233478
POWHATAN AUTO AND TRACTOR PARTS INC,2019,5149.94,7,3,0.0,2.1666666666666665,0.18816224335880444,False,-0.1079392655038764,-0.8695632748677566
POWHATAN AUTO AND TRACTOR PARTS INC,2020,3300.12,14,4,0.0,1.5185185185185186,0.16812020128816257,False,0.0333541748876876,-0.8605813501259416
POWHATAN AUTO AND TRACTOR PARTS INC,2021,13830.68,25,6,0.0,2.7282608695652173,0.1392041339052178,False,0.2730147033999626,-0.8241244919988335
POWHATAN AUTO AND TRACTOR PARTS INC,2022,1838.74,3,1,0.0,0.0,0.19281771908974094,False,-0.25214562780210603,-0.9019566900951426
POWHATAN COLLISION & GLASS,2017,100.0,2,2,0.0,1.0,0.19019008561630474,False,-0.2202599503507487,-0.8915217417787504
POWHATAN COLLISION & GLASS,2018,195.0,1,1,0.0,7.0,0.1988253337695502,False,-0.2890542547019697,-0.8490366382873763
POWHATAN COLLISION & GLASS,2019,206.04,1,1,0.0,1.0,0.19447743889641989,False,-0.2804370677936875,-0.8972002415108238
POWHATAN COLLISION & GLASS,2020,1369.98,3,3,0.0,7.75,0.1917513896784397,False,-0.1696976229584666,-0.8313859639015548
"POWHATAN OVERHEAD DOORS, INC.",2021,925.0,1,1,1.0,1.0,0.199498648134461,False,-0.3026862230180904,-0.6891921907200247
PREMIER FIRE PROTECTION SERVICES,2018,800.0,1,1,0.0,279.0,0.09955455680890996,False,-0.6796367270723838,1.334597583338706
PREMIER PARKING CORP,2018,960.0,1,1,4.0,37.0,0.1869386702323359,False,-0.4212545799678673,0.2234090613525172
PRESTIGE EVENTS LLC,2016,6206.5,1,1,0.0,18.0,0.19855668502921103,False,-0.3045068658274762,-0.7595497415534731
PRESTIGE EVENTS LLC,2017,8270.0,2,1,0.0,49.0,0.1891674498739327,False,-0.33552660594434536,-0.5088122225190465
PRESTIGE EVENTS LLC,2019,1965.0,1,1,0.0,55.0,0.19157906316878875,False,-0.3578852848164112,-0.46336212252567366
PRESTIGE SERVICES VA LLC,2018,5400.0,1,1,1.0,0.0,0.1987138309333265,False,-0.3009937530518148,-0.6963392059949591
PRESTIGE SERVICES VA LLC,2019,1426.71,1,1,1.0,93.0,0.18142953757372848,False,-0.4347779805395254,0.04944843297741221
PRINCE BOOKS,2016,4737.1,4,4,1.1666666666666667,25.8,0.20237049862483475,False,-0.16124839505978178,-0.4376142904243183
PRINCE BOOKS,2017,1101.1,9,5,0.5625,25.857142857142858,0.18331579232888123,False,-0.034364874777740355,-0.5518579870037751
PRINCE BOOKS,2019,282.0,1,2,5.0,6.0,0.1842112077065478,False,-0.3522626156931894,0.1865101251928766
PRINCE BOOKS,2020,224.0,1,1,1.0,61.0,0.19410832379512816,False,-0.3888919282102271,-0.20767237985685227
PRO CORR OUTFITTERS,2017,2101.76,6,4,2.3076923076923075,8.0,0.19623965627379691,False,-0.1345089787485147,-0.3408937120423088
PRO-TEC FIRE SOLUTIONS INC,2021,4170.0,3,2,4.222222222222222,11.0,0.19221664734725552,False,-0.3151215863852098,0.06868926318681934
PRO-TOTE SYSTEMS INC,2016,7990.0,1,1,1.0,18.0,0.20158637127850199,False,-0.32669503241014153,-0.5513322049878596
PROCESS & TECHNOLOGY SOLUTIONS INC,2021,449.0,1,1,1.0,5.0,0.20232326670684836,False,-0.30845786317999985,-0.6571753433460573
"PROCUREMENT SPECIALISTS, LLC",2016,68.22,1,1,5.0,45.0,0.18320779653913316,False,-0.4550847554393033,0.4953211765727084
"PROCUREMENT SPECIALISTS, LLC",2019,2924.31,9,12,3.3043478260869565,64.28571428571429,0.14063772233703908,False,0.1770518833903431,0.3565005775277884
"PROCUREMENT SPECIALISTS, LLC",2021,93510.77,57,33,2.7830188679245285,33.7,0.04139953373490446,False,1.862917651920075,0.17993922969794598
PROFESSIONAL POLYGRAPH AND INVESTIGATION,2018,41604.92,7,2,3.142857142857143,198.0,0.10035138836986074,False,-0.5039431416777529,1.3587584423911454
PROFESSIONAL POLYGRAPH AND INVESTIGATION,2019,35715.92,7,2,4.714285714285714,229.5,0.0688796409133498,False,-0.5845451248400868,1.9371173638676957
PROMO FACTORY LLC,2019,229.5,1,2,10.0,42.0,0.11080399583462619,False,-0.5154166760444836,1.514827298684113
PROPIO LS LLC,2020,1029.46,4,2,2.0,0.0,0.19594822844696697,False,-0.236589490167643,-0.48068343749697445
PROPIO LS LLC,2021,23683.71,15,3,6.266666666666667,69.75,0.10105481286868129,False,-0.2365722869726648,0.9910479072917928
PSYCHOLOGICAL & FORENSIC SERVICES PLLC,2018,31600.0,5,4,2.4,0.0,0.17567215747002868,False,-0.13676872818013244,-0.38159718900629874
PUMP HOUSE SUPPLY,2017,481.0,2,2,1.0,6.0,0.20263063616355315,False,-0.24970892967943756,-0.6434420500886778
PURPLE COMMUNICATIONS INC,2020,1253.0,1,1,3.0,5.0,0.19646399555108063,False,-0.35299249158752066,-0.24128398787298555
QUANTA SYSTEMS LLC,2017,480.06,2,2,3.0,15.0,0.19948663106738712,False,-0.30721450558765084,-0.15546043133936968
QUARLES PETROLEUM INC,2023,145913.21,3,3,5.2,0.0,0.1128281294600671,False,-0.2661966648300802,0.2157500497447579
R & S DETENTION CORPORTATION,2016,382029.94,6,4,1.8333333333333333,63.0,0.09165928276779184,False,-0.1811539414641497,0.076786789450338
R C GOODWYN AND SONS INC,2023,95.0,1,1,0.0,0.0,0.19533116246191395,False,-0.27900733699226676,-0.9052497218342586
R&R OFFICE SOLUTIONS,2017,2405.02,10,4,1.2962962962962963,22.894736842105264,0.19023369051771594,False,-0.0798138399286968,-0.4256002502503636
R&R OFFICE SOLUTIONS,2019,885.6,1,1,6.0,43.0,0.16284585432364518,False,-0.47445608727109934,0.687293336390702
RAGSDALE BUILDING SUPPLY CTR INC,2016,2120.2,3,5,2.857142857142857,23.571428571428573,0.1940112558575891,False,-0.16245779930555004,-0.10187643811838155
RAGSDALE BUILDING SUPPLY CTR INC,2017,7425.09,4,6,1.411764705882353,28.09090909090909,0.19581307446638485,False,-0.07624309753989529,-0.35929823170929676
RAGSDALE BUILDING SUPPLY CTR INC,2018,290.0,1,2,0.0,91.0,0.1721655388210231,False,-0.36287828549335804,-0.1704726613002685
RAGSDALE BUILDING SUPPLY CTR INC,2020,498.71,2,7,2.4,36.0,0.1806108250339321,False,-0.08998572861265666,-0.09047437761494505
RAPPAHANNOCK RAPIDAN COMMUNITY SEVICES B,2016,23000.0,1,1,1.0,56.0,0.18800631398172113,False,-0.3804066046574885,-0.24332854534447348
RAWLINGS BROTHERS GARAGE & TOWING INC,2022,3000.0,2,1,5.0,0.0,0.1802230657538258,False,-0.3769117282734071,0.13612973436091533
RAY ALLEN MANUFACTURING LLC,2020,418.87,1,2,1.0,5.0,0.20169572408885295,False,-0.2616573009964037,-0.6529568503550415
RBM HOSPITALITY GROUP INC,2021,272.0,1,1,1.0,1.0,0.19934700584432397,False,-0.3027236340905299,-0.6893206914912066
RE REPLACEMENT PARTS,2016,12945.03,37,59,0.4666666666666667,7.333333333333333,0.024836748900941785,False,2.8970406268551234,-0.4487328514634946
RE REPLACEMENT PARTS,2017,36039.85,64,93,0.99,12.6,-0.047415948285163934,True,4.831697271725156,-0.10967191923702252
RE REPLACEMENT PARTS,2018,42965.880000000005,19,33,1.7,53.82857142857143,0.082422944414975,False,1.3467818961946594,0.05040613383745561
RE REPLACEMENT PARTS,2019,46570.08,47,100,2.5508982035928143,17.818181818181817,-0.04602006706440931,True,4.890154455582784,0.26324535460121057
RE REPLACEMENT PARTS,2020,27711.07,61,68,1.584070796460177,22.263157894736842,0.0030079875001040035,False,3.5939009544197758,-0.02028657955306702
RE REPLACEMENT PARTS,2021,42272.76,122,124,0.943217665615142,26.808695652173913,-0.1068322223505197,True,7.039655540671388,0.21239616274490417
RECO BIOTECHNOLOGY,2017,6389.0,5,3,5.166666666666667,1.0,0.1625950977435412,False,-0.24812142935420758,0.19234237561184087
REDWINE INTERNATIONAL INC,2016,22392.75,10,2,4.8,12.75,0.16350927501648949,False,-0.23580328369022446,0.21674888083251329
REDWINE INTERNATIONAL INC,2017,54165.324,15,2,2.054054054054054,10.44,0.17207595514149937,False,-0.10255302109329799,-0.35895821058110805
REDWINE INTERNATIONAL INC,2018,19798.37,8,1,1.2777777777777777,12.38888888888889,0.19526347445161518,False,-0.23048587714013052,-0.5259870849156203
REDWINE INTERNATIONAL INC,2019,3400.7799999999997,3,2,1.3333333333333333,8.0,0.2023056029970844,False,-0.24646304799449814,-0.5560484204629684
REDWINE INTERNATIONAL INC,2020,12046.82,3,2,0.0,2.857142857142857,0.18693762470115155,False,-0.20886162870415978,-0.8727873846615393
REDWINE INTERNATIONAL INC,2021,12974.93,5,1,2.125,1.0,0.19009292704759229,False,-0.2735488910347659,-0.4470712720172269
REDWOOD TOXICOLOGY LABORATORY INC,2017,49.5,1,2,1.0,5.0,0.20169572408885295,False,-0.2616784626010393,-0.6530295369244924
REFCON SERVICES INC,2018,2169.25,1,1,6.0,27.0,0.16890091082618508,False,-0.45140506714227896,0.5591038711622092
REFURB FACTORY LLC,2019,164.39999999999998,2,1,1.5,42.0,0.1983466266189145,False,-0.359373855494651,-0.2548008350029255
REGIONAL CONVEYOR SERVICES,2020,1800.4099999999999,1,1,1.0,7.0,0.2014942660043948,False,-0.3112526242523084,-0.6408541472077348
RENNIES ADVERTISING IDEAS INC,2019,422.18999999999994,2,4,0.6666666666666666,25.333333333333332,0.18879661840592338,False,-0.176442060282496,-0.5490928025397653
RENNIES ADVERTISING IDEAS INC,2021,257.8,1,4,1.0,24.0,0.1904990759484409,False,-0.1953477077894406,-0.492014745807768
REVERE GAS INC,2017,22304.2853,6,2,0.0,4.0,0.18593413772624479,False,-0.1697725032683148,-0.8571695991399932
REVOLUTION MOTORSPORTS,2016,1898257.0,5,4,5.0,81.0,-0.04852702764659611,True,-0.2041043228281457,1.1764244383417268
REVOLUTION MOTORSPORTS,2019,649680.0,1,1,6.0,741.0,-0.17079525649901484,True,-1.4396784551021151,6.418251751072018
REVOLUTION MOTORSPORTS,2020,850.0,1,1,8.0,21.0,0.14681793286097172,False,-0.4874447844114974,0.9264116266110286
REVOLUTION MOTORSPORTS,2021,95150.0,2,2,7.333333333333333,50.0,0.11398540529163048,False,-0.4486454929107499,1.04489137894823
RGH PRODUCTS,2018,288.09000000000003,4,5,0.8,5.0,0.1882005661026711,False,-0.0766571467142242,-0.6774577994220913
RGH PRODUCTS,2019,1871.25,5,7,1.0,6.0,0.18334550342899925,False,0.024524873731806417,-0.6176215246057779
RGH PRODUCTS,2021,946.52,6,8,2.75,26.4,0.18662379418708547,False,0.016350698405286232,-0.08457399589026487
RICHMOND BEHAVIORAL HEALTH AUTHORITY,2017,2962.5,1,1,3.0,21.0,0.19696171331956042,False,-0.37587203093307575,-0.11250551486001654
RICHMOND MACHINERY & EQUIPMENT CO INC,2017,1873.91,1,1,0.0,18.0,0.19890836066754075,False,-0.30475508456919215,-0.760402331379223
RICOH USA INC,2021,15330.0,1,1,2.0,53.0,0.19118480278192707,False,-0.39882809521698714,-0.061054206048507816
RILEY FIRE PROTECTION LLC,2020,2080.0,1,1,0.0,13.0,0.19965968088315128,False,-0.2975628154390602,-0.8004999223500062
RIVANNA EQUIPMENT COMPANY LLC,2017,44755.0,5,2,2.6,22.25,0.18352124994540397,False,-0.2660307658047112,-0.1672692575568366
RIVANNA EQUIPMENT COMPANY LLC,2018,8880.0,2,2,0.5,43.5,0.1848890248614356,False,-0.2919360344189798,-0.44468643743922737
RIVER CITY INDUSTRIAL INC,2018,1089.37,2,2,0.0,2.0,0.19371113483164326,False,-0.22163936068163992,-0.8832994190627396
RIVERSIDE HARDWARE INC,2019,846.0,1,1,1.0,71.0,0.1850331009883936,False,-0.4032172171858118,-0.12727368654079804
ROADS TO RECOVERY INC,2017,19550.0,3,3,1.75,1.0,0.18717842095080334,False,-0.1979705504679006,-0.5182284041260601
ROADS TO RECOVERY INC,2018,5330.0,4,3,2.2,104.5,0.16785129314554725,False,-0.3440705443423121,0.40484784218205766
ROANOKE STAMP AND SEAL CO,2016,426.75,8,4,0.35714285714285715,12.0,0.1884359551225157,False,-0.07010908241930339,-0.7116169467632597
ROANOKE STAMP AND SEAL CO,2017,375.38,13,6,3.9166666666666665,29.555555555555557,0.16814416191893233,False,-0.014157342083937444,0.18503200949450804
ROANOKE STAMP AND SEAL CO,2018,260.86,9,5,1.0454545454545454,46.0,0.18520233040500939,False,-0.07410524067995873,-0.2899338390258074
ROANOKE STAMP AND SEAL CO,2019,412.20000000000005,8,3,1.6666666666666667,50.5,0.19075223932266938,False,-0.20139149964628367,-0.13457428179840422
ROANOKE STAMP AND SEAL CO,2020,99.34,2,3,0.0,8.0,0.19288061745231205,False,-0.1835103466164253,-0.8311040445048516
ROANOKE STAMP AND SEAL CO,2021,1004.88,17,4,1.28125,16.5,0.18007182366050517,False,0.023291094252254077,-0.4700133629594846
ROBERT E MASON & ASSOCIATES INC,2019,1595.0,1,1,3.0,44.0,0.19288847478789373,False,-0.40898050173586853,0.07186085494632032
ROBERT P SCHECTMAN,2018,1500.0,2,1,14.5,10.0,0.06138485561313711,False,-0.6031168684655166,2.1908432649771363
ROBERT S LOVELACE COMPANY,2018,576.0,1,1,0.0,9.0,0.19963272911458407,False,-0.29190461160705905,-0.8329064045278632
ROBERTS OXYGEN COMPANY INC,2018,445.58000000000004,2,4,5.2,8.0,0.16843990092934702,False,-0.25259801691488487,0.25409467688639753
ROBINETTE SCRAP METAL PROCESSING CORP,2021,27.85,1,1,0.0,58.0,0.1911554600379261,False,-0.36230454343112833,-0.4396604372150799
ROCKBRIDGE AREA COMMUNITY SERVICES,2018,4000.0,1,1,2.0,117.0,0.1761129007993647,False,-0.49138711686273,0.4504844914997971
ROCKBRIDGE AREA COMMUNITY SERVICES,2019,15000.0,1,1,22.0,321.0,-0.08742125628769726,True,-1.229526669457247,6.247616905494141
RODZINA INDUSTRIES INC,2016,73.9,4,2,4.2,19.0,0.18717791652923066,False,-0.3129687503504683,0.1289599330133005
RODZINA INDUSTRIES INC,2017,304.05,9,3,1.3333333333333333,18.77777777777778,0.19507324847783247,False,-0.13503063405643048,-0.4570637163182055
RODZINA INDUSTRIES INC,2018,179.95,4,2,2.888888888888889,15.4,0.1957908197176414,False,-0.27856762269954793,-0.17245483298982456
RODZINA INDUSTRIES INC,2019,87.9,3,5,2.2,18.666666666666668,0.1970689424709518,False,-0.14088259950930448,-0.27824800686871604
RODZINA INDUSTRIES INC,2020,318.8,9,5,0.5384615384615384,16.636363636363637,0.18230334362207085,False,-0.02063197699631746,-0.6310297219960493
RODZINA INDUSTRIES INC,2021,231.85,11,5,1.1176470588235294,28.23076923076923,0.18776956098250946,False,-0.02343603298389676,-0.4146280455703609
RONALD A WILLIAMS LTD,2016,4419.0,1,1,1.0,41.0,0.19757239216474393,False,-0.35992974409826395,-0.36739945148979086
RONALD A WILLIAMS LTD,2017,4419.0,1,1,21.0,3.0,0.009157021019989386,False,-0.7511651371284175,3.4848820368213325
RONALD A WILLIAMS LTD,2019,1104.0,1,1,6.0,35.0,0.16526284792958434,False,-0.46295483568042195,0.6231152799800732
ROTENIZER DRAPERY AND CARPET,2017,1850.0,1,1,12.0,40.0,0.09368757907707381,False,-0.603834629847458,1.9105996486091892
ROTENIZER DRAPERY AND CARPET,2018,2325.9700000000003,2,2,0.0,120.0,0.15046668735181223,False,-0.3910274180286061,0.06420418165854964
ROTENIZER DRAPERY AND CARPET,2019,1500.0,1,1,0.0,57.0,0.19136349247455653,False,-0.36078410997155236,-0.4473983690914589
ROTENIZER DRAPERY AND CARPET,2021,1800.88,2,6,0.8571428571428571,14.857142857142858,0.18660767987173654,False,-0.07195949941342746,-0.5848779935240632
ROYS ELECTRIC MOTOR SERVICE INC,2020,8030.0,1,1,3.0,31.0,0.19265063553870404,False,-0.3899426324315861,-0.031232012695127966
RRS FOODSERVICE,2018,23077.91,18,4,2.8421052631578947,1.1666666666666667,0.15783675705887257,False,0.02516466696625989,-0.2628354572657482
RRS FOODSERVICE,2019,42192.05,21,2,2.4761904761904763,2.9,0.15680175010239739,False,-0.021534987354288205,-0.32524498076260616
RRS FOODSERVICE,2020,13801.31,9,2,0.5555555555555556,1.6666666666666667,0.18104303760140583,False,-0.1391495780429827,-0.7576677323628291
RRS FOODSERVICE,2021,6300.03,8,2,0.625,0.25,0.18734279447643876,False,-0.15247371507147853,-0.757556114715438
"RUBICON, INCORPORATED",2016,53602.0,14,3,1.2352941176470589,118.4,0.13465845279802546,False,-0.20595400453113663,0.3401504513125441
"RUBICON, INCORPORATED",2017,68105.0,24,3,3.4838709677419355,37.25,0.13777644297626152,False,-0.00489672558460304,0.173715715526538
RUSH TRUCK CENTERS OF VIRGINIA INC,2017,437.0,1,1,8.0,5.0,0.1446882522884354,False,-0.46449096718628247,0.7978882856805057
"RV SERVICE OF VA, INC.",2020,402.24,2,1,0.0,10.5,0.19805780832237724,False,-0.28068780088317624,-0.8194242092907932
RePurposed Materials,2019,500.0,1,1,3.0,53.0,0.18968252981540223,False,-0.42196806708598167,0.1438940386916395
S & K OFFICE PRODUCTS INC,2016,3091.11,14,29,1.106060606060606,6.683333333333334,0.1102428040893002,False,1.1713277855178013,-0.4836376838001493
S & K OFFICE PRODUCTS INC,2017,7678.38,40,67,2.645320197044335,6.684210526315789,0.014289600114598566,False,3.2636691754284093,0.03610928011129984
S & K OFFICE PRODUCTS INC,2018,3541.91,15,31,3.6901408450704225,21.887323943661972,0.10027257207324508,False,1.198904717290483,0.18557071234724828
S & K OFFICE PRODUCTS INC,2019,8743.2,35,40,1.9054054054054055,11.92,0.06738809001536922,False,1.9421377518191754,-0.19688787304141034
S & K OFFICE PRODUCTS INC,2020,8326.58,44,54,2.6466666666666665,24.387323943661972,0.044524044747638436,False,2.6833468597237107,0.12961304524633233
S & K OFFICE PRODUCTS INC,2021,27016.22,80,74,0.948509485094851,11.18705035971223,-0.04448898984043681,True,4.158985251087517,-0.18807966863078784
S B COX READY MIX INC,2023,22476.5,4,1,3.0,0.0,0.1842248286128193,False,-0.3044533997551239,-0.2728208283390243
S&S WORLDWIDE INC,2017,61.14,2,2,0.0,5.0,0.1971212448273329,False,-0.22600654629182168,-0.8594188716986353
S&W FERTILIZER SEED AND CHEMICAL CO. INC,2016,2737.5,1,2,1.0,37.0,0.1956245372977743,False,-0.3074794210684943,-0.39561644091958653
SAFELITE FULFILLMENT INC,2021,1254.96,4,2,2.0,0.5,0.19594822844696697,False,-0.23729461723130393,-0.47662524777769905
SAFEWARE INC,2019,510.0,1,1,3.0,50.0,0.19172313894951315,False,-0.4176592169678215,0.11981311867785586
"SALVEO CONSULTING, PLLC",2019,63399.96,3,1,4.666666666666667,18.0,0.16626406130924487,False,-0.3784899935395427,0.2246989710803087
SANDERS TIRE INC,2018,478.83,1,1,0.0,17.0,0.19989945368413553,False,-0.3033989178006277,-0.7687044918408329
SBC TECH PARTNERS,2016,147.0,2,1,1.6666666666666667,18.0,0.2018451686590308,False,-0.3286236922361759,-0.41282293365294304
SC REALTY SERVICES,2019,24409.239999999998,1,2,1.0,651.0,-0.03151838324383727,True,-1.1879985588865383,4.537612621260114
SCI-MED WASTE SYSTEMS INC,2017,37.0,2,3,0.0,0.0,0.18806230094017662,False,-0.1720251789223434,-0.8953373464078258
SEARS COMMERCIAL,2017,2385.0,5,1,0.8,81.0,0.1722778422439381,False,-0.3595082843021302,-0.08236807632031895
SEARS COMMERCIAL,2018,459.0,1,1,7.0,20.0,0.1630334013529796,False,-0.46374074760343653,0.7104404842235159
SEARS HOLDINGS MANAGEMENT CORP,2016,1665.0,3,1,0.3333333333333333,99.0,0.1688517732927084,False,-0.4017588444699697,-0.03796672328834052
SECOM SYSTEMS INC,2017,72337.53,8,8,2.6153846153846154,23.5,0.16402650610345848,False,0.054367865975744924,-0.11883757161500759
SECOM SYSTEMS INC,2018,41922.17,5,1,3.375,46.0,0.1733975247270117,False,-0.36437756214758604,0.17970164854816634
SECOM SYSTEMS INC,2019,175744.95,6,1,4.178571428571429,38.0,0.1224599826570299,False,-0.3497529522308001,0.3103255454252719
SECOM SYSTEMS INC,2021,13525.54,5,5,5.785714285714286,20.25,0.15213140497698252,False,-0.19555155645467587,0.4854067548001827
"SECOR, INCORPORATED",2023,238982.8,1,1,1.0,0.0,0.13096614012720392,False,-0.28761154317216303,-0.6503735552525204
SECRETARY OF THE COMMONWEALTH,2016,110.3,2,1,15.5,99.0,0.01797957990682375,False,-0.7532990549092554,3.112895369274282
SECURED OFFICE INTERIORS LLC,2017,102.14,1,2,3.0,14.0,0.1988798881882115,False,-0.31918096885341596,-0.16503737442124866
SECURITY LOCK & KEY INC,2020,315.0,1,1,0.0,155.0,0.14961377501040318,False,-0.5015890553381066,0.33907611068203436
SECURITY LOCK & KEY INC,2021,755.0,2,1,1.3333333333333333,50.0,0.1956044587602498,False,-0.36711370106904506,-0.2251080076654531
SECURITY SERVICES INC,2017,1148.55,6,7,1.6666666666666667,35.666666666666664,0.18604074285149602,False,-0.019599931054383315,-0.23955808098962492
SECURITY SERVICES INC,2018,51.0,1,2,2.0,14.0,0.20306730251944693,False,-0.2968935535028315,-0.37291400808339414
SECURITY SERVICES INC,2019,240.0,1,1,0.0,413.0,0.04448154331661319,False,-0.8721051920054564,2.4101897082921977
SECURITY SERVICES INC,2020,465.0,1,1,0.0,32.0,0.1971411753106011,False,-0.3249410961732205,-0.6482927740492598
SECURITY SERVICES INC,2021,705.0,2,2,2.5,181.0,0.1328715050614931,False,-0.5344477847346235,1.0732370104405031
SELECT SPECIALTY PRODUCTS  INC,2019,218.66,1,2,1.0,1.0,0.19708901593569383,False,-0.25592440163280106,-0.6851067658859475
SENTRY SECURITY FASTENERS INC,2017,132.25,3,2,0.3333333333333333,30.0,0.19261768415812597,False,-0.2559539932322863,-0.5879503446819814
SENTRY SECURITY FASTENERS INC,2020,130.0,1,1,0.0,152.0,0.15256878273036983,False,-0.4972913769797101,0.3149568175436255
SENTRYSAFE,2021,65.0,2,1,0.5,15.0,0.19509795356471493,False,-0.2983147101447521,-0.6794329563184094
SERVICE PLUS PROPANE INC,2017,163.14,2,2,5.0,0.0,0.17944298816504922,False,-0.33027196667074205,0.13979590427459684
SERVPRO OF HARRISONBURG/ROCKINGHAM CO,2021,315.51,1,1,4.0,12.0,0.19558979356019268,False,-0.3853891934315594,0.022591503004447035
SEXTON'S INCORPORATED,2016,6614.1900000000005,5,5,1.0666666666666667,30.88888888888889,0.19342377053341586,False,-0.10603674211458373,-0.41148048346515975
SEXTON'S INCORPORATED,2017,6304.35,5,5,0.6086956521739131,15.666666666666666,0.1903642111992907,False,-0.07398564348741837,-0.6289366763312261
SEXTON'S INCORPORATED,2018,1713.16,1,1,1.0,21.0,0.20385380528182284,False,-0.33136291653321226,-0.5284845066783228
SEXTON'S INCORPORATED,2019,5726.83,2,2,1.2352941176470589,6.529411764705882,0.20308832249711212,False,-0.25541346175850355,-0.5892500455173584
SEXTON'S INCORPORATED,2021,3389.63,1,1,0.0,10.0,0.20029237844774106,False,-0.2931795081201733,-0.8243250943434969
SHENANDOAH ASPHALT INC,2017,150.0,1,1,5.0,0.0,0.18149169444826269,False,-0.39045591206408425,0.1340939516758933
SHENANDOAH ASPHALT INC,2018,150.0,1,1,7.0,5.0,0.15994666683695974,False,-0.4422170645088156,0.5899652382482361
SHI INTERNATIONAL CORP,2016,244100.97,20,12,2.0,15.466666666666667,0.08336592619084837,False,0.437242126858993,-0.24284654554638388
SHI INTERNATIONAL CORP,2017,233772.89,18,12,2.892857142857143,31.583333333333332,0.08033871129921377,False,0.3668414950998237,0.06714492839681235
SHI INTERNATIONAL CORP,2018,732547.53,22,10,2.606060606060606,23.61904761904762,0.014747437254330031,False,0.3731661149524855,0.03919761176532711
SHI INTERNATIONAL CORP,2019,566214.82,23,14,2.6129032258064515,17.428571428571427,0.018067255273739424,False,0.5729643642188252,-0.02343407575065549
SHI INTERNATIONAL CORP,2020,47510.43,12,4,3.7142857142857144,76.0,0.1380922049057105,False,-0.1806297778277939,0.5151542514383528
SHI INTERNATIONAL CORP,2021,66744.88,10,3,2.6923076923076925,91.0,0.13716258968980072,False,-0.2518530554338465,0.41974436924843245
SHOPBEK INC,2016,167.68,1,1,1.0,6.0,0.20232326670684836,False,-0.3099100727078867,-0.6492030736850742
SHOPBEK INC,2019,250.0,1,1,0.0,78.0,0.1857378912917556,False,-0.3910136642680135,-0.2790641355952717
SHOPBOT TOOLS INC,2017,4336.3,2,2,3.6666666666666665,30.0,0.18895405064887094,False,-0.34339519363099663,0.10429057253820032
SIEMENS INDUSTRY INC,2020,107.27,1,1,2.0,88.0,0.18285323373237738,False,-0.44996345588031966,0.21691721026157842
SIEMENS INDUSTRY INC,2021,460.0,1,1,0.0,38.0,0.1935694280728667,False,-0.3335579370434055,-0.6001279822428754
SIMPLEXGRINNELL LP,2017,1650.0,1,1,0.0,13.0,0.19961635794770172,False,-0.29758745060161607,-0.8005845400094366
SIMPLEXGRINNELL LP,2018,2304.0,3,2,2.0,138.5,0.15624766657658085,False,-0.44879617236668473,0.6299190849670554
SIMPLY SALES INC,2016,243.95,1,1,1.0,3.0,0.20217229118491892,False,-0.30559742591013905,-0.6732709527400427
SMITH AND ASSOCIATES PRE EMPLOYMENT,2018,40700.0,9,2,4.333333333333333,131.66666666666666,0.11749099570659749,False,-0.4085085062952035,1.0764910498667029
SMITH AND ASSOCIATES PRE EMPLOYMENT,2019,26625.0,5,3,6.8,67.0,0.11778239065559476,False,-0.3781517495621042,1.0656634528525004
SMITH AND ASSOCIATES PRE EMPLOYMENT,2020,6000.0,1,1,5.0,279.0,0.09925091018588306,False,-0.7907905395596668,2.374953716983208
SMITH AND ASSOCIATES PRE EMPLOYMENT,2021,40850.0,7,1,4.571428571428571,88.0,0.1350143655336798,False,-0.4246618662577391,0.7682984843196158
SMITHS BODY SHOP LLC,2021,1493.6599999999999,1,3,5.0,16.0,0.18228505292618463,False,-0.31975183404936275,0.27124927703282686
"SMYTH PAINT AND DECORATING, INC.",2017,4922.45,8,5,0.0,10.666666666666666,0.18726205853311195,False,-0.013173603119350941,-0.7914494036195101
"SMYTH PAINT AND DECORATING, INC.",2018,4929.0,2,2,0.0,17.0,0.19759723292738118,False,-0.24296077018562237,-0.7621293971644004
"SMYTH PAINT AND DECORATING, INC.",2020,958.0,2,2,0.0,83.0,0.1752911832338344,False,-0.33797037161014126,-0.23308729835075284
SNAKE CREEK FARMS LLC,2018,945.0,1,1,1.0,21.0,0.20482610531834927,False,-0.3314069252459305,-0.5286356692394115
SNAKE CREEK FARMS LLC,2019,33749.0,10,1,0.8947368421052632,6.0,0.17171048504822783,False,-0.18521167260916166,-0.6512009542809457
SNAKE CREEK FARMS LLC,2021,5950.0,1,1,0.0,6.0,0.19742780302621726,False,-0.2872884521587835,-0.8559317684365635
SNAKE CREEK FARMS LLC,2023,10925.5,3,1,0.0,0.0,0.18898159802957515,False,-0.2516250375469758,-0.9001685497160549
SNAP OFFICE SUPPLIES LLC,2016,4509.99,17,33,1.8,8.820512820512821,0.10504473555914656,False,1.3802236049345598,-0.30063266018886015
SNAP OFFICE SUPPLIES LLC,2017,17097.75,70,84,1.8020477815699658,31.661354581673308,-0.037205259849570016,True,4.444202196637234,0.17924549928246533
SNAP OFFICE SUPPLIES LLC,2018,6892.71,23,45,0.8230088495575221,37.54054054054054,0.06017321299987022,False,2.002805855649503,-0.21315110592595132
SNAP OFFICE SUPPLIES LLC,2019,11718.58,31,48,2.762589928057554,32.90721649484536,0.06271718268609511,False,2.213956383468994,0.17825083653581167
SNAP OFFICE SUPPLIES LLC,2020,12600.6,29,51,1.7950819672131149,9.5,0.05969239016264927,False,2.38283298420272,-0.20086923599459156
SNAP OFFICE SUPPLIES LLC,2021,3723.96,27,43,1.5357142857142858,9.847222222222221,0.07278639935469722,False,1.9864270685521914,-0.29048779337917446
SNAP OFFICE SUPPLIES LLC,2022,4216.39,13,25,5.346938775510204,0.0,0.0713693115061792,False,0.8858694421460455,0.32609659820880454
SO LO CO INC,2016,109.35000000000001,1,1,6.0,29.0,0.1695857711801773,False,-0.45439526583407197,0.574753771794038
SO LO CO INC,2017,64.0,1,1,0.0,6.0,0.1988253337695502,False,-0.2876256674304201,-0.8570900464444905
SONITROL OF GREATER RICHMOND INC,2017,2376.0,1,2,0.0,6.0,0.19532023755260386,False,-0.24069092209966836,-0.8524106568053768
SOUTHEAST INDUSTRIAL EQUIPMENT INC,2016,6900.0,1,1,0.0,19.0,0.19855668502921103,False,-0.3059032268689381,-0.751385641690708
SOUTHEAST INDUSTRIAL EQUIPMENT INC,2021,1691.9299999999998,1,1,7.0,5.0,0.1602081738370198,False,-0.4421287256804441,0.5902686673356916
SOUTHERN ELECTRIC CORP,2017,465.02,1,2,2.0,31.0,0.19989064996196537,False,-0.3212834046936166,-0.2363628371431355
SOUTHERN POLICE EQUIPMENT CO INC,2016,158445.57,25,12,0.9574468085106383,48.07692307692308,0.08116503654568535,False,0.475646887048265,-0.20725644823611516
SOUTHERN POLICE EQUIPMENT CO INC,2017,55266.45,104,21,1.1130434782608696,55.46976744186046,-0.002562133028237157,True,1.9339625622046497,0.01867021362733721
SOUTHERN POLICE EQUIPMENT CO INC,2018,53119.149999999994,25,15,4.0,83.72222222222223,0.0735892396815449,False,0.49100998397357826,0.7032824753707508
SOUTHERN POLICE EQUIPMENT CO INC,2019,5502.6,4,2,8.0,29.636363636363637,0.12849616725853086,False,-0.41263584711736634,1.0053059716217734
SOUTHERN POLICE EQUIPMENT CO INC,2020,780.08,4,4,4.666666666666667,11.125,0.18073246821867883,False,-0.2184166492426663,0.1713345617999787
SOUTHERN POLICE EQUIPMENT CO INC,2021,2588.2200000000003,9,7,1.4166666666666667,33.8,0.1874399382533372,False,0.02887855398527471,-0.301801491554889
SOUTHERN REFRIGERATION CORP,2020,3104.88,3,3,1.25,9.666666666666666,0.19847244909282657,False,-0.20021367062952372,-0.5558250591130974
SOUTHERN SPECIALTY CORPORATION,2017,1530.0,1,1,0.0,34.0,0.19610720498838025,False,-0.32775226598252344,-0.632027939175676
SOUTHERNS M AND P LLC,2016,708.47,2,2,2.3333333333333335,3.0,0.19676145149385843,False,-0.2751080807593042,-0.3903247484608595
SOUTHERNS M AND P LLC,2017,1777.7,2,2,0.5,14.0,0.19551185903510443,False,-0.24997820695320627,-0.682899129371087
SOUTHERNS M AND P LLC,2018,505.86,6,6,2.888888888888889,99.0,0.15057731519456646,False,-0.18463531390673488,0.5185666877765394
SOUTHERNS M AND P LLC,2019,124.57000000000001,2,2,5.0,178.0,0.11600542168402528,False,-0.5858986240267863,1.5687063276694884
SOUTHSIDE VIRGINIA COMMUNITY COLLEGE,2017,150000.0,1,1,1.0,66.0,0.13126334227605435,False,-0.38749156206683366,-0.13806052513650804
SOUTHWEST SANITATION COMPANY INC,2017,630.0,1,1,7.0,0.0,0.1561446393385454,False,-0.4350091027801357,0.5499215487265103
SOUTHWEST SANITATION COMPANY INC,2018,630.0,1,1,1.0,357.0,0.06973255362230807,False,-0.813952019163933,2.168585784434215
SOUTHWEST SANITATION COMPANY INC,2020,630.0,1,1,8.0,350.0,0.020831061327313605,False,-0.9599317888600332,3.5674583698623983
SOUTHWEST SANITATION COMPANY INC,2021,1230.0,2,1,2.0,35.0,0.1987536872432742,False,-0.36040533191519725,-0.20685126062505885
SPENCER & ASSOCIATES LLC,2016,192525.5,38,4,1.6842105263157894,26.0,0.11006919020057954,False,0.2926374982523216,-0.24132658938858217
SPENCER & ASSOCIATES LLC,2017,830.0,1,1,5.0,23.0,0.18937477615739828,False,-0.423447079389358,0.31886323929079824
SPENCER & ASSOCIATES LLC,2018,180081.92,24,3,2.730769230769231,31.75,0.11600058422040427,False,0.026203958530643525,-0.004945513836478327
SPENCER & ASSOCIATES LLC,2019,164687.92,23,3,4.04,81.0,0.07287254316731967,False,-0.08796964114911103,0.6580562811409605
SPENCER & ASSOCIATES LLC,2022,79230.0,12,2,6.6923076923076925,0.0,0.10212368314154885,False,-0.22965522163279248,0.521878739031979
SPENCER HOME CENTER,2018,791.8299999999999,1,2,0.0,164.0,0.13858659245672078,False,-0.4676842804929775,0.4156430295246517
STANDARD PRODUCE CO INC,2016,43556.25,32,2,1.7633136094674555,16.451612903225808,0.1509565550943186,False,0.12216201872948731,-0.3481480790232032
STANDARD PRODUCE CO INC,2017,82020.25,48,2,2.931558935361217,19.365,0.11604790748318045,False,0.3082356455775409,-0.05075307516417945
STANDARD PRODUCE CO INC,2018,27238.55,24,3,1.4134615384615385,23.069444444444443,0.16083314084597322,False,0.059276720548028725,-0.37853134903885993
STANDARD PRODUCE CO INC,2019,59226.4,25,2,1.1768707482993197,7.7890625,0.15146800902228758,False,0.05490568555032237,-0.5468306469577513
STANDARD PRODUCE CO INC,2020,32797.25,20,2,0.8676470588235294,12.691176470588236,0.16098939029048093,False,-0.01366017584956354,-0.5843311515418066
STANDARD PRODUCE CO INC,2021,63177.5,35,3,1.2016806722689075,16.06896551724138,0.1466609821498674,False,0.22329965134597274,-0.455454113742198
STANDARD PRODUCE CO INC,2023,2107.0,3,2,1.0,0.0,0.19830402002404607,False,-0.22761831575062474,-0.6898129082878086
STARBUCK INC,2016,20717.702,19,14,0.9230769230769231,11.725,0.14197738801012816,False,0.5340462978703578,-0.5337241983819736
STARBUCK INC,2017,40375.72035,58,27,1.5914396887159532,28.71034482758621,0.07316418007898268,False,1.6261669789513387,-0.14213313158943294
STARBUCK INC,2018,20731.638,18,15,3.4375,27.765765765765767,0.13404634320539272,False,0.48838510016743,0.12046184320434983
STARBUCK INC,2019,2906.335,3,2,0.0,16.333333333333332,0.1954224072333628,False,-0.22873835167939746,-0.7664042359606311
STARBUCK INC,2020,6832.8637,10,14,0.4772727272727273,40.4,0.14041846141021713,False,0.38157986230651647,-0.4122065514543269
STARBUCK INC,2021,22152.9871,19,7,0.0,15.947368421052632,0.14490989053480402,False,0.22102450041833382,-0.7209939358540376
STARNES REFRIGERATION & AIR COND INC,2020,4700.0,3,5,2.8333333333333335,70.5,0.17075094678430514,False,-0.2291730421705175,0.2704071989124271
STARNES REFRIGERATION & AIR COND INC,2021,7585.0599999999995,4,8,3.111111111111111,24.11111111111111,0.18431392824414689,False,-0.014793016331406195,-0.029528941930824858
STATE HEALTH DEPARTMENT,2021,180.0,1,1,0.0,1.0,0.19447743889641989,False,-0.280438559653299,-0.8972053657988505
STAUNTON STEAM LAUNDRY INC,2016,617.11,1,1,0.0,1.0,0.1945326485818355,False,-0.2804135171511949,-0.8971193489962608
STAUNTON STEAM LAUNDRY INC,2017,376.65,3,3,0.0,14.5,0.1921949675152579,False,-0.17944815561936003,-0.7773949388991579
STAUNTON STEAM LAUNDRY INC,2019,1500.0,2,2,0.0,316.5,0.07756018899754596,False,-0.6732668958233178,1.6414707981864156
STEALTH SHREDDING INC,2016,1665.5,3,2,3.75,31.0,0.18962403232030228,False,-0.33346092358159046,0.13058978665103047
STEALTH SHREDDING INC,2017,6783.5,8,4,1.4444444444444444,0.0,0.19448207076257534,False,-0.07674811627923374,-0.5806839319843209
STEALTH SHREDDING INC,2018,1186.5,2,1,0.5,376.0,0.05705192513592233,False,-0.8166798154941881,2.218761911592696
STERLING IDEAS UNLIMITED INC,2016,32.1,1,1,1.0,19.0,0.2044907222481272,False,-0.32858704146401196,-0.5448705730757877
STERLING IDEAS UNLIMITED INC,2017,5118.9,5,7,3.25,13.0,0.18451044967562547,False,-0.03549498845987561,-0.09308924730808142
STERLING IDEAS UNLIMITED INC,2018,1805.94,2,4,4.0,16.666666666666668,0.18765656902347289,False,-0.23821780032241477,0.07449527876751155
STERLING IDEAS UNLIMITED INC,2020,275.0,2,2,6.333333333333333,21.0,0.15988724066877985,False,-0.3901439588310969,0.5855535584897714
STONEWALL JACKSON HOTEL,2018,8753.3,2,2,4.833333333333333,0.0,0.17928652301839226,False,-0.3260647696277774,0.10684189275226619
STORYS TRK & EQUIP SERVICE,2016,10427.42,15,5,2.2045454545454546,14.525,0.18444949684117218,False,0.026127109695204584,-0.290816921869437
STORYS TRK & EQUIP SERVICE,2017,26977.7988,16,4,2.6666666666666665,20.53191489361702,0.17495534466335783,False,-0.025273411629624126,-0.146028691533637
STORYS TRK & EQUIP SERVICE,2018,7531.54,6,3,2.4705882352941178,20.58823529411765,0.1972245564421649,False,-0.20270906470206154,-0.2091353294448345
STORYS TRK & EQUIP SERVICE,2019,9453.82,6,2,1.9583333333333333,11.25,0.19921096656340403,False,-0.22457231621501766,-0.39442603583828684
STORYS TRK & EQUIP SERVICE,2020,10019.88,4,2,1.5384615384615385,14.384615384615385,0.20145785723847864,False,-0.24644420456276886,-0.45937831259270756
STORYS TRK & EQUIP SERVICE,2021,19928.63,14,3,0.8260869565217391,12.244444444444444,0.17683080211547814,False,-0.046312632421764255,-0.6037139073453592
STRICTLY TECHNOLOGY,2019,32528.0,1,1,4.0,73.0,0.1558745314498594,False,-0.47114534177865175,0.518615832662193
SUDANOS PRODUCE,2016,163501.05,66,2,1.168458781362007,4.364197530864198,0.0870934360370294,False,0.614602693847772,-0.49508031337299346
SUDANOS PRODUCE,2017,102923.51,51,2,1.6806282722513088,12.133333333333333,0.12176025960311754,False,0.3878449463829376,-0.3602945931650654
SUDANOS PRODUCE,2018,173395.65,71,3,0.7956204379562044,7.4389140271493215,0.06528563450622671,False,0.7327714939980049,-0.5343519997464878
SUDANOS PRODUCE,2019,88528.2,41,2,0.9473684210526315,4.931297709923665,0.13181858998910834,False,0.2798985851963162,-0.5881123073479047
SUDANOS PRODUCE,2020,46377.0,25,3,2.196078431372549,11.48235294117647,0.15159634829162488,False,0.07294942052040315,-0.30362722549496984
SUDANOS PRODUCE,2021,69633.25,27,3,2.4269662921348316,6.925925925925926,0.14207297203206226,False,0.10244048464609311,-0.28468428827446246
SUNBELT STAFFING LLC,2021,35376.0,2,1,10.0,142.5,0.053528219444713476,False,-0.6911517658388103,2.325770877732035
"SUPERIOR BUILDERS OF AMELIA, INC.",2016,26587.0,1,1,3.0,22.0,0.18426259135874024,False,-0.3759546503174024,-0.09982893232654627
"SUPERIOR CONCRETE, INC.",2021,147.0,1,1,1.0,7.0,0.20232326670684836,False,-0.3113473498898001,-0.6411795139153608
SUPERIOR ENERGY SYSTEMS LTD,2018,19614.25,4,4,2.7142857142857144,10.0,0.1921618508731081,False,-0.17220277000836343,-0.2398249662435057
SUPERIOR ENERGY SYSTEMS LTD,2019,38494.55,5,3,13.333333333333334,29.6,0.0517613612816899,False,-0.4693921298345855,2.1258274609560104
SUPERIOR ENERGY SYSTEMS LTD,2020,3855.0,1,1,1.0,58.0,0.195694900686203,False,-0.38437562710691636,-0.2310407404641283
SUPERIOR GLOBAL SOLUTIONS INC,2016,12030.98,6,8,4.125,51.4,0.16226561699807845,False,-0.04956579569159807,0.40411452844943857
SUPERIOR GLOBAL SOLUTIONS INC,2017,18880.02,25,23,2.7362637362637363,29.903614457831324,0.10740216819423842,False,0.9689243055968578,0.03561574192683561
SUPERIOR GLOBAL SOLUTIONS INC,2018,28639.95,6,6,1.236842105263158,46.9,0.17566922420295505,False,-0.07137837433758461,-0.23754172260613524
SUPERIOR GLOBAL SOLUTIONS INC,2019,10007.39,13,11,1.5625,14.222222222222221,0.1729559322343227,False,0.294901199149728,-0.40439330843350424
SUPERIOR GLOBAL SOLUTIONS INC,2020,7358.22,9,23,23.874074074074073,46.15151515151515,-0.07769823025648337,True,0.25966716539580276,4.53402556330466
SUPERIOR GLOBAL SOLUTIONS INC,2021,23146.0,26,28,3.5961538461538463,47.0,0.08763043982610969,False,1.1728418174392459,0.3750381323357119
SURVEY MONKEY,2016,300.0,1,1,3.0,15.0,0.20046772863277074,False,-0.3674080140073508,-0.16119523133275263
SWANK MOTION PICTURES INC,2019,1822.5,1,1,3.0,1.0,0.192428738929736,False,-0.3472154947100322,-0.2732824358256582
SWEET SPRINGS VALLEY WATER COMPANY,2018,623.6,2,3,12.2,61.6,0.07247743433989451,False,-0.5323970756069376,2.1352522067946875
SWEET SPRINGS VALLEY WATER COMPANY,2021,440.8,2,2,4.5,197.0,0.11628393951502358,False,-0.6020210899087024,1.617360228525147
SYSTEMS EAST INC,2018,4190.65,3,2,5.333333333333333,1.0,0.16615199092684435,False,-0.32552652954003736,0.21937988954148605
Southside Regional Public Service Authority,2016,5847.2,3,1,1.0,0.0,0.2001439160078497,False,-0.2742063240329567,-0.6933013142096992
"T & M DISTRIBUTORS, INC.",2018,1810.0,2,1,0.0,4.5,0.19725031307113716,False,-0.2719905943836266,-0.8673129586135896
TARHEEL CANINE TRAINNG INC,2018,49000.0,2,2,4.5,42.0,0.163937471304693,False,-0.37664475872252723,0.3826334232946627
TATE ENGINEERING SYSTEMS INC,2018,17045.0,2,1,2.0,267.0,0.10268227565867782,False,-0.692672710925334,1.658670893170767
TATUM INC,2019,1017.56,1,1,0.0,0.0,0.1951582703991998,False,-0.2789544825374585,-0.9050681756298762
TAYLOR OFFICE SUPPLY INC,2017,3242.77,16,2,1.625,31.666666666666668,0.18202288744100675,False,-0.11300921651346488,-0.28629025717148954
TAYLOR OFFICE SUPPLY INC,2018,1785.65,5,1,1.962962962962963,2.0,0.1981419088200032,False,-0.2720141678315031,-0.4749276111530679
TAYLOR OFFICE SUPPLY INC,2019,1673.08,4,2,2.0,4.052631578947368,0.19992494184383536,False,-0.2423725699060208,-0.4480237586117027
TEACHPRIVACY LLC,2017,8999.0,1,1,2.0,11.0,0.2010661005571745,False,-0.33887492411367115,-0.3994604836232816
TECHSYS POWER INTERNATIONAL,2021,9927.0,1,2,3.0,66.0,0.17473394007977427,False,-0.3932948969836246,0.2543327361705384
TEKNIMEDIA CORPORATION,2016,12541.91,2,2,4.0,2.0,0.18377523939205537,False,-0.3101446132101987,-0.04957944780736129
TEKNIMEDIA CORPORATION,2017,8659.0,1,1,12.0,1.0,0.08233865153886444,False,-0.5474369312166989,1.59886201714474
TEKNIMEDIA CORPORATION,2018,12310.89,3,2,19.666666666666668,4.5,0.013426801833750335,False,-0.6495825837628549,3.2284953731344306
TEKNIMEDIA CORPORATION,2019,1230.0,1,2,1.0,0.0,0.19781537205437305,False,-0.25443036847382344,-0.692935378375448
TEKNIMEDIA CORPORATION,2021,218.11,1,1,7.0,49.0,0.15502509698079292,False,-0.5054012281222285,0.9431943299980706
TELCO ENTERPRISE MANAGEMENT CORP,2017,1840.46,3,3,0.0,0.0,0.18875217401738587,False,-0.15854095253404116,-0.8935075073630377
TELCO ENTERPRISE MANAGEMENT CORP,2018,20259.36,5,6,0.0,18.0,0.17612165353753167,False,-0.016166703643119864,-0.7297624564294922
TENNESSEE VEGETABLE PACKERS,2016,11265.0,5,1,0.16666666666666666,6.666666666666667,0.19093738267507349,False,-0.23813278566278936,-0.8089898947668239
TENNESSEE VEGETABLE PACKERS,2018,10617.6,2,1,0.0,18.0,0.19390008718312512,False,-0.2908732449385062,-0.7572067574076672
TGIHM THANK GOODNESS ITS HOME MADE,2018,200.44,2,1,2.0,19.0,0.20277579923387762,False,-0.3374868380756231,-0.3354959314720901
THAT CAD GIRL INC,2020,38795.25,1,1,2.0,236.0,0.11255616854842254,False,-0.6602886554542456,1.4126195689904466
THE CATERING PLACE INC,2019,448.0,3,2,4.0,9.25,0.18961270359437638,False,-0.30786825201664497,0.007715906088865364
THE CENTER FOR CLINICAL AND FORENSIC SER,2017,303708.0,5,3,2.2,21.0,0.12181854413101201,False,-0.1936815279227788,-0.20526786805686997
THE CHANGE COMPANIES,2016,3329.4700000000003,2,2,3.0,28.0,0.19949344302137934,False,-0.32572046105568875,-0.050540528713283864
THE CHANGE COMPANIES,2017,445.09,1,2,3.0,31.0,0.19441645311267897,False,-0.34357489172095196,-0.028500189009026625
THE CHANGE COMPANIES,2018,5421.25,4,4,6.0,16.0,0.15725151641946922,False,-0.25487216237109933,0.48853799515465063
THE CHANGE COMPANIES,2019,9569.0,3,3,4.5,11.0,0.18477426277347747,False,-0.2742017460637919,0.13171684281327406
THE CHANGE COMPANIES,2020,13036.33,4,4,4.842105263157895,19.63157894736842,0.180378874684195,False,-0.23384129577332205,0.2785018926900148
THE CHANGE COMPANIES,2021,76545.23,16,3,3.2857142857142856,23.106060606060606,0.1590115740794681,False,-0.08673142477395972,0.008844618691373754
THE COUNSELING CENTER LLC,2016,409399.44999999995,5,3,8.666666666666666,6.0,0.035692236394013976,False,-0.310229197419848,1.0393200312458264
THE FAMILY LIBRARY,2016,74.97,1,1,2.0,24.0,0.20438995733581156,False,-0.3580553926241311,-0.296857420383816
THE FAMILY LIBRARY,2017,132.0,2,2,0.0,39.0,0.19073264459970524,False,-0.27482962833009916,-0.5864655316771126
THE FLAG CENTER LLC,2017,118.0,1,1,0.0,15.0,0.2008688257070556,False,-0.30054740533454116,-0.7848307564417628
"THE GEO GROUP, INC.",2016,205697.15999999997,5,5,0.2,43.666666666666664,0.12329882326227815,False,-0.09366283500720554,-0.4498796548037637
"THE GEO GROUP, INC.",2019,69986.59,1,1,3.0,0.0,0.1656490702835326,False,-0.3418742082665843,-0.2678963773167192
THE GREENHOUSE COMPANY OF SOUTH CAROLINA,2021,7323.639999999999,2,2,0.0,69.54545454545455,0.17817362412607574,False,-0.3182837067410212,-0.33984273742144155
THE HOLDEN COMPANY,2021,4131.36,1,1,0.0,15.0,0.1995248567581045,False,-0.30031747562292455,-0.7840409863728036
THE ISLAND HOUSE RESTAURANT,2021,160.0,1,1,2.0,19.0,0.20421176991687096,False,-0.3508700591516248,-0.33697883417750757
THE KAI GROUP LLC,2018,1200.0,1,1,3.0,61.0,0.18635196872878912,False,-0.4334167025527256,0.20825282267999162
THE LEBANON NEWS INC,2017,343.4,1,1,7.0,8.0,0.15969491170856154,False,-0.44651426162217606,0.614086184382783
THE LIBRARY STORE INC,2018,270.78000000000003,2,3,0.0,199.6,0.10781390144169817,False,-0.45865582894722,0.7070234640886907
THE RADFORD COUNSELING GROUP LLC,2017,47875.0,3,3,0.0,18.0,0.16602737341041324,False,-0.1817532474619864,-0.7399512614958461
THE RADFORD COUNSELING GROUP LLC,2018,384478.0,16,5,5.0,221.4,-0.026136212781008528,True,-0.2984654885961452,2.0260630186673128
THE RADFORD COUNSELING GROUP LLC,2019,252780.0,11,2,4.636363636363637,391.0,-0.05838873928294008,True,-0.7487776862806986,3.265996887997403
THE RADFORD COUNSELING GROUP LLC,2021,405955.0,18,4,5.611111111111111,167.0,-0.030898745559151064,True,-0.2527739790148774,1.719341380152093
THE SHACK,2021,896.0,1,1,1.0,9.0,0.20340858469129597,False,-0.3141766236790279,-0.6249768631821958
THE SHERWIN WILLIAMS CO,2017,1537.67,4,2,0.23076923076923078,2.909090909090909,0.19195773865439353,False,-0.20130133300941871,-0.8249942575293605
THE SHERWIN WILLIAMS CO,2019,1140.93,3,3,0.0,26.0,0.19299937010505314,False,-0.19591943182439417,-0.6849268030439305
THE SHERWIN WILLIAMS CO,2020,3343.96,10,6,1.1538461538461537,12.833333333333334,0.18767864288366426,False,0.0314688976697656,-0.5273464764515309
THE SHERWIN WILLIAMS CO,2021,844.5099999999999,5,4,0.2,10.5,0.18973214071704275,False,-0.1045709540365389,-0.7606657625420655
THE SHERWIN-WILLIAMS CO,2019,698.6,1,1,0.0,6.0,0.19887983268118198,False,-0.28758931051377373,-0.8569651665219915
THE SUPPLY ROOM CO,2016,3164.1800000000003,4,4,1.0,5.0,0.19458293263796667,False,-0.12775272983122832,-0.6395429354373933
THE SUPPLY ROOM CO - GMU,2017,652.08,1,1,1.0,7.0,0.20247355307099224,False,-0.3113184133132799,-0.6410801216190232
THE SUPPLY ROOM CO - GMU,2018,711.36,1,1,0.0,8.0,0.1986272370659416,False,-0.2904607642845831,-0.8409073969645918
THE SUPPLY ROOM CO - VDH,2017,652.08,1,1,0.0,3.0,0.19853431987181985,False,-0.2832836984872127,-0.8810572088383587
THE SUPPLY ROOM COMPANIES,2016,46642.41,120,121,2.258807588075881,9.26086956521739,-0.09638956793746645,True,6.868612555268151,0.3302326117635116
THE SUPPLY ROOM COMPANIES,2017,160537.78,349,169,2.2413793103448274,12.040175768989329,-0.19498564728910983,True,12.18227179429781,0.9118686255064221
THE SUPPLY ROOM COMPANIES,2018,58680.66,138,125,2.4517543859649122,13.319314641744548,-0.10615812683280634,True,7.287238516189824,0.4487351367966634
THE SUPPLY ROOM COMPANIES,2019,60083.51,128,131,1.923509561304837,23.068362480127185,-0.1126539349123784,True,7.4320978008769725,0.4280655847868749
THE SUPPLY ROOM COMPANIES,2020,49835.4,133,123,2.8400520156046816,39.99588477366255,-0.10948941564866665,True,7.079257355975917,0.7260346643988043
THE SUPPLY ROOM COMPANIES,2021,85377.66,307,142,2.807937632884479,24.141379310344828,-0.17865505956062566,True,10.32229879984555,0.9359836580521312
THE THOMASTON CORP,2019,3570.0,1,1,10.0,47.0,0.11919178100981515,False,-0.5692080455821164,1.551398384139883
THE TODD VENTURE GROUP,2016,172.63,1,2,0.0,17.0,0.19710980458276545,False,-0.25661417196430325,-0.764540325355024
THE WATER H2OLE INC,2016,517.75,1,1,7.0,209.0,0.08966393837929537,False,-0.7351588458191372,2.2276739809359123
THE WATER H2OLE INC,2017,517.75,1,2,2.0,6.0,0.201590745439175,False,-0.28537807367350143,-0.4370431928760703
THOMPSON TIRE CO INC,2023,237.97,1,1,1.0,0.0,0.2001884197881843,False,-0.3012894913033687,-0.6973550173821931
TIDEWATER AIR FILTER FABICATION COMPANY,2020,3006.1,1,1,5.0,71.0,0.1643142205978657,False,-0.4922548435979533,0.7046176695443492
TIDEWATER FASTENERS INC,2021,55.0,1,1,0.0,29.0,0.19737051565799502,False,-0.3206563083068591,-0.6724563438699293
TIDEWATER PRESSURE WASHING LLC,2016,575.0,1,1,0.0,48.0,0.1934859204053741,False,-0.34791227259437574,-0.5198290590508475
TIDEWATER PRESSURE WASHING LLC,2017,1100.0,2,2,0.0,40.0,0.19196079098110574,False,-0.2762102629712784,-0.57824741426199
TIDEWATER PRESSURE WASHING LLC,2018,1980.0,2,2,0.0,226.0,0.11275844907467153,False,-0.543273033683648,0.9150648044743274
TIDEWATER PUBLICATIONS LLC,2017,49.0,1,1,5.0,23.0,0.18921851952782548,False,-0.4234918237194885,0.3187095500070417
TIDEWATER VALVE & FITTING INC,2017,8678.11945,12,9,0.0,12.076923076923077,0.1568004338904666,False,0.22574907506158387,-0.7565918602255155
TIDEWATER VALVE & FITTING INC,2018,53289.38998,15,12,0.0,24.65714285714286,0.12217676573443365,False,0.3907881224571685,-0.6297255787128444
TIDEWATER VALVE & FITTING INC,2019,215.0,1,1,0.0,13.0,0.2005469883821988,False,-0.29766966329526173,-0.8008669268496295
TIDEWATER VALVE & FITTING INC,2020,7987.38,8,8,0.0,44.92857142857143,0.16579411262244487,False,0.0782055939858067,-0.50313113404134
TIDEWATER VALVE & FITTING INC,2021,4935.46,4,4,0.1,83.0,0.16318192026148065,False,-0.21960514799254782,-0.20011920218508755
TIDEWATER VALVE & FITTING INC,2022,3833.41,3,4,0.0,0.0,0.18573405681451405,False,-0.11162448592099512,-0.8888909020593688
TIGER EQUIPMENT CO INC,2017,93912.12,6,5,3.909090909090909,0.6,0.14827364636462753,False,-0.1075154199746157,-0.045129587012735416
TIGER EQUIPMENT CO INC,2019,33222.56,3,4,4.5,77.0,0.14644160376972382,False,-0.3208264183661529,0.6704194698274241
TIGHTSQUEEZE HARDWARE INC,2019,1877.16,1,1,0.0,18.0,0.19890836066754075,False,-0.3047548983731961,-0.7604016918271459
TIGHTSQUEEZE HARDWARE INC,2021,22.479999999999997,1,1,3.0,31.0,0.1950172938982766,False,-0.3904013918661656,-0.032807774556160046
TIMBER RIDGE FRUIT FARM LLC,2016,141192.6,27,2,0.5454545454545454,9.176470588235293,0.11653475397289764,False,0.09844546469196067,-0.6478637405754596
TIMBER RIDGE FRUIT FARM LLC,2017,6972.0,2,1,1.0,4.0,0.20182030793839745,False,-0.2932671568657675,-0.6624443977100706
TIMBER RIDGE FRUIT FARM LLC,2018,122850.0,22,1,0.4375,10.074074074074074,0.12304872434385489,False,-0.015194909542190263,-0.6783069525176799
TIMBER RIDGE FRUIT FARM LLC,2019,62286.0,15,1,0.13043478260869565,8.416666666666666,0.14740131331569578,False,-0.10310623594075771,-0.7776833134109774
TIMBER RIDGE FRUIT FARM LLC,2021,9282.0,3,1,1.0,7.0,0.20066390597707418,False,-0.28406218746337764,-0.6364319911961447
TIMBER RIDGE FRUIT FARM LLC,2022,44030.0,8,1,1.0625,0.0,0.17901763096276557,False,-0.20650741579880066,-0.665421118016922
TK PROMOTIONS INC,2017,3895.37,1,3,0.0,6.0,0.1920833828930147,False,-0.19380158739425757,-0.8478872450625291
TKS MECHANICAL LLC,2018,650.0,1,1,0.0,54.0,0.19220193198257757,False,-0.3565245301785038,-0.47164852442410377
TMS SUPPLIES INC,2017,3945.0,2,1,2.0,8.0,0.2014000474305332,False,-0.32147529177801276,-0.42306297945607557
TMS SUPPLIES INC,2019,3800.0,2,2,1.0,99.5,0.1759725012936857,False,-0.38379342022988344,0.10779441867154492
TMS SUPPLIES INC,2020,1848.9,4,2,2.6666666666666665,21.166666666666668,0.19882087866928755,False,-0.2818000628982598,-0.17202631713278596
TMS SUPPLIES INC,2021,2685.53,8,2,0.5294117647058824,44.35294117647059,0.1814438239765272,False,-0.2138859976513341,-0.42409493131746473
TODAYS OFFICE SOLUTIONS INC,2016,2783.8199999999997,8,9,1.0,2.6,0.17141214893126944,False,0.16320715941927308,-0.6318622054772823
TODAYS OFFICE SOLUTIONS INC,2017,12053.61,21,41,2.789473684210526,18.072727272727274,0.07649093586000416,False,1.773254965964154,0.020498817505681107
TODAYS OFFICE SOLUTIONS INC,2018,3155.28,10,18,1.205128205128205,26.535714285714285,0.15225014218338634,False,0.5722645685461838,-0.35603308155938573
TODAYS OFFICE SOLUTIONS INC,2019,2079.93,9,15,0.6451612903225806,33.88461538461539,0.14423334056985432,False,0.42034334607794294,-0.42779705391296474
TODAYS OFFICE SOLUTIONS INC,2020,169.93,1,2,4.0,30.0,0.18815427593560152,False,-0.36444490874707336,0.17128460433580284
TODAYS OFFICE SOLUTIONS INC,2021,5208.45,7,13,0.6129032258064516,14.321428571428571,0.16121287481708885,False,0.32896978452145764,-0.6023315256607237
TOM LANGE COMPANY INC,2016,383838.6,124,2,0.5230769230769231,11.073394495412844,-0.03761017188279914,True,1.4080692717810546,-0.44646870656510096
TOM LANGE COMPANY INC,2017,178951.69,73,2,0.5266666666666666,8.277227722772277,0.0601128886542196,False,0.7178405020724652,-0.5837100120800448
TOM LANGE COMPANY INC,2018,398593.0,151,3,0.2886178861788618,6.597222222222222,-0.0625313619466733,True,1.8286556395297162,-0.4841865763753579
TOM LANGE COMPANY INC,2019,468200.65,120,2,0.4618834080717489,6.276422764227642,-0.04143197546523103,True,1.3676317667076288,-0.48699567476646727
TOM LANGE COMPANY INC,2020,13611.0,4,2,1.0,7.0,0.1968749496883927,False,-0.22363098180801633,-0.6298807409889988
TOM LANGE COMPANY INC,2021,239113.21,72,3,0.8415841584158416,4.877551020408164,0.05404956372384073,False,0.7525712346859018,-0.5309521600404807
TOM LANGE COMPANY INC,2022,344293.0,61,3,0.9914529914529915,0.0,0.037358407250840664,False,0.6150711374616985,-0.5344811712511007
TOM LANGE COMPANY INC,2023,145088.25,27,3,1.3076923076923077,0.0,0.1141416918942596,False,0.14165865587089527,-0.558094266819985
TONER CONCEPTS LLC,2021,509.97,1,1,15.0,5.0,0.05519994784279003,False,-0.6205192031698628,2.2529686355501424
TOWN OF WYTHEVILLE,2018,130.3,1,1,0.0,6.0,0.1988253337695502,False,-0.28762186903210046,-0.8570769995821179
TOWN POLICE SUPPLY,2016,96423.84999999999,5,3,1.1290322580645162,54.0,0.16831635675030177,False,-0.22907586845245861,-0.20376495690227084
TOWN POLICE SUPPLY,2017,8824.789999999999,7,8,1.8461538461538463,73.66666666666667,0.16346865468325988,False,-0.017549300905182013,0.11001115403675663
TOWN POLICE SUPPLY,2018,322064.51,4,2,1.25,75.11111111111111,0.09148400578965099,False,-0.3093457839075479,0.02955575443732253
TOWN POLICE SUPPLY,2020,6214.74,6,4,4.0,49.25,0.17919244337373497,False,-0.2312342759752921,0.34282956542903315
TOWN POLICE SUPPLY,2021,63329.5,28,8,4.867924528301887,72.55,0.07930409319759629,False,0.20081964613177672,0.7708716373488756
TR4 DEVELOPMENT INC DBA WATER-OTTER COM,2019,1547.0,2,1,6.333333333333333,47.333333333333336,0.15672414746744068,False,-0.4746904728781494,0.7929736851405212
TRANE  U.S. INC,2017,281.0,1,2,4.0,85.0,0.1661000839262579,False,-0.4434236275630186,0.612826072156708
TRAYNOR AUTOMOTIVE LLC,2021,89.62,1,1,4.0,0.0,0.18887275660309794,False,-0.36816902608303936,-0.07378450028200365
TRI-CITY OFFICE PRODUCTS INC,2016,13602.869999999999,46,52,1.6842105263157894,5.932203389830509,0.046949109803024636,False,2.664763113813813,-0.22306093654309814
TRI-CITY OFFICE PRODUCTS INC,2017,53539.87,164,115,1.6411483253588517,8.280597014925373,-0.13130755847804676,True,7.192129374038351,0.23488098758338835
TRI-CITY OFFICE PRODUCTS INC,2018,27190.89,64,68,2.8374558303886928,30.1,-0.007449575320804924,True,3.594821050920924,0.3074840020107154
TRI-CITY OFFICE PRODUCTS INC,2019,992.9300000000001,5,4,1.8,9.0,0.19620872718998672,False,-0.13807286463729443,-0.4400914875049888
TRI-CITY OFFICE PRODUCTS INC,2020,4271.22,19,22,4.410256410256411,10.23076923076923,0.09897027418543164,False,0.8319377869897268,0.20970766202913937
TRI-CITY OFFICE PRODUCTS INC,2021,10467.4,30,31,2.5569620253164556,16.0,0.09513335067879253,False,1.4337287377062675,-0.07375353134909025
TRIANGLE ELECTRIC CORPORATION,2021,871.0,2,1,0.0,24.0,0.19891148814258414,False,-0.30004819255184006,-0.7109589688364204
TRIANGLE X-RAY COMPANY,2021,33925.0,1,1,1.0,99.0,0.16168692668074353,False,-0.4415326729614547,0.10400939297820243
TRIDENT PLASTICS INC,2017,153.75,1,1,0.0,5.0,0.1988253337695502,False,-0.28618443315390724,-0.8651000142566765
TRIDENT PLASTICS INC,2021,160.0,1,1,0.0,49.0,0.19242402116863117,False,-0.34937214079326373,-0.5118830956426845
TRIO FASTENERS INC,2017,2048.0,2,2,0.0,1.0,0.19099789093634162,False,-0.22014834733526306,-0.8911384041030043
TRITON LIGHT MEDICAL LLC,2020,4278.0,1,1,0.0,31.0,0.19597773890112818,False,-0.3232865528990656,-0.6555700611626666
TRUESHRED INC,2017,7968.0,4,3,1.75,24.0,0.19945701402084498,False,-0.21828331673864615,-0.3343971525919832
TSRC INC,2016,1230.24,2,1,0.0,3.0,0.19646661976480856,False,-0.2698696708539794,-0.879468490765897
TSRC VA PAPER CONTRACT,2019,843.0,1,1,1.0,3.0,0.2023226463305452,False,-0.3055631056912343,-0.6731530685333407
TURNER CLEANING SERVICE,2017,12580.0,3,1,0.0,0.0,0.1862594099305408,False,-0.2515302494622116,-0.8998429685125013
TURNER CLEANING SERVICE,2018,5460.0,1,1,12.0,268.0,0.014331524879742208,False,-0.9310568768267806,3.741609521218863
TURNER CLEANING SERVICED LLC,2020,6300.0,1,2,5.0,315.0,0.07509938390476639,False,-0.7956703903620838,2.66823182908623
TURNING TECHNOLOGIES LLC,2018,650.0,2,2,7.5,25.0,0.14480232493836093,False,-0.4218722470398051,0.8602488685235794
TWEEDS LOCKSMITH INC,2021,225.0,2,1,2.0,32.5,0.19922877621505214,False,-0.35687267844011794,-0.22711810302776153
ULINE INC,2021,234.74,1,2,0.0,5.0,0.1971448178516383,False,-0.23937750478597816,-0.8608596544881817
UNIFORMS MANUFACTURING INC,2019,344.15999999999997,2,1,0.0,49.142857142857146,0.19083817295014394,False,-0.3361858419013561,-0.5092251067763808
UNITEC SALES ASSOCIATES LLC,2016,5543.32,9,7,1.0,39.8,0.18124427855319236,False,0.029718944268384603,-0.3396652665767855
UNITEC SALES ASSOCIATES LLC,2017,659.83,2,3,0.0,25.0,0.19427740391810255,False,-0.20789180638335114,-0.6945240504283676
UNITEC SALES ASSOCIATES LLC,2018,3167.5399999999995,3,6,2.642857142857143,85.0,0.16018275456953773,False,-0.19903610988329648,0.35113704780613264
UNITEC SALES ASSOCIATES LLC,2021,393.61,3,2,0.6,76.4,0.17761941960841998,False,-0.3285177991688928,-0.1599858285381922
UNITED INDUSTRIAL SALES CO INC,2020,3897.6,2,2,0.25,149.0,0.1429667564967264,False,-0.4381566436308989,0.3492813471586298
UNITED PARCEL SERVICE,2017,4.5,1,1,0.0,14.0,0.19937238166966986,False,-0.2991178154691666,-0.7928807208569233
UNITED STATES POSTAL SERVICE,2021,67.0,1,1,0.0,6.0,0.1988253337695502,False,-0.28762549555719297,-0.8570894560887272
UPDIKE INDUSTRIES INC,2018,1071.0,1,1,1.0,28.0,0.20305739538011586,False,-0.341452353387665,-0.47241746927591277
US21 INC,2021,91875.0,3,1,3.4444444444444446,133.5,0.13195484501842641,False,-0.5154835450878025,0.9034344807373469
"V. F. LANASA, INCORPORATED",2016,377306.75,68,2,0.7214076246334311,1.5141509433962264,0.024947087527930623,False,0.6676715157074958,-0.5658627229200235
"V. F. LANASA, INCORPORATED",2017,129090.5,36,2,1.4049586776859504,3.358490566037736,0.1319079520803666,False,0.20737677347409683,-0.5050131639210189
"V. F. LANASA, INCORPORATED",2018,241573.0,65,3,0.3389121338912134,4.598253275109171,0.05973491048319568,False,0.6706516594539544,-0.6475235309730497
"V. F. LANASA, INCORPORATED",2019,146484.0,32,2,0.6074074074074074,2.3515625,0.11549087017354392,False,0.17407338378747392,-0.681357650673741
"V. F. LANASA, INCORPORATED",2020,13113.5,6,3,2.2857142857142856,23.4,0.1953473210196333,False,-0.2023063179831126,-0.22389419111298176
VA INDUSTRIES F T BLIND,2016,13903.05,77,12,1.221830985915493,32.41847826086956,0.07510573082041783,False,1.179766669336986,-0.22974671799879753
VA INDUSTRIES F T BLIND,2017,59030.64,249,16,1.6191950464396285,23.100649350649352,-0.049561338999065674,True,3.6756006388698377,0.057520532940122035
VA INDUSTRIES F T BLIND,2018,26205.15,113,12,1.6866952789699572,24.312693498452013,0.03582313442116114,False,1.6634626923183715,-0.14266832559413756
VA INDUSTRIES F T BLIND,2019,23623.95,110,13,2.4805825242718447,20.60333333333333,0.03334704170699321,False,1.6576053514733824,-0.00813142929695318
VA INDUSTRIES F T BLIND,2020,44313.25,125,16,2.1079136690647484,24.28048780487805,0.011068367061511042,False,2.002937276025322,-0.017209206859683572
VA INDUSTRIES F T BLIND,2021,1001502.73,234,25,2.1445945945945946,30.662857142857142,-0.14688697245892413,True,3.927531544172577,0.42880037429982065
VA INDUSTRIES F T BLIND,2022,38688.92,59,11,1.958139534883721,0.0,0.09216976178395292,False,0.9236714726676799,-0.3628322441704109
VADOC AGRIBUSINESS,2017,25000.0,1,1,3.0,963.0,-0.06592020885816618,True,-1.7274085219766788,7.453857930212946
VADOC AGRIBUSINESS,2018,50441.1,5,1,2.3333333333333335,170.25,0.11278980548430717,False,-0.5191048748903864,0.9622833103363947
VALLEY BOILER & MECHANICAL INC,2018,58108.0,3,3,1.6666666666666667,944.0,-0.06941998858835374,True,-1.5481391279296666,7.04209144686046
VALLEY BOILER & MECHANICAL INC,2019,269943.94,4,3,1.25,127.0,0.09006740350425457,False,-0.3400467781716504,0.44006838114294916
VALLEY BOILER & MECHANICAL INC,2020,1785.5,4,2,0.0,41.333333333333336,0.1889459128483203,False,-0.2513239713590353,-0.5644591228322173
VALLEY BOILER & MECHANICAL INC,2021,18439.36,7,3,0.8,44.0,0.1843555395707553,False,-0.18508670867935403,-0.3648323650058472
VALLEY FARMING LLC,2016,4000.0,1,1,0.0,13.0,0.19920171398260061,False,-0.2974528165736946,-0.8001220946613856
VALLEY PROTEINS INC,2017,240.0,1,1,0.0,20.0,0.19972509979053682,False,-0.30772087783564295,-0.7446686021968343
VALLEY PROTEINS INC,2018,960.0,1,1,0.0,146.0,0.1520453495036354,False,-0.4886272709720633,0.266954373572195
VALLEY PROTEINS INC,2020,1920.0,2,2,27.0,229.0,-0.08840590785821789,True,-1.149424069192894,6.551533276959623
VALLEY PROTEINS INC,2021,960.0,1,1,0.0,143.0,0.1520453495036354,False,-0.48431899376466014,0.24287148570586634
VAMAC INC,2017,3329.52,4,1,0.0,24.5,0.1975182455163253,False,-0.2738635790478163,-0.7035114642887121
VAMAC INC,2018,651.21,2,2,0.6666666666666666,12.666666666666666,0.19621638990435092,False,-0.2518430124431601,-0.6591798833667472
VAMAC INC,2019,107.4,1,1,0.0,1.0,0.19447743889641989,False,-0.2804427189853956,-0.8972196524083266
VAN CLEEF AUTO PARTSINC,2019,685.0,1,1,1.0,9.0,0.20340858469129597,False,-0.31418871209600296,-0.625018384870893
VCASE,2017,1500.0,3,1,1.3333333333333333,3.0,0.20037121918542689,False,-0.28619377207675745,-0.6007850345136118
VCASE,2018,1545.0,2,1,3.5,50.0,0.19074900258660155,False,-0.41536418908765854,0.22542502115809426
VCASE,2019,975.0,1,1,0.0,134.0,0.15878058139723822,False,-0.4713933027763152,0.17062577388569808
VCU HEALTH SYSTEM,2021,418226.47,2,1,2.5,104.0,0.05912322302743844,False,-0.44675070395946337,0.5330472018029079
VEG-PRO INC,2018,40565.7,7,1,0.1111111111111111,13.75,0.1726614693232904,False,-0.21862627726303144,-0.7549598282936582
VERNACULAR LANGUAGE SERVICES,2018,5712.5,4,2,3.75,30.0,0.1869833587695594,False,-0.31841206997081917,0.12483349199690046
VERSABILITY RESOURCES INC,2017,1259.0,3,2,1.25,43.0,0.1971233172958604,False,-0.29499145819298883,-0.2928250802501831
"VICTORIA CASH GRAFF, LCSW",2019,64300.0,3,2,7.333333333333333,273.0,0.02656239162984908,False,-0.7572806241218439,2.8304568299540303
"VICTORIA CASH GRAFF, LCSW",2021,63040.0,4,2,4.0,139.75,0.11600023350864141,False,-0.4783114433028622,1.0691136556329057
"VIPPERMAN AIR AND REFRIGERATION, INC",2017,5353.75,2,2,5.0,15.0,0.1886895357559657,False,-0.35151597707726023,0.2612317791160465
"VIPPERMAN AIR AND REFRIGERATION, INC",2019,1291.75,2,2,5.0,15.5,0.188392916284711,False,-0.3524667396280333,0.26444625205669714
"VIPPERMAN AIR AND REFRIGERATION, INC",2020,597.5,3,2,0.2,26.8,0.1955556972727715,False,-0.2483597968425887,-0.6412627467416444
"VIPPERMAN AIR AND REFRIGERATION, INC",2021,5592.9400000000005,9,2,0.1111111111111111,76.71428571428571,0.16719966467041314,False,-0.23748833983160886,-0.24921369607341234
VIRGINIA ASSOC FOR ADULT & CONTINUING ED,2021,1800.0,1,1,1.0,164.0,0.15613960437064212,False,-0.5367191549290811,0.6194835704481682
VIRGINIA BUSINESS SYSTEMS,2017,33959.4,6,5,11.9,39.5,0.06167882210989517,False,-0.34493429247883195,1.9163902454804569
VIRGINIA BUSINESS SYSTEMS,2018,15370.32,4,1,3.4,1112.0,-0.08230440357701385,True,-1.910711410082103,8.735651177366014
VIRGINIA BUSINESS SYSTEMS,2020,5085.68,4,3,7.8,10.0,0.1346666181194246,False,-0.33319974287543,0.8102415881790261
VIRGINIA BUSINESS SYSTEMS,2021,31557.74,9,6,26.35,107.4,-0.0662374478144333,True,-0.677733047626912,5.4733148566021095
VIRGINIA CAROLINA BUILDINGS INC,2018,20100.0,1,1,0.0,64.0,0.1751907656029582,False,-0.36977114278059653,-0.3875447583365155
VIRGINIA CENTER FOR RESTORATIVE JUSTICE,2019,22500.0,1,1,6.0,288.0,0.0548079328199742,False,-0.8250604136488363,2.6583159073455063
VIRGINIA COMMONWEALTH UNIVERSITY,2018,715.0,1,1,1.0,19.0,0.20464002116209673,False,-0.32854791738840866,-0.5447361884254968
VIRGINIA CORRECTIONAL ENTERPRISES,2016,1103178.544,516,99,2.4419723391461217,36.43566591422122,-0.2154649558822176,True,11.15522205186347,1.28550718159514
VIRGINIA CORRECTIONAL ENTERPRISES,2017,2051720.44,1528,164,1.7465004374453192,27.036149471974007,-0.25665750340425364,True,27.822189739608927,3.0193765324593747
VIRGINIA CORRECTIONAL ENTERPRISES,2018,1149879.134,591,96,2.237934904601571,34.88833992094862,-0.21820910991357645,True,12.0278286986334,1.3378108347739992
VIRGINIA CORRECTIONAL ENTERPRISES,2019,555493.176,573,93,2.6793388429752065,58.427036705461056,-0.20641467280292214,True,11.568869756790217,1.4623352260060856
VIRGINIA CORRECTIONAL ENTERPRISES,2020,461051.45,574,84,2.71586037966932,39.060165975103736,-0.1979677965841382,True,11.182617935921884,1.2593271803129662
VIRGINIA CORRECTIONAL ENTERPRISES,2021,1403570.0599,1037,100,2.7724652424550693,33.99801849405548,-0.23745925107804167,True,18.186819080514255,2.166420314811626
VIRGINIA DEPARTMENT OF MOTOR VEHICLES,2019,65.0,1,1,6.0,76.0,0.14783272919335416,False,-0.5218941496092626,0.9520436209404811
VIRGINIA DEPT OF CRIMINAL JUSTICE SVCS,2019,57.0,2,2,7.0,9.0,0.15378518669152208,False,-0.3877835696001202,0.6277568212151328
VIRGINIA DEPT OF HEALTH PROFESSION,2019,450.0,5,4,1.8,26.0,0.198983215485094,False,-0.1625175405229815,-0.3037286302140141
VIRGINIA DISTRIBUTION CENTER - VDC,2016,471977.3094,381,103,2.0779899954524783,21.27799227799228,-0.18760495841668146,True,9.529728049277889,0.7817362925405958
VIRGINIA DISTRIBUTION CENTER - VDC,2017,156996.0886,128,82,2.126855600539811,30.372990353697748,-0.11081001157285142,True,5.129315122928282,0.34104755519740193
VIRGINIA DISTRIBUTION CENTER - VDC,2018,462996.08,370,85,3.0011086474501107,43.721385542168676,-0.18378076577324431,True,8.486774947982907,1.0597576779273854
VIRGINIA DISTRIBUTION CENTER - VDC,2019,360812.93,319,91,2.8503081890226007,62.93427230046948,-0.18620698872353825,True,8.055078293686222,1.112661451743878
VIRGINIA EMPLOYMENT COMMISSION,2016,100.0,1,1,1.0,0.0,0.2001884197881843,False,-0.3012973957530845,-0.697382167843755
VIRGINIA ENERGY AND LIGHTING LLC,2017,111.53999999999999,1,1,0.0,2.0,0.19711742017413436,False,-0.28187857420280993,-0.8891912084285969
VIRGINIA FILTERS AND SUPPLY,2017,278.7,2,1,0.0,5.666666666666667,0.19706027585754837,False,-0.2737537653440757,-0.8582487283702176
VIRGINIA FILTERS AND SUPPLY,2021,122.63999999999999,1,1,0.0,54.0,0.19242402116863117,False,-0.3565547432001908,-0.47175230109591143
VIRGINIA INFORMATION TECHNOLOGIES AGENCY,2016,98362.66,157,10,2.5435203094777563,51.47529411764706,-0.033876616466398723,True,2.104644952754716,0.32413649986785364
VIRGINIA INFORMATION TECHNOLOGIES AGENCY,2017,53627.71,48,6,2.9160305343511452,31.7875,0.11376645665013557,False,0.4763244354231094,0.05705276953251937
VIRGINIA INFORMATION TECHNOLOGIES AGENCY,2018,37902.65,32,11,4.287878787878788,116.95833333333333,0.05743063806196197,False,0.3424483462230105,1.0203625722221408
VIRGINIA INFORMATION TECHNOLOGIES AGENCY,2019,24922.0,17,8,4.318181818181818,26.0,0.1466065897037181,False,0.1305333487910321,0.2591299409170693
VIRGINIA OFFICE SUPPLY INC,2017,315.0,1,1,1.0,15.0,0.20554675201799066,False,-0.3228264642088224,-0.5769254196823972
VIRGINIA PUBLICATIONS A DIVISION OF WASH,2018,7.0,1,1,0.0,14.0,0.1993256761015217,False,-0.2991176722414773,-0.7928802288937873
VIRGINIA REST LODGING & TRAVEL ASSOC,2016,7311.330000000001,2,2,0.6666666666666666,68.0,0.1780686155438886,False,-0.3309252266072077,-0.21367378264533352
VIRGINIA REST LODGING & TRAVEL ASSOC,2018,1994.2800000000002,3,2,1.75,9.333333333333334,0.19997403925591373,False,-0.2577460616025249,-0.4590106223449439
VIRGINIA REST LODGING & TRAVEL ASSOC,2019,32592.0,1,1,31.0,13.0,-0.030518728414533625,True,-0.9868154518390428,5.649368061326146
VIRGINIA REST LODGING & TRAVEL ASSOC,2020,36792.0,2,1,4.5,27.5,0.17253543604198784,False,-0.4033231167027358,0.2596060220898634
VIRGINIA REST LODGING & TRAVEL ASSOC,2021,6880.0,4,1,2.7,73.4,0.17427302283796114,False,-0.4040690187937263,0.2509780292162268
VIRGINIA TRAILER RENTALS,2018,65628.99,5,4,1.5,11.0,0.17504776230173014,False,-0.1305548764702324,-0.47367677643038814
VIRGINIA TRAILER RENTALS,2019,62791.67,6,3,4.2,11.6,0.161251224523006,False,-0.22518440124918745,0.08907172015702466
VIRGINIA TRAILER RENTALS,2020,3326.51,2,1,1.6666666666666667,0.0,0.19807313638050955,False,-0.3025918714436222,-0.5566945801664112
VIRGINIA TRAILER RENTALS,2021,13506.17,8,1,0.13333333333333333,35.63636363636363,0.18209993754591058,False,-0.23872182416070492,-0.5784949292167394
VIRGINIA VACUUM CENTER INC,2020,31.98,1,1,10.0,18.0,0.1254698538499801,False,-0.5277640628822405,1.3179009045992842
VIRGINIA W HILLEARY,2018,100.0,1,1,7.0,0.0,0.1547626076182021,False,-0.4350394670502626,0.5498172525416307
VIRGINIA WATER SYSTEMS INC,2017,6177.0,1,1,1.0,87.0,0.18115312032022357,False,-0.4258892769006785,0.0022174442713056067
VIRGINIA WATER SYSTEMS INC,2018,5220.0,2,4,3.6666666666666665,273.0,0.07711583744525341,False,-0.5987104425796314,2.063627233101668
VIRTUAL IMAGE TECHNOLOGY INC,2016,650.0,1,1,4.0,0.0,0.18935199333919162,False,-0.3681369213100323,-0.07367422576109266
VULCAN CONSTRUCTION MATERIALS,2017,462.354,1,2,0.0,0.0,0.1919501110798182,False,-0.2321840025227326,-0.9009530098531469
W W GRAINGER INC,2016,71596.28,21,40,1.2702702702702702,62.1551724137931,0.050078722612968196,False,1.7004210452165363,0.06607743969355687
W W GRAINGER INC,2017,68819.62,119,139,0.6341463414634146,9.585714285714285,-0.13045202316409632,True,7.734691150818439,0.07405638546366729
W W GRAINGER INC,2018,15991.99,33,45,1.1071428571428572,42.714285714285715,0.055707876133489875,False,2.123372784184844,-0.09601618481342886
W W GRAINGER INC,2019,13800.01,17,24,1.1470588235294117,10.2,0.12367770490412305,False,0.9721084580720094,-0.4614749515366489
W W GRAINGER INC,2020,29094.61,47,83,1.1119402985074627,19.285714285714285,-0.024977382723498698,True,4.123481721153829,-0.09933917401084781
W W GRAINGER INC,2021,306745.95999999996,92,102,2.487012987012987,15.494252873563218,-0.10430582387869891,True,5.605566878703042,0.3573302466491377
WAGNER FOOD EQUIPMENT INC,2016,55930.719999999994,5,4,1.8333333333333333,120.0,0.14137818220663567,False,-0.2950746877321175,0.46871519620422986
WAGNER FOOD EQUIPMENT INC,2017,1068.2525,5,5,3.25,11.5,0.1887201330103987,False,-0.12717749253619082,-0.1143766432018486
WAGNER FOOD EQUIPMENT INC,2018,282.54,3,3,1.0,106.66666666666667,0.17013738099941084,False,-0.3341037422594662,0.17033294448697597
WAGNER FOOD EQUIPMENT INC,2019,2373.16,4,3,3.5833333333333335,38.333333333333336,0.18708838490061896,False,-0.2800534751390758,0.1606532636516689
WAGNER FOOD EQUIPMENT INC,2020,1537.9396000000002,5,2,0.125,43.625,0.18665390318656017,False,-0.24403458837676792,-0.5186529226473326
WAGNER FOOD EQUIPMENT INC,2021,1724.38,5,2,0.25,68.0,0.17425426626021207,False,-0.281814952467871,-0.29695944875382363
WALKER SAND & STONE INC,2021,945.65,2,2,0.0,6.0,0.1975734137406997,False,-0.22739196416491203,-0.85121718388441
WALLACE FURNITURE&HARDWARE,2020,499.0,1,1,1.0,201.0,0.13343049617664204,False,-0.5899291095098871,0.916249836516795
WALLACE FURNITURE&HARDWARE,2021,807.0799999999999,5,7,0.8571428571428571,7.833333333333333,0.17962886661006044,False,0.02501540524746116,-0.6328088415021823
WALMART,2019,47.0,1,1,1.0,7.0,0.20232326670684836,False,-0.3113530789973713,-0.6411991924408099
WALMART,2020,419.85999999999996,1,1,0.0,138.0,0.1561316096931175,False,-0.4771694769539561,0.20262704767462594
WASTE MANAGEMENT INC,2017,19567.129999999997,10,3,2.6,10.0,0.1820395695347179,False,-0.1361748645534502,-0.2589651720729871
WASTE MANAGEMENT INC,2018,2323.21,2,2,0.75,263.5,0.10077667700514509,False,-0.6138245948182399,1.3720683690188
WASTE MANAGEMENT INC,2019,13693.66,5,2,2.857142857142857,254.5,0.09517482515378684,False,-0.6070745669150656,1.7444866347955355
WASTE MANAGEMENT INC,2020,10711.82,6,2,1.5454545454545454,161.625,0.14070353077883724,False,-0.43124942834859303,0.7271525768229361
WASTE MANAGEMENT INC,2021,7641.72,6,2,0.16666666666666666,38.0,0.18756144863687219,False,-0.22315473662697377,-0.5524711516215991
WASTE MANAGEMENT INC,2022,3135.12,2,2,3.0,0.0,0.1916937037045049,False,-0.28552100830715715,-0.2753523940132267
WATER CHEMISTRY INC,2017,68013.02,10,3,6.545454545454546,29.0,0.11597062999678837,False,-0.24863064690143957,0.7232213249143604
WATER CHEMISTRY INC,2018,69576.45,9,2,1.9,1.0,0.16921525802307885,False,-0.1649648961301212,-0.4725787047943322
WATERWHEEL SOFTWARE INC,2017,465.3,1,1,0.0,5.0,0.198927412300823,False,-0.28616658411926943,-0.8650387058106399
WAYNE PRODUCE FARM,2016,3783.4,13,2,0.64,1.1666666666666667,0.17183360437861778,False,-0.08736414760068424,-0.7401999681094732
WAYNE PRODUCE FARM,2017,450.0,1,1,1.0,0.0,0.2001884197881843,False,-0.3012773438765856,-0.6973132930046837
WELDING PROCESSES & MECHANICAL INC,2017,1873.0,1,1,1.0,41.0,0.1984381666905758,False,-0.36007560717702486,-0.3679004667477219
WELDING PROCESSES & MECHANICAL INC,2019,3200.0,1,1,4.0,185.0,0.12508336783032553,False,-0.6336679235234963,1.4119389950614465
WELDING PROCESSES & MECHANICAL INC,2020,6110.0,2,1,7.0,55.0,0.15139220305168744,False,-0.5002993255960623,0.9939944875135295
WELDING PROCESSES & MECHANICAL INC,2021,3925.0,3,2,3.6666666666666665,131.33333333333334,0.14553366868565154,False,-0.47556188334226546,0.9191510140687392
WEST VIRGINIA UNIVERSITY,2018,21000.0,2,2,0.0,157.0,0.12982258411591746,False,-0.44309298165334704,0.3649012390891676
WESTOVER INDUSTRIAL SALES & EQUIPMENT,2021,10719.45,6,3,1.6428571428571428,177.46153846153845,0.11720822468650166,False,-0.4093605729410394,0.8787551042492628
WHITLOCK PLUMBING & HEATING INC,2018,778.36,1,1,3.0,3.0,0.19631033841955242,False,-0.35014749941876083,-0.257432648603729
"WIDGEON RIVER, LLC",2017,22741.07,47,40,0.019417475728155338,9.653061224489797,0.04145673860319843,False,2.148805411126397,-0.586665948349132
"WIDGEON RIVER, LLC",2018,4037.32,6,8,0.0,6.375,0.17445542535267955,False,0.10658397336605063,-0.8163521162100656
"WIDGEON RIVER, LLC",2020,6342.06,9,8,0.0,8.058823529411764,0.16927517298002048,False,0.14444060089690067,-0.7979566321516185
"WIDGEON RIVER, LLC",2021,8718.75,19,13,0.0,26.291666666666668,0.1273961872625658,False,0.4862132005863718,-0.6152508712679091
WILLIAM MANIS COMPANY,2016,129859.9,43,2,0.8968253968253969,2.3793103448275863,0.11708546351341464,False,0.3138198423245957,-0.6080215624288775
WILLIAMS DISPOSAL LLC,2019,720.0,1,1,10.0,377.0,-0.008739939286153131,True,-1.0432818179622403,4.199955211460721
WILLIS PRODUCE SALES LLC,2016,117674.95,40,2,0.39655172413793105,6.264150943396227,0.12138077282904874,False,0.27855132355528317,-0.6876483273084337
WILLIS PRODUCE SALES LLC,2017,32483.5,14,2,0.6666666666666666,4.315789473684211,0.16895512562663212,False,-0.07745582431712404,-0.7022541679027514
WILLIS PRODUCE SALES LLC,2018,82756.3,27,3,0.17857142857142858,3.2295081967213113,0.12470182926379486,False,0.15861821340561452,-0.7791414652060036
WILLIS PRODUCE SALES LLC,2019,57617.0,14,1,0.864406779661017,3.1481481481481484,0.15919374390216878,False,-0.125549041974766,-0.6698025204911754
WILLIS PRODUCE SALES LLC,2021,45306.7,15,2,0.6842105263157895,1.625,0.16556832265134414,False,-0.05986710153836865,-0.7162096849755785
WILLIS PRODUCE SALES LLC,2022,67075.8,10,2,0.40425531914893614,0.0,0.15249166049277296,False,-0.11695049913977126,-0.7905387969203507
WILLIS PRODUCE SALES LLC,2023,44814.95,9,2,0.44,0.0,0.163775377522571,False,-0.13240351268323158,-0.7889642244559345
WILSON READY MIX LLC,2019,544.0,1,1,0.0,0.0,0.19538623258454202,False,-0.27898161329927235,-0.9051613652549928
WINCHESTER EQUIPMENT CO,2017,4325.39,5,4,0.0,8.0,0.19030240249038105,False,-0.09632323062750849,-0.8216231639202036
WINCHESTER EQUIPMENT CO,2018,1895.0,1,1,0.0,46.0,0.19388822689981894,False,-0.34496446356950156,-0.5356245610924733
WINDSOR SATELLITE & ELECTRONICS,2017,375.0,1,1,1.0,32.0,0.20084705143276443,False,-0.347236597586231,-0.4404439146579331
WINSCHEL ENVIRONMENTAL LLC,2017,6272.1,1,2,1.0,33.0,0.19884219326465946,False,-0.30153255042241445,-0.4270314009141716
WOLTERS KLUWER HEALTH INC,2020,44157.0,1,1,6.0,5.0,0.14430756820539747,False,-0.4174055109237931,0.3907585968783375
WOMACK ELECTRIC & SUPPLY CO INC,2018,53.64,1,2,1.0,54.0,0.19532972809044336,False,-0.33204675313690407,-0.2596748870835069
WOMEN EDUCATION LEADERS IN VIRGINIA,2020,295.0,1,1,10.0,18.0,0.1254698538499801,False,-0.5277489941835067,1.3179526630569203
WOOTER APPAREL INC,2021,77800.0,1,1,7.0,21.0,0.12760895539862516,False,-0.46074589091931833,0.7336876818797872
WYTHEVILLE OFFICE SUPPLY INC,2016,3925.13,20,46,1.6744186046511629,81.49019607843137,0.04358983734934785,False,1.9272014317175392,0.3158556736282234
WYTHEVILLE OFFICE SUPPLY INC,2017,7016.32,46,55,1.5031446540880504,56.01538461538462,0.02845052129094261,False,2.7369045731196042,0.15272786459681678
WYTHEVILLE OFFICE SUPPLY INC,2018,4965.89,22,35,1.9861111111111112,5.129032258064516,0.08963836978665363,False,1.541911648062244,-0.2756669371457897
WYTHEVILLE OFFICE SUPPLY INC,2019,2746.39,15,28,1.423728813559322,15.763157894736842,0.11588650849552024,False,1.1177662509216466,-0.34753293073680214
WYTHEVILLE OFFICE SUPPLY INC,2021,1018.49,9,12,0.9375,21.266666666666666,0.16081162829892603,False,0.2914798794772244,-0.48120396586052355
YOUNGLOVE PRODUCE LLC,2016,84875.1,15,1,0.4,18.0,0.14991915009076046,False,-0.121583336046655,-0.6402730671202613
ZAIDE ANDRE DAVIS,2019,2500.0,1,1,5.0,42.0,0.18132237976404586,False,-0.4506371589398068,0.4717168271525432
ZOLL MEDICAL CORPORATION,2019,143.65,1,1,1.0,27.0,0.20334177982347512,False,-0.3400693898642581,-0.48062758737044003
1 ADVANCED ENTERPRISES LLC,2021,227.91,2,2,5.0,14.0,0.18799086462566056,False,-0.35037354956231637,0.2521954600983965
11400 INC,2019,5665.0,1,5,7.0,140.0,0.07969976666765827,False,-0.44856442510458056,1.691678151434463
1ST CHOICE SHREDDING,2020,890.05,2,1,5.5,174.0,0.10706631439674286,False,-0.6380578602160851,1.6364553085923723
2 PROCUREMENT LLC,2020,101.35000000000001,1,2,5.0,2.0,0.1803860428247488,False,-0.3465285957161457,0.15436405878154832
22ND CENTURY TECHNOLOGIES INC,2022,1612608.5243,59,4,4.7974683544303796,0.0,-0.07997943935351182,True,0.6229373817651502,0.507522513796792
3 G FOODSERVICE,2019,35.0,1,1,3.0,23.0,0.1994868792949147,False,-0.378911935362156,-0.09702634511498319
360 INTEGRATED SERVICESOLUTIONS360IS2LLC,2019,101.35,1,1,1.0,390.0,0.05950110452003371,False,-0.8613733553725426,2.4333935204390422
A & S SANITATION INC,2021,980.0,1,1,0.0,0.0,0.1951582703991998,False,-0.2789566343902623,-0.9050755668840348
A F DAULTON SUPPLY,2019,932.5,2,3,0.0,23.5,0.19511992101361603,False,-0.2057220462220353,-0.7065118369261902
A M DAVIS INC,2018,7349.860000000001,5,1,0.8333333333333334,10.4,0.19864142627018078,False,-0.25857873002496,-0.6412128072005021
A M DAVIS INC,2019,3521.8500000000004,4,1,7.333333333333333,7.666666666666667,0.14340865680211912,False,-0.41314086973245784,0.6857494708625784
A M DAVIS INC,2021,13312.81,10,1,0.7,1.3333333333333333,0.1731171011781586,False,-0.17533996793601406,-0.733164044578747
A M DAVIS INC,2022,18158.36,12,1,3.269230769230769,0.0,0.1665292944226882,False,-0.2036548036305718,-0.20590694038428473
A TEAM SOLUTIONS LLC,2017,143520.0,1,1,6.0,240.0,0.028731304220839693,False,-0.7491946123478076,2.296804652982605
A-ABLE PLUMBING INC.,2016,190.0,1,1,0.0,35.0,0.19504375678644592,False,-0.32926512842644434,-0.6242640021279161
A-ABLE PLUMBING INC.,2018,200.0,2,1,0.5,30.5,0.19070498586558393,False,-0.32056640808778064,-0.5549781363330225
AAM SUPPLY LLC,2016,1534.08,3,3,1.0,15.11111111111111,0.2023329757137362,False,-0.2025498024495261,-0.564394830223571
AB MANAGEMENT AND CONSULTING LLC,2020,2995.0,1,1,6.0,210.0,0.08884206504237635,False,-0.7141626686881027,2.0283225264321416
ABACUS OFFICE SOLUTIONS LLC,2016,3090.01,14,35,3.1449275362318843,13.404761904761905,0.09325070825582499,False,1.3970418124512993,0.01947804497498024
ABACUS OFFICE SOLUTIONS LLC,2017,1396.45,3,3,2.8,1.6,0.1931492115318772,False,-0.2232771047938658,-0.29872427894199516
ABACUS OFFICE SOLUTIONS LLC,2018,334.2,1,7,3.0,42.0,0.17442438338401417,False,-0.125366819336946,0.08090402230430845
ABACUS OFFICE SOLUTIONS LLC,2021,0.83,1,1,0.0,6.0,0.19731966044366267,False,-0.2876292865076728,-0.8571024773690167
ABATEMENT TECHNOLOGIES INC,2020,25372.790399999998,1,2,0.0,41.0,0.17594331700095878,False,-0.28963664532611577,-0.5669182024468985
ABC SUPPLY CO INC,2017,69803.84,1,1,0.0,58.0,0.1514192990313291,False,-0.35830700190520914,-0.4259295512656526
ABC SUPPLY CO INC,2019,3974.16,2,1,0.0,69.0,0.1814443244304499,False,-0.3644945672883831,-0.34910499471117057
ABILIS CORP,2017,2467534.5,11,1,6.0,35.0,-0.07337512730249818,True,-0.1878413369193234,1.1232218807012238
ABILIS CORP,2018,470880.0,6,4,4.333333333333333,39.0,0.049330906008277886,False,-0.19732327133100389,0.421274493348821
ABILITY2ACCESS,2021,768.0,1,1,1.0,11.0,0.20503139004987014,False,-0.3170561417416543,-0.608946793117218
ABINGDON MOTOR PARTS CO,2017,141.98,1,1,4.0,7.0,0.19270746726423277,False,-0.3782186731395892,-0.017580791584645428
ACCESS OFFICE PRODUCTS LLC,2016,5554.58,23,37,3.2054794520547945,98.5609756097561,0.030657584794674175,False,1.487573810437425,0.7378756169710589
ACCESS OFFICE PRODUCTS LLC,2017,6124.23,28,48,2.2583333333333333,13.536585365853659,0.05997677741778662,False,2.212551234234185,-0.08759321775258692
ACCESS OFFICE PRODUCTS LLC,2018,21482.56,58,60,2.3955555555555557,71.1625,-0.00405142364168376,True,3.0906708476964817,0.5014938747650954
ACCESS OFFICE PRODUCTS LLC,2019,17090.83,57,59,1.5899581589958158,30.08888888888889,0.026718958947126614,False,3.107178593105108,-0.002250211007969146
ACCESS OFFICE PRODUCTS LLC,2020,1339.49,10,18,1.5925925925925926,10.0,0.15441039571725673,False,0.5872706386833457,-0.40859209332320984
ACCESS OFFICE PRODUCTS LLC,2021,4609.59,23,24,2.617021276595745,19.060606060606062,0.11086145962013016,False,1.0063767347947798,-0.0777481084463308
ACCESS OFFICE PRODUCTS LLC,2022,26878.36,74,61,1.7784615384615385,1.0,0.00014959185565799338,False,3.4663918067049284,-0.1611325305866282
ACCRUENT,2021,105000.0,1,1,3.0,17.0,0.16648911150598944,False,-0.3642818231853156,-0.12453655661011881
ACCRUENT LLC,2016,75498.25,1,1,8.0,39.0,0.10075107950157197,False,-0.5090177691134521,1.0855986286824677
ACCRUENT LLC,2018,73490.31,1,4,2.0,7.0,0.161648039640727,False,-0.189028912888749,-0.4062067955354554
ACCRUENT LLC,2019,127050.0,1,1,25.0,8.0,-0.05152347010088354,True,-0.8404813180999917,4.380618436065477
ACTION MAINTENANCE SUPPLY CO INC,2016,1481.76,3,7,1.1,68.0,0.17218652240088644,False,-0.09352601249369044,-0.10214838700345585
ACTION MAINTENANCE SUPPLY CO INC,2019,217.63,2,3,4.571428571428571,29.0,0.1845401494664876,False,-0.31556023109522763,0.28774662572368587
ACTION MAINTENANCE SUPPLY CO INC,2020,294.16,1,1,5.0,41.0,0.1830624515245986,False,-0.44932744148378606,0.46325512107800354
ACTION MAINTENANCE SUPPLY CO INC,2021,325.98,1,1,1.0,54.0,0.19701724763249484,False,-0.3788334388490521,-0.2638457167180326
ADANI SYSTEMS INC,2021,330500.0,1,1,5.0,282.0,-0.002890967428902269,True,-0.7765078626987606,2.4628934199314747
ADVANTAGE SUPPLY CENTER INC,2016,2645.84,8,9,1.4375,6.0,0.18285969317347156,False,0.14856451419617026,-0.5136537939217568
ADVANTAGE SUPPLY CENTER INC,2017,2455.16,6,6,0.14285714285714285,14.0,0.18423610170186827,False,-0.0012457866094128926,-0.7342064086079679
ADVANTAGE SUPPLY CENTER INC,2018,15838.67,27,25,1.336283185840708,36.239583333333336,0.10313957831972737,False,1.1112234615614676,-0.19373036308130287
ADVANTAGE SUPPLY CENTER INC,2019,13144.1,35,31,2.1744186046511627,17.514705882352942,0.0875278019298874,False,1.5071383771503175,-0.13321056415904212
ADVANTAGE SUPPLY CENTER INC,2020,1529.44,7,7,0.18181818181818182,31.75,0.17714496017221154,False,0.032525275332361714,-0.5781000924025477
ADVANTAGE SUPPLY CENTER INC,2021,277.93,2,2,1.0,6.0,0.20263063616355315,False,-0.24972056377818222,-0.6434820112703071
ADVERTISING PROMOTIONS AND DESIGN,2016,3201.2000000000003,2,4,3.875,41.0,0.17833933801906304,False,-0.27029648635080783,0.24412550346388195
AIR WATER & SOIL LABORATORIES INC,2019,1788.25,3,5,3.4444444444444446,48.0,0.18369907078595304,False,-0.21064965803681618,0.2162421210450106
AIR WATER & SOIL LABORATORIES INC,2021,235.8,2,2,4.666666666666667,1.0,0.1804802434229516,False,-0.32427378123158324,0.07854897529188717
AIRGAS USA LLC-NORTH DIV,2021,91.16,1,1,4.0,13.0,0.19558979356019268,False,-0.38683813908686315,0.030574983521378305
AIRGAS USA LLC-SOUTH DIV,2017,144.3,1,1,0.0,1.0,0.19447743889641989,False,-0.2804406049447019,-0.897212391032436
AIRGAS USA LLC-SOUTH DIV,2018,2495.28,8,3,0.7,7.3,0.18809128985338847,False,-0.11768563225669577,-0.6818956320410352
AIRGAS USA LLC-SOUTH DIV,2019,472.46999999999997,6,2,0.0,10.363636363636363,0.19302863513393953,False,-0.18016204128546714,-0.8103808648139298
AIRGAS USA LLC-SOUTH DIV,2021,1313.81,3,3,0.5,9.333333333333334,0.18920460972884162,False,-0.1831198265768614,-0.7147533192566218
AIRGAS USA LLC-SOUTH DIV,2022,4128.57,7,4,0.3125,0.0,0.18468885498340665,False,-0.06504969186754962,-0.8179747369396777
AIRTEC INC,2016,539.84,2,3,0.0,66.8,0.17498931494043707,False,-0.2679273431626763,-0.35899275842021044
AIRTEC INC,2019,404.04,1,2,0.0,29.0,0.19552156631870987,False,-0.2738340230660855,-0.6681632358139687
ALAMO CITY ENGINEERING SERVICES,2021,259647.25,1,1,7.0,41.0,0.06824358716464746,False,-0.4790495144010356,0.9300251250248299
ALLEGHANY HIGHLANDS CSB,2018,40390.0,2,1,2.5,1.0,0.17913822885656044,False,-0.3204798443145394,-0.36815126084551264
ALLEGHANY HIGHLANDS CSB,2019,33000.0,1,1,3.0,306.0,0.07305679187384395,False,-0.7834374849496978,2.1812797695229276
ALLEGHANY HIGHLANDS CSB,2022,36160.0,2,1,5.0,0.0,0.16428709091135452,False,-0.3750119562028211,0.14265513339979677
ALLEN BUSINESS COMMUNICATIONS INC,2020,33.0,1,1,0.0,52.0,0.19242402116863117,False,-0.3536876939672822,-0.48782519950367637
ALLIANCE BEAUTY SUPPLY LLC,2017,584.03,2,2,0.3333333333333333,7.0,0.1966102699756282,False,-0.2362788892382439,-0.7739718593912857
ALLIANCE BEAUTY SUPPLY LLC,2018,888.23,3,2,0.0,22.952380952380953,0.1956249013221414,False,-0.2383595350830321,-0.7136661087361725
ALLSORTS PROMOTIONAL PRODUCTS,2018,2580.4,6,6,2.4285714285714284,28.0,0.1909093786106415,False,-0.0722932656038019,-0.14667136446158713
AMAZING SOUTHERN GRACES CATERING,2019,1147.0,2,2,6.0,76.0,0.14214745118762562,False,-0.4616489680767357,0.9579559094262987
"AMERICAN BOILER, INC.",2019,5568.860000000001,4,1,1.0,11.421052631578947,0.2031298566577534,False,-0.2772430531184647,-0.6001971660937907
AMERICAN CORRECTIONAL ASSOCIATION,2017,26075.6,6,4,2.875,45.0,0.17813601636146148,False,-0.19891639486263235,0.07877057401896088
AMERICAN CORRECTIONAL ASSOCIATION,2019,36.5,1,2,1.0,5.0,0.20169572408885295,False,-0.26167920738502354,-0.6530320951328007
AMERICAN COUNCIL ON EDUCATION,2021,2100.0,1,1,1.0,34.0,0.20002336503697127,False,-0.35000995528556433,-0.42404920151638587
AMERICAN HARDWARE & HOME INC,2017,13291.53,4,3,2.2758620689655173,38.75,0.1880187739672608,False,-0.2508823359681083,-0.10563288377395862
AMERICAN LOCK & KEY CO INC,2020,496.0,1,1,0.0,17.0,0.19989945368413553,False,-0.3033979341128577,-0.7687011130380133
AMERICAN PUBLIC SAFETY LLC,2021,1515.48,6,4,1.6923076923076923,18.0,0.19678717167947696,False,-0.13518635586740055,-0.3886506796838456
AMERICAN TANK CLEANING INC,2017,1750.0,1,1,0.0,2.0,0.19617716631019888,False,-0.2817847050669,-0.8888687836605257
AMERICAN WELDING & CONSTRUCTION SUPPLY,2018,4631.599999999999,4,4,0.7272727272727273,25.545454545454547,0.1941054390794224,False,-0.15109464587991855,-0.5310137589037296
AMERICAN WELDING & CONSTRUCTION SUPPLY,2019,25.98,1,1,0.0,15.0,0.2008688257070556,False,-0.30055267725932816,-0.784848864620881
AMERICAN WELDING & CONSTRUCTION SUPPLY,2021,157.41,1,1,0.0,1.0,0.19447743889641989,False,-0.2804398538586993,-0.8972098111777496
AMERIGAS PROPANE,2017,176.99,1,1,5.0,7.0,0.18580905315028495,False,-0.40050701259522475,0.19029266793134522
AMERIGAS PROPANE,2018,268.42112,2,1,1.6666666666666667,3.0,0.1992631913356,False,-0.3070753498525812,-0.5332134790985859
AMTEK COMPANY,2017,121952.0,7,1,4.074074074074074,46.73684210526316,0.14381594657545332,False,-0.34967153444008636,0.34962945369496323
ANCHORAGE PHOTO & VIDEO,2018,832.12,2,1,1.2857142857142858,20.428571428571427,0.20331329572593432,False,-0.3235805338694457,-0.4723797057958758
ANCHORAGE PHOTO & VIDEO,2019,449.20000000000005,1,1,0.0,19.0,0.19989945368413553,False,-0.30627280014013647,-0.752655064010371
ANCHORAGE PHOTO & VIDEO,2020,444.95,1,2,2.0,17.0,0.20214851678917511,False,-0.3011792608909582,-0.34875359666605943
ANCHORAGE PHOTO & VIDEO,2022,579.98,2,3,1.0,3.0,0.19826382250671265,False,-0.1985926934376532,-0.6632810380197834
"ANDERSON TIRE COMPANY, INC.",2019,471.5,2,2,1.5,1.0,0.1987258786263617,False,-0.2536741845404164,-0.5796487809603608
AP THINGS LLC,2016,51.95,1,2,2.0,6.0,0.20112861605624094,False,-0.28540475985656777,-0.43713485544761166
APEX INDUSTRIAL SUPPLY COMPANY,2016,855.46,2,2,0.0,14.0,0.19800965818462113,False,-0.23888587046677218,-0.7870138976363034
APEX INDUSTRIAL SUPPLY COMPANY,2018,2464.844,8,5,0.8421052631578947,27.571428571428573,0.19103874052031544,False,-0.05636201917188507,-0.48118232976953323
APEX INDUSTRIAL SUPPLY COMPANY,2019,3330.5950000000003,11,15,0.29411764705882354,47.69565217391305,0.13500524105026662,False,0.4351677654619353,-0.386701406693164
APEX INDUSTRIAL SUPPLY COMPANY,2020,2741.91,2,2,2.0,119.0,0.16826651468803794,False,-0.43414818640849967,0.47199154335698795
APEX INDUSTRIAL SUPPLY COMPANY,2021,8068.8171999999995,8,6,0.2727272727272727,56.8,0.16868635352055522,False,-0.03852197055364634,-0.3595736422182755
APPLEWOOD LLC DBA VIRGINIA POLYGRAPH,2018,8900.0,3,2,0.6666666666666666,3.0,0.19157838745242461,False,-0.22410729960865572,-0.7336821148758077
APPLEWOOD LLC DBA VIRGINIA POLYGRAPH,2021,4625.0,5,1,4.8,46.0,0.1761425889525055,False,-0.3982780990709521,0.4685719777994963
"AQUA-AEROBIC SYSTEMS, INC.",2021,2765.3,1,2,2.0,14.0,0.20176676947257993,False,-0.29673804833602835,-0.37237987386713256
ARAMARK CORP,2016,88.62,1,1,3.0,45.0,0.1923409563192719,False,-0.4105028962689661,0.07959205086343818
ARC WELDERS INC,2020,1546.0401,2,2,0.6666666666666666,35.333333333333336,0.19113960832618593,False,-0.28434317445342056,-0.47704419678553384
ARC3 GASES,2018,565.0,1,2,7.0,8.0,0.156927750839656,False,-0.39969927755609114,0.6183542141259114
ARC3 GASES,2019,2882.5,3,3,1.5,14.666666666666666,0.20324861399041816,False,-0.21297945933532805,-0.4637640312580524
ARCH ROANOKE,2020,3000.0,1,1,1.0,190.0,0.13831604341313647,False,-0.5739888081023883,0.8284380742617364
ARCHITECTURAL PRODUCTS OF VIRGINIA,2016,29.099999999999998,1,1,0.0,51.0,0.19242402116863117,False,-0.35225182500000973,-0.49585359625494496
ARCHITECTURAL PRODUCTS OF VIRGINIA,2018,1902.7,3,1,0.8,202.0,0.11985828278308042,False,-0.5600649049363396,0.8859302686739046
ARCHITECTURAL PRODUCTS OF VIRGINIA,2019,1637.4439,3,3,1.5,53.0,0.19638819501379357,False,-0.2681009986998804,-0.15628325053645856
ARCHITECTURAL PRODUCTS OF VIRGINIA,2021,1698.54,1,2,1.0,55.0,0.195267465908383,False,-0.3333886074489342,-0.2513235657296204
ARMOR CORRECTIONAL HEALTH SERVICES INC,2021,2889275.0300000003,10,5,9.071428571428571,42.0,-0.10268840257748468,True,-0.06836696903595613,1.9162776694007144
ARMY NAVY STORE,2018,522.4000000000001,1,2,6.0,5.0,0.1635268754077011,False,-0.37310309573231687,0.3863963731435106
ARROW SAFETY DEVICE COMPANY,2019,2002.28,22,7,7.2444444444444445,50.54545454545455,0.0797630642004788,False,0.04884554121753225,1.0630839644457062
ASHLEY'S U.S. LOCK & SECURITY,2018,3295.98,2,2,2.75,155.5,0.14631898505245655,False,-0.5032515747443993,0.9210089727514462
ASHLEY'S U.S. LOCK & SECURITY,2021,154.75,1,1,0.0,9.0,0.19957835330310958,False,-0.2919287454727024,-0.8329893003163173
ASSOCIATES POLYGRAPH & DIAGNOSTICS,2017,55073.5,9,2,1.2,53.333333333333336,0.17026663188114372,False,-0.22534804648108112,-0.2008266710999441
ASSOCIATES POLYGRAPH & DIAGNOSTICS,2020,13492.0,3,2,3.6666666666666665,0.0,0.18066478675037467,False,-0.28640697743017535,-0.1332616546608263
ASSOCIATES POLYGRAPH & DIAGNOSTICS,2022,111037.0,12,2,3.4615384615384617,1.0,0.1527210400007199,False,-0.15725409532240053,-0.1354034017587414
ASSOCIATES POLYGRAPH & DIAGNOSTICS,2023,3230.0,1,1,5.0,0.0,0.18133092273880358,False,-0.39027945555089366,0.13470005025972173
ATLANTIC CONSTRUCTORS INC,2021,489.5,2,2,1.0,101.0,0.1744289883649069,False,-0.3861372209397273,0.11918440501972065
ATLANTIC ELECTRICAL SUPPLY CORP,2018,9163.894,19,14,0.0,10.0,0.12891966337420935,False,0.5564373304522222,-0.7417223118581625
ATLANTIC ELECTRICAL SUPPLY CORP,2019,829.142,3,3,0.0,23.0,0.1935411454010495,False,-0.19162901728690487,-0.7090710461911861
ATLANTIC ELECTRICAL SUPPLY CORP,2021,2691.04,3,4,0.0,0.0,0.18439791963188484,False,-0.11168993352715535,-0.8891157036305403
ATLANTIC FENCE SUPPLY,2017,66040.32,7,5,0.26666666666666666,28.82758620689655,0.16121079768622476,False,-0.055077849457973095,-0.5796770377646935
ATLANTIC FENCE SUPPLY,2018,15871.04,4,2,0.0,14.0,0.18945905176626698,False,-0.21126380328634353,-0.7811091634852397
ATLANTIC FENCE SUPPLY,2020,559.52,1,1,0.0,7.0,0.19887983268118198,False,-0.2890333709590514,-0.8489649061264096
ATLANTIC GREEN LLC,2018,3785.0,2,2,5.5,8.0,0.17135590906350373,False,-0.35269837824310646,0.308662952258748
ATLANTIC GREEN LLC,2022,18592.64,13,3,6.45,0.0,0.10924910089698397,False,-0.1675448865167987,0.4652778986530703
ATLANTIC LIFT SYSTEMS INC,2022,6369.15,4,4,0.0,0.0,0.18450808977177718,False,-0.09809830642377104,-0.8869169611084229
ATLANTIC MERCHANDISING SERVICE LLC,2018,129.0,1,1,0.0,5.0,0.1988253337695502,False,-0.2861858511080311,-0.8651048846917248
"ATLANTIC SOURCE, INC.",2020,0.0,1,1,0.0,1.0,0.19295212860724292,False,-0.28044887204692703,-0.8972407871446587
ATLANTIC TACTICAL INC,2021,178.22000000000003,1,1,0.0,31.0,0.19703854967389517,False,-0.3235214337054453,-0.6563768374133186
ATRIUM CONSTRUCTION  LLC,2018,16400.0,2,4,13.0,30.0,0.05575474088788018,False,-0.45714269657135637,2.0552013623404117
ATTRONICA COMPUTERS INC,2019,60421.75,18,11,3.3,11.736842105263158,0.13114672711296793,False,0.32953377387999155,-0.04588132695637559
ATTRONICA COMPUTERS INC,2020,22906.3,12,7,2.7777777777777777,13.0,0.17269658256449305,False,0.0697163967466237,-0.17742354994573037
ATTRONICA COMPUTERS INC,2021,34603.0,11,4,2.9444444444444446,19.166666666666668,0.17210580010967697,False,-0.09597221672870972,-0.1051218806699745
ATTRONICA COMPUTERS INC,2022,127356.5,45,15,1.9056603773584906,18.0,0.08581518780669584,False,0.903947943306298,-0.21554664456500527
AUGUSTA COUNTY SERVICE AUTHORITY,2022,29150.55,5,2,14.8,0.0,0.03535352164422667,False,-0.5069139172137828,2.1870174198870878
AUSTIN INDUSTRIAL SERVICES LLC,2019,9373.0,2,1,2.6666666666666665,147.0,0.14739031576446332,False,-0.5356413899061956,0.8324233554213355
B & G HARDWARE LLC,2016,9449.35,17,15,2.5135135135135136,20.92,0.14869118937647535,False,0.5047849514906995,-0.13025446091769152
B & G HARDWARE LLC,2017,7567.34,24,22,0.9166666666666666,29.272727272727273,0.10440489269764491,False,0.9495584565309131,-0.35560772372750904
B & G HARDWARE LLC,2018,7827.11,21,22,1.7755102040816326,168.47368421052633,0.038256755262127184,False,0.6903812707486628,0.9359971003326971
B & G HARDWARE LLC,2019,30188.29,28,19,3.7974683544303796,46.3,0.09157272232175934,False,0.7753043857804659,0.37758125724586994
B & G HARDWARE LLC,2020,9297.95,9,8,1.1666666666666667,156.0,0.10929889139140436,False,-0.09385265527909181,0.6327529630738419
B & G HARDWARE LLC,2021,28107.100000000002,6,6,4.4375,51.6,0.1494199843348582,False,-0.1495023055715041,0.46539305655620755
B & G HARDWARE LLC,2022,90698.37961999999,43,27,3.3902439024390243,14.0,0.06703865157950367,False,1.4093659024044103,0.10146752221350049
B W WILSON PAPER CO INC,2016,24985.37,29,10,2.25,126.5,0.08704232524859984,False,0.28648560700184184,0.6621614746841697
B W WILSON PAPER CO INC,2017,16175.47,5,1,0.8,3.0,0.18952742704816639,False,-0.24670300604878415,-0.7058093996963758
B W WILSON PAPER CO INC,2018,24862.21,22,9,2.0344827586206895,119.6,0.10724509679748317,False,0.16072292438236455,0.5473987316656336
B W WILSON PAPER CO INC,2019,24256.94,26,10,2.7142857142857144,12.444444444444445,0.14564979799233396,False,0.39974638973105286,-0.16149294309495776
B W WILSON PAPER CO INC,2020,18028.079999999998,10,6,2.5833333333333335,11.5,0.17816686441825785,False,0.002361193857499958,-0.23801776692794877
B W WILSON PAPER CO INC,2021,24242.399999999998,6,2,2.1666666666666665,25.333333333333332,0.19020201556465133,False,-0.24859385248003668,-0.23515454677913167
B W WILSON PAPER CO INC,2022,82601.67,90,14,2.3515625,13.571428571428571,0.04596241133841167,False,1.453142818245158,-0.1050684302588544
BALL OFFICE PRODUCTS,2018,1806.06,8,7,1.1428571428571428,7.090909090909091,0.1865179007411369,False,0.05991287031315806,-0.5747568808428762
BALL OFFICE PRODUCTS,2019,309.08,1,1,4.0,1.0,0.18800266566664953,False,-0.3695925453860316,-0.06571368450127722
BARBEE FABRICS OF DANVILLE INC,2017,506.83,2,3,0.8571428571428571,44.142857142857146,0.19233676721383536,False,-0.25449749380762815,-0.3627110521321059
BARROW FENCE COMPANY,2018,75.0,1,1,1.0,53.0,0.19701724763249484,False,-0.3774117253607664,-0.2719227351699806
BATEMAN PRODUCE FARMS INC,2016,3037.5,2,1,0.0,8.0,0.19605057949411692,False,-0.27694659299682817,-0.838974702202987
BATEMAN PRODUCE FARMS INC,2017,3948.75,3,1,0.0,7.666666666666667,0.19669904955764023,False,-0.263034784811697,-0.839996313359699
BATEMAN PRODUCE FARMS INC,2018,5902.0,4,1,0.0,4.75,0.19610542298492856,False,-0.2453533739526331,-0.8615509166105715
BATEMAN PRODUCE FARMS INC,2019,2700.0,2,1,0.0,7.0,0.19687058911922223,False,-0.27552983633241285,-0.8470687465151533
BATEMAN PRODUCE FARMS INC,2020,2160.0,1,1,0.0,7.0,0.19667219798127572,False,-0.288941677738197,-0.8486499552623038
BATEMAN PRODUCE FARMS INC,2021,9424.0,5,2,0.2,2.0,0.18864614575017646,False,-0.1854772171318238,-0.8356611386350873
BATTARBEES CATERING,2019,518.0,1,1,0.0,14.0,0.2009229905580583,False,-0.299088396501789,-0.7927796716287426
BATTERIES PLUS BULBS 218,2016,431.65999999999997,2,3,0.3333333333333333,19.0,0.19213703902862944,False,-0.20671843914535526,-0.6734458699644649
BAY DIESEL CORPORATION,2019,4828.0,1,1,5.0,20.0,0.1873576234460841,False,-0.4189097524612614,0.29556709887191995
BEE LINE TRANSPORT INC,2022,2500.0,1,1,0.0,12.0,0.19855743847053053,False,-0.29610266078479375,-0.8084449018318965
BELTWAY SUPPLY INC,2016,2780.94,5,5,1.875,15.0,0.1960325777109112,False,-0.1014564695633256,-0.37175944288390056
BELTWAY SUPPLY INC,2018,206.76,2,3,0.3333333333333333,15.0,0.19308369417318616,False,-0.2009869542984119,-0.7056006441233044
BELTWAY SUPPLY INC,2019,704.25,1,1,0.0,3.0,0.19853431987181985,False,-0.28328070961179286,-0.8810469425516319
BENTON THOMAS OFFICE PRODUCTS,2019,1393.65,5,5,0.75,42.0,0.18490365694092226,False,-0.1152338053981566,-0.3891363416249052
BERRY HOME CENTERS INC,2019,1004.88,3,3,0.6,0.0,0.18849440314592641,False,-0.1719630309408018,-0.7689519951474457
BEST BUY GOV LLC,2016,65.76,1,1,6.0,6.0,0.16725852225827476,False,-0.42136763789530485,0.39010972028294316
BEST INK STORE INC,2016,8779.29,13,3,3.261904761904762,130.4,0.12162342215751848,False,-0.2843098097371661,0.8474512131513698
BEST INK STORE INC,2017,689.5999999999999,2,2,2.0,60.0,0.19181389605405436,False,-0.34953631371049726,-0.0020424490264475703
BEST INK STORE INC,2018,8438.83,11,3,3.2666666666666666,10.142857142857142,0.17976735858665682,False,-0.13849689880801422,-0.11995559515053521
BEST INK STORE INC,2019,18405.72,20,5,4.947368421052632,12.272727272727273,0.13743915073474405,False,0.035584717170616655,0.27018860530456845
BEST INK STORE INC,2021,748.05,2,1,1.3333333333333333,15.0,0.20380532776964633,False,-0.31685086515565103,-0.5060764004301375
"BEST PROMOTIONAL PRODUCTS & APPAREL, LLC",2018,895.5,2,3,3.3333333333333335,48.333333333333336,0.1905652267914516,False,-0.3156882780404395,0.18572224290477152
BEVELLS HARDWARE INC,2019,5350.74,3,3,0.9333333333333333,34.25,0.19721304429505893,False,-0.228330331803096,-0.42386163415270817
BFI WASTE SERVICES LLC,2022,20175.48,8,2,3.2222222222222223,0.0,0.18139043439835123,False,-0.20921273245089347,-0.21695686305028838
BH MEDIA GROUP INC,2018,200.55,2,1,1.0,46.0,0.1968318578349315,False,-0.3539709814240368,-0.3266164890929865
BLUE RIDGE BEHAVIORAL HEALTHCARE,2018,221150.0,2,1,5.5,41.0,0.09994605493446157,False,-0.4344386412162669,0.6121245234998021
BLUE RIDGE BEHAVIORAL HEALTHCARE,2020,311076.0,2,1,6.0,1.0,0.06111130981240831,False,-0.3829881604512443,0.4126487477761202
BLUE RIDGE SAFETY AND HEALTH,2019,2827.5,2,2,4.5,12.5,0.18923150212303247,False,-0.33692530504300844,0.1367322921128359
"BOB BARKER COMPANY, INC.",2016,6090.42,19,13,1.0666666666666667,39.333333333333336,0.13675998873306094,False,0.4435572140872217,-0.28935008114620675
"BOB BARKER COMPANY, INC.",2017,6124.36,9,10,0.9642857142857143,46.166666666666664,0.1661091446405369,False,0.16181205989481456,-0.28319222634883046
"BOB BARKER COMPANY, INC.",2018,4507.24,16,13,1.2432432432432432,8.433333333333334,0.15724322082975772,False,0.44376310171454364,-0.5054358394511141
"BOB BARKER COMPANY, INC.",2019,10349.89,24,17,2.1343283582089554,40.11764705882353,0.11868970987399763,False,0.6729900236238974,-0.036012114542496435
"BOB BARKER COMPANY, INC.",2020,75557.99,5,5,0.42857142857142855,145.0,0.10683414243888079,False,-0.25173761421482305,0.3854896689765044
"BOB BARKER COMPANY, INC.",2021,650.4000000000001,4,3,3.588235294117647,54.666666666666664,0.18510777871740758,False,-0.30371761621775956,0.29245114871147937
"BOB BARKER COMPANY, INC.",2022,14989.68,24,15,1.9021739130434783,6.0,0.13540575588018916,False,0.6338221619141217,-0.3656888875832863
BOOKEND CREATIVE LLC,2021,25925.260000000002,7,2,3.857142857142857,12.0,0.17635616729611364,False,-0.2536499345613704,0.011009990269816007
BOXWOOD SALES LLC,2017,17626.85762,1,1,0.0,19.0,0.18858587386144388,False,-0.3052886736568867,-0.749274754284081
BOXWOOD SALES LLC,2018,1786.58,1,1,0.0,21.0,0.19938337042168175,False,-0.30906836500623713,-0.7363366287691693
BOXWOOD SALES LLC,2022,97.0,2,1,1.0,0.0,0.19855088577117108,False,-0.28791666340141164,-0.6959078134897926
BREATHE 4 ME CPR LLC,2020,3590.0,4,4,0.0,0.5,0.1849347349223866,False,-0.09897557311806786,-0.8834500422040502
BRICKFLATS STORAGE,2019,0.0,1,1,0.0,0.0,0.19380970795554786,False,-0.27901277964445925,-0.9052684164334351
BROAD SERVICES LLC,2017,4227.22,2,4,0.0,8.538461538461538,0.18882618359115055,False,-0.13724484809151669,-0.8217447468407814
BROAD SERVICES LLC,2021,8275.960000000001,13,22,3.4857142857142858,7.304347826086956,0.12085821915537764,False,0.7766927721715133,-0.014027558937148537
BROCKLYN LLC,2018,3577.8794999999996,1,1,2.0,3.0,0.20211986354974348,False,-0.3276967667189349,-0.4647483145107033
BROWN MOTOR PARTS INC,2019,148.05,2,2,0.0,5.0,0.1971212448273329,False,-0.2260015671244315,-0.8594017690921676
BRUNER DETENTION & SECURITY LLC,2016,72817.0,5,3,1.4,100.0,0.1455439238792277,False,-0.30252854530682355,0.21718564551065894
BRUNER DETENTION & SECURITY LLC,2017,65614.0,4,3,3.0,56.0,0.16154229772294765,False,-0.2887986037874064,0.1936640800094614
BRUNER DETENTION & SECURITY LLC,2018,100275.0,2,3,0.6666666666666666,40.0,0.16023531476345915,False,-0.2385863623180362,-0.4159291011410774
BUENA VISTA HARDWARE AND HOME CENTER LL,2018,576.3019999999999,1,1,0.0,56.0,0.19230884633263556,False,-0.3594009372211369,-0.4556077685262369
"BUFORD SATELLITE SYSTEMS,LP",2018,37042.44,2,1,2.5,469.0,-0.012567919918596626,True,-0.9927628739828395,3.388120495855211
"BUFORD SATELLITE SYSTEMS,LP",2021,187373.78999999998,3,3,5.666666666666667,322.0,-0.010125499618929279,True,-0.7366452582977638,2.9058099108805844
"BUFORD SATELLITE SYSTEMS,LP",2022,93861.88,6,2,4.0,0.0,0.15688787563938267,False,-0.24908990294755476,-0.04373235655445716
BUSINESS SERVICES,2020,1489.98,1,1,1.0,14.0,0.20569556982553816,False,-0.32132305593821553,-0.584721830232853
BUY RIGHT SERVICES INC,2016,2468.78,4,4,5.8,27.0,0.1579340599021597,False,-0.26638025993731,0.5346876007580188
Balsamiq,2016,356.0,1,1,4.0,1.0,0.18800266566664953,False,-0.36958985728875904,-0.0657044513371367
"C & C CLEANING SERVICE, INC",2018,670.0,2,1,6.0,427.0,0.007345228159922779,False,-1.0125470175497266,3.771335501089607
C & H DISTRIBUTORS LLC,2016,5.0,1,1,1.0,1.0,0.19784368861389884,False,-0.30273893080774483,-0.6893732331541551
C AND D SALES INC,2017,1098.24,2,1,1.0,24.5,0.20332159832291552,False,-0.3230435651452256,-0.49903386664657107
C AND D SALES INC,2018,978.51,2,1,8.333333333333334,18.666666666666668,0.1433213659727673,False,-0.47813575051009854,0.978469581874742
C AND D SALES INC,2019,2724.06,6,5,3.2,55.05,0.17928481712139105,False,-0.17512903218510428,0.2266340670311413
C AND D SALES INC,2021,123.84,1,1,6.0,34.0,0.16782659840551517,False,-0.4615748976987238,0.6148947696562563
C&L MACHINE & WELDING INC,2021,39016.04,2,2,3.0,2.0,0.18408695939981062,False,-0.28633753660778233,-0.2522362994621462
CALHOUN ENTERPRISES INC,2017,1550.0,1,1,0.0,2.0,0.19617716631019888,False,-0.28179616328204227,-0.8889081407114235
CALHOUN ENTERPRISES INC,2018,1200.0,1,1,0.0,3.0,0.19853431987181985,False,-0.283252307561009,-0.8809493862617188
CALSAK PLASTICS,2020,34380.0,1,1,0.0,33.0,0.16808422605144951,False,-0.3244341617429403,-0.6335911728544623
CAMCOR INC,2018,563.8299999999999,1,1,3.0,3.0,0.19631033841955242,False,-0.3501597900732332,-0.25747486494437444
CANADA CONTRACTING COMPANY INC,2017,1325.0,3,2,0.0,6.0,0.1951299421349333,False,-0.21398932657044092,-0.8496675886883935
CANN ENTERPRISES INC,2018,539.5,2,3,1.0,101.0,0.1713346050773235,False,-0.3393320680222343,0.12341866641317877
CANON SOLUTIONS AMERICA INC,2019,16874.16,3,3,5.25,123.0,0.11667124613706298,False,-0.45134333357768064,1.1881487984740664
CAPITAL CHEVROLET BUICK GMC,2016,193.18,1,1,0.0,0.0,0.19533116246191395,False,-0.2790017121544534,-0.9052304014579725
CAPITAL JANITORIAL SUPPLY & SERVICE LLC,2018,1872.08,1,1,0.0,37.0,0.19382162921914314,False,-0.33204094505874726,-0.6078777350094916
CAPITAL JANITORIAL SUPPLY & SERVICE LLC,2019,66.61,1,1,6.0,18.0,0.17124581788885485,False,-0.43860069802750307,0.4864414390157234
CAPITAL OFFICE SYSTEMS INC,2016,12618.15,18,14,2.902439024390244,20.333333333333332,0.14571792381467702,False,0.4637183349545592,-0.056245295783929214
CAPITAL OFFICE SYSTEMS INC,2017,31484.44,5,3,0.1111111111111111,50.57142857142857,0.16354869056132565,False,-0.20518275795906696,-0.4556591530572514
CAPITAL OFFICE SYSTEMS INC,2018,5998.25,9,7,1.5454545454545454,28.42105263157895,0.19204842508376269,False,0.03392785744340216,-0.3175399487415591
CAPITAL OFFICE SYSTEMS INC,2019,41614.41,17,10,1.325,76.14285714285714,0.1294018709671203,False,0.2198035314847939,0.05120943582728013
CAPITAL OUTDOOR INC,2021,3100.0,1,1,3.0,71.0,0.1755088450738717,False,-0.4476687735335513,0.28890300755128395
CAPITAL WASTE PORTABLE TOILETS INC,2018,1850.0,2,3,0.0,1.0,0.18828610861270278,False,-0.1733574026045466,-0.8869529454526596
CAPITAL WASTE SERVICES INC.,2019,2425.0,1,1,0.0,211.0,0.11786865536914226,False,-0.5818893457065479,0.7890385677404738
CARDIO PARTNERS INC,2021,242.93,2,1,1.25,68.0,0.18551530650236164,False,-0.39113517258658703,-0.09803366246476795
CARLTON GROUP INC,2021,315.0,1,1,14.0,125.0,0.02506703633924201,False,-0.7705711162908236,3.008379212917983
CAROLINA REFRIGERANTS INC,2021,945.0,1,1,0.0,11.0,0.20043140766130374,False,-0.29475565600505704,-0.8167785321914044
CAROUSEL INDUSTRIES,2016,28197.46,2,1,0.8571428571428571,21.0,0.185155198987485,False,-0.3132803632409669,-0.5514930665480028
CAROUSEL INDUSTRIES,2017,701875.61,4,4,5.125,148.0,-0.026898876224292212,True,-0.3850316879644583,1.503353760940029
CAROUSEL INDUSTRIES,2018,12937.05,13,11,2.5806451612903225,45.375,0.16191160843342084,False,0.22763596791480326,0.05790449927570093
CAROUSEL INDUSTRIES,2019,167256.46000000002,4,4,5.6,31.75,0.10852157799799411,False,-0.259302766354627,0.5636733114124421
CAROUSEL INDUSTRIES,2020,261584.05000000002,13,6,4.0,32.333333333333336,0.09293587383017599,False,-0.005039090724952546,0.27605520851401866
CAROUSEL INDUSTRIES,2021,331711.05,10,4,3.3513513513513513,107.5,0.06369854321403595,False,-0.2282564054770884,0.7455592547665945
CARRERAS TECHNOLOGIES INC,2016,934.38,5,6,1.125,5.0,0.1899786677017672,False,-0.023681289671559295,-0.6040746169686326
CARRERAS TECHNOLOGIES INC,2018,4958.8,6,9,0.5714285714285714,13.5,0.17780523930545872,False,0.130469555819081,-0.6359686045409343
CARRERAS TECHNOLOGIES INC,2019,6300.69,12,11,2.259259259259259,132.33333333333334,0.11968633147637697,False,0.09615846035933173,0.6863874952221202
CARRERAS TECHNOLOGIES INC,2020,631.0,2,2,0.6666666666666666,21.0,0.1960870077257333,False,-0.2638116069830312,-0.592286949656939
CARRERAS TECHNOLOGIES INC,2021,4199.5,6,5,3.4166666666666665,11.666666666666666,0.18984462644262107,False,-0.11757160204347487,-0.07630314859713024
CARTER MACHINERY COMPANY INC,2017,487680.22,28,4,3.2857142857142856,51.5,0.03751459377035937,False,0.10341975948842662,0.33960970047815114
CARTER MACHINERY COMPANY INC,2018,89833.27,8,3,2.5555555555555554,3.0,0.16817145326325061,False,-0.14786772142968832,-0.3135196404970337
CARTER MACHINERY COMPANY INC,2020,164513.46,14,3,1.0,30.0,0.13985197198562022,False,-0.06740441219118898,-0.3965760191249179
CATER NATION,2016,4893.79029,11,2,2.9166666666666665,49.666666666666664,0.1763771634724174,False,-0.23446050805820207,0.11965156259208529
CATER NATION,2017,728.3199999999999,2,1,1.0,7.666666666666667,0.20127348380820942,False,-0.29889053615174616,-0.6342384211423108
CATER NATION,2018,6615.10001,18,4,1.8518518518518519,23.0,0.17737898926321988,False,0.014939901141685013,-0.2966457694835591
CATER NATION,2019,7095.94993,25,7,2.8666666666666667,29.142857142857142,0.1529566922586426,False,0.21759836119124493,-0.013294611226707052
CATER NATION,2021,134.99,3,3,1.0,38.0,0.19548157367863178,False,-0.23550051725490412,-0.3809266356732873
CATER NATION,2022,16120.52,53,8,1.4181818181818182,6.0,0.1283462293562594,False,0.7051055038067038,-0.452869689976276
CATERING BY MARLINS INC,2017,1063.25,1,1,3.0,14.0,0.2009307805160479,False,-0.36592819419134637,-0.16907266427603956
CDWG,2016,32884.38,5,3,1.2857142857142858,5.0,0.18724965441698793,False,-0.16584008180345175,-0.5770534671481329
CDWG,2018,7306.05,7,10,2.5,11.923076923076923,0.17689052589614362,False,0.15006330921824682,-0.24158075940931145
CDWG,2019,2342.17,3,2,2.0,42.0,0.19576897376068886,False,-0.31021106872819015,-0.14473963010668034
CDWG,2021,27185.940000000002,2,2,6.0,9.0,0.14709885474510703,False,-0.36393897822841753,0.4252288265128399
CEDAR VIEW FARMS,2018,1050.0,1,1,0.0,6.0,0.19887983268118198,False,-0.2875691784297688,-0.8568960161835637
CEDAR VIEW FARMS,2019,515.0,2,1,0.0,14.0,0.1990031451490213,False,-0.2857076641501161,-0.7913053172747806
CEDAR VIEW FARMS,2020,145.0,1,1,1.0,12.0,0.2050497897787124,False,-0.3185279264842901,-0.6010417610419889
CEDAR VIEW FARMS,2021,1805.0,1,1,0.0,22.0,0.19937510587441193,False,-0.31050340210709027,-0.7283053746960053
CEIA USA LTD,2021,250.0,1,1,0.0,143.0,0.1526010445808853,False,-0.48435967042841516,0.24273176817517855
CELLEBRITE USA INC,2021,101000.0,2,2,9.25,51.0,0.08777697404425094,False,-0.4924695941846829,1.4524811279322143
CENTER FOR PSYCHOLOGICAL ASSESSMENT AND,2018,33100.0,2,2,1.5,5.5,0.18934856677086254,False,-0.2582672784876758,-0.5371036414847481
CHAPTERS BOOKSHOP,2018,577.94,2,3,1.2,29.2,0.2001312073001827,False,-0.24067650029934112,-0.41138423808292085
CHARTHOUSE LEARNING,2016,8500.0,1,1,12.0,133.0,0.05285952086239942,False,-0.737010237623476,2.65847779440773
CHARTHOUSE LEARNING,2017,23267.559999999998,2,2,12.0,3.0,0.07668408545425048,False,-0.4892889833160345,1.623491391760081
CHECKERED PIG,2019,12.98,2,1,4.0,284.0,0.0954196653475829,False,-0.7626427549470137,2.2075220808182494
CHECKERED PIG BBQ & RIBS,2019,449.90999999999997,3,1,3.3333333333333335,62.0,0.18142515497006723,False,-0.415564075040439,0.28837159142475655
CHEMSOLV INC,2018,3535.0,1,2,4.0,322.0,0.07370122792139772,False,-0.7835911017875031,2.5160145528147697
CHEMSOLV INC,2019,3600.0,1,1,0.0,35.0,0.1952879781660234,False,-0.3290697658582688,-0.6235929644101058
CHEMTREAT INC,2020,54932.7,2,1,8.0,241.0,0.030380711520377024,False,-0.7869057526691251,2.7046076927345055
CHESAPEAKE FARMS INC,2019,25600.0,2,1,0.0,2.0,0.18184064332640026,False,-0.2670374086862861,-0.8827005106312179
CHESAPEAKE FARMS INC,2020,443238.15,69,3,0.21904761904761905,3.696629213483146,0.0037078482886263586,False,0.7396955266103491,-0.6340927535671989
CHESAPEAKE FARMS INC,2021,496642.95,58,3,0.35,2.361904761904762,0.00943901319094087,False,0.5945630124425827,-0.6233019190448282
CHESAPEAKE FARMS INC,2022,531046.5,82,3,0.27927927927927926,2.125,-0.03203288871254151,True,0.9195923366354515,-0.5977353919233068
CHESAPEAKE FARMS INC,2023,27774.0,5,2,0.7142857142857143,0.0,0.17723710386511593,False,-0.19301734719877314,-0.7412025803311473
CHESAPEAKE SYSTEMS INC.,2019,1729.0,2,1,2.0,24.5,0.2039048929372556,False,-0.3452977734425063,-0.2910431723152182
"CHESTERFIELD TRADING CO., INC.",2016,1543.54,8,7,0.0,3.0,0.1705597601571322,False,0.0912474339716845,-0.8452106369029084
"CHESTERFIELD TRADING CO., INC.",2017,709.3999999999999,4,3,0.0,7.333333333333333,0.19132011072977578,False,-0.1557561922379985,-0.8333858571322298
"CHESTERFIELD TRADING CO., INC.",2018,2944.3,7,6,0.0,8.2,0.18041573009709916,False,0.023676811937458447,-0.8088906825286527
"CHESTERFIELD TRADING CO., INC.",2019,278.4,1,2,0.0,11.0,0.19764922977143473,False,-0.24799155787241886,-0.8126852871113134
CHURCH JANITORIAL SERVICE,2017,17707.0,1,1,1.0,25.0,0.19424227344024886,False,-0.336190981844729,-0.49322663764854907
CITY OF RICHMOND,2018,65.0,1,1,1.0,18.0,0.2044907222481272,False,-0.3271490641851533,-0.5528917281296912
CLARKSVILLE AUTO SUPPLY INC,2017,243.85999999999999,1,4,1.0,17.0,0.18865092765011238,False,-0.18529585960976197,-0.5482108940156487
CLAYS GARDEN CENTER INC,2019,623.0,1,1,1.0,84.0,0.1840123653083955,False,-0.4218991943277758,-0.022958388898459105
CLEAN HARBORS ENVIRONMENTAL SERVICES INC,2016,3260.84,2,1,0.7777777777777778,1.0,0.19340080815997418,False,-0.28421808595885745,-0.733450158266836
"CLOVER GLASS SHOP, INC.",2018,3077.12,1,1,6.0,21.0,0.16792407185647817,False,-0.4427364998785667,0.5111167508585459
CMC SUPPLY INC,2018,24301.91,1,1,0.0,42.0,0.18131339794940055,False,-0.33793637798236487,-0.5633257287608981
CMI INC,2016,676.0,3,2,0.6666666666666666,66.0,0.17945234824715445,False,-0.3150522827707715,-0.22955983161583365
CMI INC,2018,1041.0,3,1,1.3333333333333333,17.0,0.20301346945125903,False,-0.30632536231505697,-0.4884885489025564
CMI INC,2019,394.0,2,1,9.5,149.0,0.06692311124849071,False,-0.6913453502572842,2.267133241304402
"COBB TECHNOLOGIES, INC",2016,5923.29,3,3,1.5,345.0,0.06285163761990842,False,-0.6871944394870521,2.188627893101674
"COBB TECHNOLOGIES, INC",2018,62989.060000000005,8,6,5.222222222222222,272.0,0.017697467060384553,False,-0.45474856684642556,2.407614213384143
"COBB TECHNOLOGIES, INC",2019,5032.88,5,3,4.0,36.666666666666664,0.18270254832518434,False,-0.27341434919692076,0.23588329075060235
"COBB TECHNOLOGIES, INC",2020,11356.05,2,2,4.5,95.0,0.14855684402433983,False,-0.4549143184428378,0.8006900013190481
"COBB TECHNOLOGIES, INC",2021,24015.48,2,2,4.5,202.0,0.10378819916587068,False,-0.607850933144292,1.6621375243723433
COFFEE'S CUSTOM EMBROIDERY,2018,5142.0,2,2,0.11764705882352941,46.35294117647059,0.19027285620883816,False,-0.28772449655495375,-0.5019980610094432
COFFEYS LOCKSHOP,2018,190.0,2,1,2.5,29.0,0.19728972380451504,False,-0.36299353282722885,-0.15128840799026974
COLE MEDICAL INC,2017,16.0,1,1,0.0,7.0,0.19727266681986239,False,-0.289064509804522,-0.8490718628479299
COLEMAN MOTOR COMPANY INC,2022,485.0,1,1,1.0,0.0,0.2001884197881843,False,-0.30127533868893563,-0.6973064055207766
COLEMAN ONE INC,2017,5323.57,1,1,0.0,173.0,0.13704362700807876,False,-0.5271517722194503,0.48455905060208504
COLLEGE PARK AUTOMOTIVE INC,2019,82.79,1,1,2.0,17.0,0.20421176991687096,False,-0.34800229779064507,-0.35304928654455897
COLONIAL CONSTRUCTION MATERIALS INC,2018,202.25,2,2,0.0,2.25,0.19504421600769334,False,-0.2220492078413418,-0.8814670838755085
COLONIAL FORD TRUCK SALES INC,2017,939314.56,8,3,5.333333333333333,111.0,-0.027428287119051653,True,-0.3162156295960453,1.2980368535950688
COLONIAL POWERLIFT INC,2019,517.65,1,1,6.0,33.0,0.16799260077420014,False,-0.46011624349773,0.6069446363685509
COLONIAL REFRIGERATION & A C CO INC,2017,3875.8999999999996,4,3,0.0,20.5,0.19396453660132168,False,-0.17448333001258362,-0.7270656176550014
COLONIAL REFRIGERATION & A C CO INC,2018,7785.74038,8,6,0.18181818181818182,40.6875,0.1763920451259155,False,-0.013372754474757824,-0.5078714853926756
COLONIAL REFRIGERATION & A C CO INC,2019,7906.1101,7,6,0.0,10.307692307692308,0.18166264406516158,False,0.020934238465745936,-0.7909944989644352
COLONIAL REFRIGERATION & A C CO INC,2020,1333.2298600000001,4,1,0.0,1.8571428571428572,0.19179695340251085,False,-0.24146071354434961,-0.885672767933522
COLONIAL SCIENTIFIC INC,2016,8423.26,29,9,2.9295774647887325,15.928571428571429,0.14945732654484062,False,0.3823772297503283,-0.09168712828104371
COLONIAL SCIENTIFIC INC,2017,20792.14,4,2,2.5,18.666666666666668,0.1902570302124098,False,-0.27340949575900086,-0.22301206839450355
COLONIAL SCIENTIFIC INC,2018,25761.589999999997,10,5,2.2,7.0,0.17817020649728343,False,-0.028990985255303452,-0.3565268653160141
COLONIAL SCIENTIFIC INC,2019,3300.08,8,5,4.1,230.25,0.07327864612241358,False,-0.4199989225367941,1.8232178731442763
COLONIAL SCIENTIFIC INC,2021,34239.7,3,3,0.0,40.0,0.16705676682770854,False,-0.2141284613209221,-0.5660266431233152
COLONIAL TRUCK SALES,2018,2776.27,1,1,1.0,1.0,0.19725148093827227,False,-0.3025801617683584,-0.6888278880819453
COLONIAL TRUCK SALES,2020,9897.279999999999,4,1,2.4545454545454546,3.857142857142857,0.1924056430144485,False,-0.2985549202349829,-0.35771428586659404
COLONIAL TRUCK SALES,2021,17623.87,5,2,1.6,2.0,0.19294596906942751,False,-0.21621392106150603,-0.5430343270404308
COLONIAL TRUCK SALES,2022,67347.27,15,2,1.4705882352941178,0.0,0.1614174543289832,False,-0.07379935402321745,-0.5614556862529966
COLOSSUS INCORPORATED,2018,105375.0,1,1,5.0,219.0,0.06776106028708645,False,-0.6989316947627956,1.912851494321562
COLT PLUMBING CO,2016,1311.8899999999999,1,1,0.0,36.0,0.19377754571468697,False,-0.3306369465439823,-0.6160156014299805
COLT PLUMBING CO,2019,480.62,1,1,0.0,47.0,0.19455507697202717,False,-0.34648158732363377,-0.5278752609319423
COLT PLUMBING CO,2021,1638.12,1,1,0.0,61.0,0.18936530423065862,False,-0.3665205665380459,-0.4152606719570041
COMMERCIAL AIR REFRIGERATION & EQUIP.,2016,1596.5500000000002,3,2,1.75,1.0,0.19605986935166814,False,-0.2458014112948365,-0.5259858004840134
COMMERCIAL AIR REFRIGERATION & EQUIP.,2018,3009.9,3,2,5.5,12.75,0.1703352482261828,False,-0.3461833192427118,0.3481166078394058
COMMERCIAL BUSINESS SYS,2016,3084.4900000000002,11,10,2.1666666666666665,28.25,0.17651244192472293,False,0.18732821328988838,-0.17473409212952531
COMMERCIAL BUSINESS SYS,2017,1793.74,6,8,1.0769230769230769,60.0,0.16953887294493386,False,0.00543999401617115,-0.16245569283769418
COMMERCIAL BUSINESS SYS,2018,1470.22,8,12,0.13636363636363635,57.8,0.1398077182708306,False,0.24351721902383763,-0.3558434281467711
COMMERCIAL BUSINESS SYS,2019,1469.5,7,7,1.0625,43.214285714285715,0.1838609413341391,False,-0.003572634061621533,-0.3030165430724185
COMMERCIAL BUSINESS SYS,2021,24642.21,32,6,4.266666666666667,71.23529411764706,0.0984470613701639,False,0.1738125342724357,0.6251741028485718
COMMERCIAL FYR-FYTERS,2019,527.8,2,2,1.0,293.0,0.09179992898713862,False,-0.6618647679653294,1.660496765339991
COMMERCIAL FYR-FYTERS,2020,639.0,3,2,1.3333333333333333,101.0,0.17547311983883634,False,-0.38017786677107385,0.18997762581306973
COMMERCIAL LAUNDRY EQUIPMENT,2018,826.43,2,3,2.3333333333333335,21.0,0.20036273516997605,False,-0.25414869758472486,-0.2415797863435355
COMMERCIAL LAUNDRY EQUIPMENT,2019,503.72,4,2,1.875,20.5,0.19967950404558166,False,-0.26327321147635113,-0.34220381621478757
COMMERCIAL LAUNDRY EQUIPMENT,2020,575.1700000000001,1,1,0.0,14.0,0.2009229905580583,False,-0.2990851211709905,-0.7927684214157439
COMMON CENTS EMS SUPPLY LLC,2019,56.0,2,3,1.3333333333333333,35.666666666666664,0.19411721219766853,False,-0.2529651797015154,-0.3318594027693327
COMMONWEALTH BUILDING MATERIALS INC,2020,162.4,2,2,0.0,6.0,0.1971212448273329,False,-0.22743683739996287,-0.8513713159349894
COMMONWEALTH DOCUMENT MANAGEMENT INC,2018,2507.5,4,1,5.8,46.0,0.15743178395272955,False,-0.4340706623648671,0.6745469103776193
COMMONWEALTH DOCUMENT MANAGEMENT INC,2019,7389.5,5,1,2.8333333333333335,569.6,-0.043796458345759404,True,-1.1062200208990591,4.263578431779078
COMMONWEALTH DOCUMENT MANAGEMENT INC,2021,1150.0,1,1,5.0,224.0,0.11093868320364975,False,-0.7120833191411419,1.9324796976162433
COMMONWEALTH OF VIRGINIA STATE POLICE,2016,105.0,2,1,5.0,73.5,0.16732583142862417,False,-0.4826303775189684,0.7255907937742152
COMMONWEALTH OF VIRGINIA STATE POLICE,2017,305.0,5,1,5.333333333333333,4.75,0.1609139269183526,False,-0.35117496903153606,0.2474443280390068
COMMONWEALTH OF VIRGINIA STATE POLICE,2019,220.0,4,1,0.25,2.25,0.1919156575701118,False,-0.2476612571427043,-0.8307714811324654
COMMONWEALTH SUPPLY COMPANY LLC,2018,6040.15,10,10,1.4666666666666666,16.916666666666668,0.17937722547471974,False,0.20599559755179678,-0.4121138041850576
COMMONWEALTH SUPPLY COMPANY LLC,2019,7063.349999999999,22,21,0.27586206896551724,39.0,0.10414213206232842,False,0.8762799788266747,-0.41799612743826386
COMMONWEALTH SUPPLY COMPANY LLC,2020,994.77,2,2,1.0,0.0,0.1987858243389516,False,-0.24106294082866306,-0.6915067234611357
COMMONWEALTH TONER AND INK,2017,2197.0,1,1,1.0,1.0,0.19725148093827227,False,-0.3026133487697857,-0.6889418798763137
COMMUNICATIONS SPECIALISTS INC,2019,504.0,1,1,1.0,172.0,0.14838785272138527,False,-0.5482821433829446,0.683449571068559
COMMUNITY CORRECTIONS INSTITUTE LLC,2016,2375.0,1,1,28.0,0.0,-0.022654163348653,True,-0.9030063793931421,4.915462910344445
COMPANION CORPORATION,2016,499.0,1,1,0.0,14.0,0.20097027853008304,False,-0.2990894850322275,-0.7927834105485781
COMPANION CORPORATION,2019,24586.5,3,4,6.0,31.0,0.1465815574358884,False,-0.28869645484423956,0.6112489283751775
COMPANION CORPORATION,2021,24390.0,1,1,12.0,45.0,0.0855388557111681,False,-0.6097237510132647,1.9551733346892701
COMPLETE COMBUSTION LLC,2020,1410.0,1,1,3.0,89.0,0.17341831622943737,False,-0.47361525869592225,0.433067767669167
COMPLETE FACILITIES SUPPLY INC,2017,100.0,1,1,0.0,9.0,0.19957835330310958,False,-0.29193188215909766,-0.8330000743090005
COMPLETE FACILITIES SUPPLY INC,2018,5045.24,5,6,0.5833333333333334,230.66666666666666,0.07399355666333068,False,-0.3354500225781694,1.0957082903783348
COMPLETE FACILITIES SUPPLY INC,2019,652.3,1,2,0.0,9.0,0.19679597655492387,False,-0.24509795193427497,-0.8286669676822123
COMPLETE FACILITIES SUPPLY INC,2021,27729.39,6,13,1.7333333333333334,22.047619047619047,0.15979645217514388,False,0.28080883184491706,-0.3044517250555598
COMPUTER AID INC,2018,2438620.0,23,5,3.56,292.1666666666667,-0.11959311141146545,True,-0.15664452941477733,2.70937319297347
COMPUTER AID INC,2019,1303240.0,8,4,7.75,69.0,-0.05826685249093022,True,-0.24211611466486907,1.5390602169114727
COMPUTER AID INC,2020,1323038.92,10,3,4.7,55.5,-0.02554548935772427,True,-0.17364949281134193,0.7993157856166309
CONLEY ENVIRONMENTAL CORPORATION,2018,10457.039999999999,2,2,6.5,375.0,0.021299701861996034,False,-0.9016523868161667,3.463982430393197
CONSOLIDATED MARKETING LLC,2020,17500.0,1,1,3.0,131.0,0.15061684017320992,False,-0.5330093261913722,0.7733944725425067
CONSOLIDATED SALES & SERVICE LLC,2017,28513.72,4,4,1.1333333333333333,50.0,0.18159419655139547,False,-0.19389663155571582,-0.2455956590871358
CONSOLIDATED SALES & SERVICE LLC,2018,30000.0,1,1,9.0,60.0,0.10665302428833368,False,-0.5640726984669512,1.4530920291059075
CONSOLIDATED SALES & SERVICE LLC,2019,924.87,2,3,2.857142857142857,38.0,0.19170761609276737,False,-0.2902325238064287,0.003791772187375003
CONSOLIDATED SALES & SERVICE LLC,2021,3628.36,1,7,3.0,35.0,0.17774304066315827,False,-0.11512544654970693,0.025358859396805412
CONSULTCITY INTERNATIONAL LLC,2021,71258.16,20,9,1.2592592592592593,21.666666666666668,0.13871653000867668,False,0.29454050518552366,-0.39373666378536903
CONSULTCITY INTERNATIONAL LLC,2022,30398.7999,11,6,1.45,4.5,0.17051922916318263,False,0.05176586799509034,-0.5258839647153742
"CONTROL EQUIPMENT COMPANY, INC.",2018,236.61,1,2,1.0,1.0,0.19708901593569383,False,-0.255923373257992,-0.6851032335906295
"CONTROL EQUIPMENT COMPANY, INC.",2021,738.22,1,1,7.0,29.0,0.16309349825081698,False,-0.4766495824114858,0.7827440942012601
CONTROLLING FACTOR LP,2020,9818.22,2,2,0.0,2.0,0.18929663642926725,False,-0.22113927547541753,-0.8815817100940866
CORE ASSOCIATES LLC,2016,3319.0,1,1,4.0,10.0,0.19554899357634342,False,-0.3823449354536362,0.0071272869709022935
CORPORATE OFFICE SOLUTIONS LLC,2018,164.2,1,3,5.0,20.0,0.18256737870386858,False,-0.3255723698527488,0.3030981760634974
CORRECTIONAL COUNSELING INC,2017,10153.34,4,2,4.666666666666667,9.0,0.1818092101582841,False,-0.3084325254665154,0.14767152465436112
CORTECH LLC,2018,507222.395,28,3,1.5405405405405406,103.0,0.012490632070529473,False,0.022678829867284873,0.3898905180246345
CORTECH LLC,2020,1023808.2031,37,1,1.8333333333333333,0.0,-0.004903129938168993,True,0.220489212833207,-0.26961133730310427
COUNSELING AND FORENSIC SERVICES INC,2022,393005.0,9,2,2.8,0.0,0.09349774383705839,False,-0.16506054487699212,-0.22988045150428552
"COUNSELING AND FORENSIC SERVICES, INC.",2017,207765.0,11,5,1.5833333333333333,61.0,0.1233546002024914,False,-0.06898618673831884,-0.013928736530457371
"COUNSELING AND FORENSIC SERVICES, INC.",2018,214255.0,11,4,3.3333333333333335,125.5,0.08976974886860822,False,-0.24705272010817134,0.8646725643789143
"COUNSELING AND FORENSIC SERVICES, INC.",2019,252900.0,7,3,4.0,93.0,0.08521781689695179,False,-0.3133518388145465,0.7398328910599637
"COUNSELING AND FORENSIC SERVICES, INC.",2020,113580.0,5,1,2.6,28.0,0.1691814149540276,False,-0.3171475271967793,-0.11179106613684714
"COUNSELING AND FORENSIC SERVICES, INC.",2021,436369.0,12,3,5.25,48.0,0.03471594593389982,False,-0.19917495472957264,0.6819015030499432
COUNTRY BOY CUSTOMS LLC,2019,244.29000000000002,3,2,4.25,10.5,0.19040378399022506,False,-0.315247624588812,0.06967699809170116
COUNTRY BOY CUSTOMS LLC,2020,1.75,1,1,2.0,151.0,0.16212467205166942,False,-0.5404433225900949,0.7226370906744228
COUNTRY BOY CUSTOMS LLC,2021,52.0,1,1,2.0,4.0,0.2025406763261891,False,-0.3293348605507859,-0.4574145263166349
COURTLAND AUTO REPAIR LLC,2020,751.8,1,2,1.0,5.0,0.20184629634908824,False,-0.26163822707856715,-0.6528913346402643
COWLING BROS INC,2018,10793.1,4,3,0.25,14.0,0.19083845412166167,False,-0.17032502187168258,-0.7259173625536322
CRAFTMASTER HARDWARE LLC,2018,1052.0,1,1,0.0,15.0,0.2009229905580583,False,-0.3004938954698269,-0.7846469590140693
CREATIVE GLASS INC,2019,1179.0,1,1,9.0,15.0,0.13799421278573776,False,-0.5010997264489787,1.0861771632913297
CREST FOOD SERVICE EQUIPMENT CO,2016,540.0,1,1,4.0,14.0,0.1965702730559254,False,-0.3882485169629086,0.03869093790377969
CREST FOOD SERVICE EQUIPMENT CO,2018,23328.12,3,3,2.75,179.25,0.11524277643999609,False,-0.4760279138650013,1.1213065649682146
CREST FOOD SERVICE EQUIPMENT CO,2019,1184.27,3,3,2.0,15.6,0.20209192291325861,False,-0.22556227827590122,-0.3526724788458112
CROPKING INC,2016,1609.18,5,4,0.07142857142857142,8.8,0.18709819089417296,False,-0.099219886657683,-0.8008879584178353
CROPKING INC,2017,1322.18,3,3,0.0,10.0,0.19211860849730666,False,-0.172931569377438,-0.813333204336973
CROPKING INC,2019,1852.2,7,4,0.2,13.0,0.19033795896129585,False,-0.08134164494882472,-0.7374485013675761
CROPKING INC,2020,1099.3,3,4,0.5,4.0,0.18786740832424836,False,-0.12867066824197712,-0.7533851324043016
CROPKING INC,2021,262.95,1,1,0.0,15.0,0.20097027853008304,False,-0.30053910099311676,-0.7848022324191244
CROPKING INC,2022,4805.67,7,5,1.0,7.0,0.19340102123174557,False,-0.043585870869887244,-0.614515399572537
CROSS FILTRATION LLC,2020,1376.0,1,1,4.0,7.0,0.19318135131577618,False,-0.37814797480634,-0.017337954644899876
CROSS MATCH TECHNOLOGIES INC,2017,137.71,1,1,5.0,20.0,0.1888520296126106,False,-0.41917846422075905,0.2946441189606391
CROSS ROADS RECONCILIATION SERVICES,2022,88034.0,1,1,7.0,0.0,0.11837867737472468,False,-0.43000163359866705,0.5671213671099363
"CROWN ORCHARD COMPANY, LLP",2016,53858.0,10,1,0.6,10.125,0.16183144879749833,False,-0.18341370156940506,-0.6753957652221926
"CROWN ORCHARD COMPANY, LLP",2017,85946.0,19,1,0.625,11.666666666666666,0.1416070048443005,False,-0.0639184419254245,-0.6382342248501215
"CROWN ORCHARD COMPANY, LLP",2018,93362.0,19,1,0.6086956521739131,18.6875,0.14046613057831336,False,-0.0732127071753734,-0.5838033469642854
"CROWN ORCHARD COMPANY, LLP",2019,105804.0,27,1,0.5,11.1,0.12988622766321933,False,0.047866556902006044,-0.6530592167769907
"CROWN ORCHARD COMPANY, LLP",2020,44060.0,13,1,1.1875,18.0,0.17247171020974245,False,-0.16823713233847282,-0.4875598424546578
"CROWN ORCHARD COMPANY, LLP",2021,18188.0,4,1,0.5,20.5,0.1872744567761464,False,-0.278413123743409,-0.6287647666435698
CRYSTAL ICE COMPANY INC,2020,3308.8,3,2,0.5,15.0,0.19616906070908102,False,-0.23794567676475256,-0.6730952574694358
CRYSTAL ICE COMPANY INC,2021,10293.13,2,2,2.8,11.0,0.1973082397600805,False,-0.29644986559821074,-0.22721319503004447
CSC SALES TEAM LLC.,2020,402.34,4,4,2.5,28.5,0.1970280169764264,False,-0.19509464789805656,-0.13963728144206697
CSC SALES TEAM LLC.,2021,4899.78,10,9,0.47058823529411764,9.285714285714286,0.1671030409838441,False,0.19228966099966072,-0.6848724981954143
CSC SALES TEAM LLC.,2023,1082.1200000000001,5,5,0.0,0.0,0.17996833282192315,False,-0.03821801347118157,-0.8822580038120085
CSS & ASSOCIATES LLC,2019,201000.0,5,1,6.5,27.0,0.09379669607463248,False,-0.39763539529879743,0.7080638947723752
CSS & ASSOCIATES LLC,2021,247780.0,9,3,6.111111111111111,8.666666666666666,0.07671372970123469,False,-0.212830296854025,0.5036079289807925
CUMBERLAND BUILDING SUPPLY INC,2018,1266.06,5,6,0.0,6.333333333333333,0.18010884787951487,False,-0.0005004388693034787,-0.8271557328393151
CUMBERLAND BUILDING SUPPLY INC,2019,171.804,3,3,0.0,1.6,0.18927721750719517,False,-0.16093429947522161,-0.8809916673966116
CUMBERLAND BUILDING SUPPLY INC,2020,1686.5819999999999,11,11,0.0,39.111111111111114,0.14624022948777882,False,0.26674860281993124,-0.5339733524886178
CUNNINGHAM ENTERPRISES LLC,2019,234.95,1,1,1.0,8.0,0.2020732805664432,False,-0.312778403542159,-0.6331345773634522
CURTIS BAY ENERGY INC,2018,780.0,1,1,1.0,192.0,0.13637977864577522,False,-0.5769881790954027,0.8440564695743212
CURTIS BAY MED WASTE SVCS VA,2019,1840.0,4,3,0.0,360.0,0.04164673507684996,False,-0.6621533395514146,1.9979138907848901
CUSTOM CLEANERS,2019,68.0,1,1,1.0,0.0,0.2001884197881843,False,-0.3012992290675072,-0.6973884649718989
CUSTOM PAK,2018,48257.0,62,2,0.3356643356643357,4.300813008130081,0.09713261582448718,False,0.5731309230746123,-0.6972773743664549
CUSTOM PAK,2019,18066.0,30,1,0.6896551724137931,4.304347826086956,0.14761798246246843,False,0.08851437036757927,-0.6810299335492828
CUSTOM PAK,2020,16932.0,22,2,0.3111111111111111,4.702702702702703,0.1651658655387927,False,0.036070260246414035,-0.7643170339412734
CVA SHREDDING INC.,2021,4124.0,5,2,2.2,176.0,0.1313039381035686,False,-0.4802416282948691,0.9758365358916312
D M JEFFERS CO  INC,2021,42470.95,2,2,2.4,68.0,0.17025428365177564,False,-0.3675474925305483,0.1535471669021313
D M JEFFERS INC,2019,1201.52,1,4,4.0,76.0,0.1580788155806669,False,-0.3368414816323807,0.5492073975816525
D W CARY HAULING INC,2018,2085.445,4,2,0.0,9.333333333333334,0.19263664411831438,False,-0.20535183030836407,-0.8212842353198965
DAILY NEWS RECORD,2018,58.63,1,1,1.0,0.0,0.2001884197881843,False,-0.30129976588488666,-0.6973903088497333
DALY COMPUTERS INC,2016,92335.12,146,52,3.184834123222749,16.537634408602152,-0.06205292012242647,True,3.9586843946738997,0.3369928289951874
DALY COMPUTERS INC,2017,313704.76,70,36,2.2232142857142856,22.144927536231883,-0.012133118388212627,True,2.218963811653411,0.0459932111214985
DALY COMPUTERS INC,2018,259722.66999999998,212,50,2.9805194805194803,38.929515418502206,-0.10533467594476575,True,4.73020674331336,0.5961132730340445
DALY COMPUTERS INC,2019,148020.28,169,38,3.1844262295081966,26.87845303867403,-0.06638443460955279,True,3.599562138494017,0.40566013690781266
DALY COMPUTERS INC,2020,240794.0,44,25,4.2682926829268295,47.291666666666664,0.002884945284640117,False,1.270359449453796,0.5738003742706286
DALY COMPUTERS INC,2021,470147.2,151,37,2.60327868852459,26.596938775510203,-0.09239268193221628,True,3.3437168316490546,0.315215499742519
DALY COMPUTERS INC,2022,669221.48,391,103,3.5865102639296187,5.0,-0.20778612870389568,True,9.664588685726207,1.0181977304534375
DANDREA PRODUCE INC,2016,40879.25,20,2,0.7272727272727273,1.6764705882352942,0.15335061912167464,False,0.005749978367158705,-0.7003418394879759
DANDREA PRODUCE INC,2017,70880.5,37,2,0.45161290322580644,2.223529411764706,0.1250517348315024,False,0.24030307969570952,-0.7222728525010674
DANDREA PRODUCE INC,2018,95736.0,39,3,0.21818181818181817,3.4693877551020407,0.12005346698516134,False,0.3187052666099625,-0.7487285751257354
DANDREA PRODUCE INC,2019,41808.0,23,2,0.49122807017543857,4.511627906976744,0.15128985370886988,False,0.04713586913631743,-0.7220404423762745
DANDREA PRODUCE INC,2020,3115.0,3,1,0.0,1.6666666666666667,0.19452597556417867,False,-0.254465996831265,-0.8883261587982872
DANDREA PRODUCE INC,2021,1560.0,1,1,0.0,1.0,0.19330055853536632,False,-0.2803594979688174,-0.8969338021476548
DANDREA PRODUCE INC,2022,2375.0,2,1,0.0,5.0,0.19687058911922223,False,-0.27267627112708365,-0.8631879603004152
DANNYS REPAIR AND INSTALLATION,2016,196.45,2,2,0.5,23.0,0.19440556916626295,False,-0.2629936300888843,-0.6109616324557636
DAPA HOLDINGS LLC,2020,6510.0,1,1,0.0,11.0,0.19913833803259556,False,-0.2944368311687239,-0.8156834222501687
DARYL F MELLARD,2018,2880.14,2,1,7.0,31.2,0.15679140857141044,False,-0.4663053685711273,0.8023013216185901
DATA RECOGNITION CORPORATION,2018,436035.48,2,2,6.0,25.0,0.04684164774215083,False,-0.36349302671724065,0.6341264559101942
DATA RECOGNITION CORPORATION,2020,101.43,1,2,2.0,5.0,0.20112861605624094,False,-0.2839658326916739,-0.44515274780199576
DAVE LUDLUM PRODUCE LLC,2016,80027.0,14,2,0.6,12.166666666666666,0.1588966045026589,False,-0.08452056813418111,-0.6437321477965604
DAVE LUDLUM PRODUCE LLC,2017,43865.0,14,1,0.2,5.5,0.15638313946081267,False,-0.11490452894149623,-0.7917368749176875
DAVE LUDLUM PRODUCE LLC,2018,126012.0,24,2,0.2972972972972973,6.103448275862069,0.12773169619755814,False,0.06737769383805764,-0.7315285728698403
DAVE LUDLUM PRODUCE LLC,2019,100488.5,17,1,0.08333333333333333,6.6,0.13472724101839667,False,-0.07049695640875048,-0.7915900785540797
DAVE LUDLUM PRODUCE LLC,2020,68807.5,14,2,0.1111111111111111,5.75,0.15085843414612787,False,-0.0650509170032599,-0.7990742577048019
DAVENPORT ENERGY INC,2018,79989.44,3,2,3.3333333333333335,13.666666666666666,0.17503286587522243,False,-0.2947937486555229,-0.07975386208230925
DAVENPORT ENERGY INC,2019,9039.98,1,1,14.0,1.0,0.05738357652007442,False,-0.5919957948950673,2.0146701285194575
DAVENPORT ENERGY INC,2020,4402.06,1,1,3.0,70.0,0.1799763600665788,False,-0.4461580847130431,0.28113160447096874
DEERE & COMPANY,2016,706.44,1,1,0.0,49.0,0.19220193198257757,False,-0.34934083465785204,-0.5117755643082212
DEERE & COMPANY,2017,49366.8,5,5,0.8333333333333334,26.0,0.17629085403914702,False,-0.09136542235793113,-0.4908157875418775
DEERE & COMPANY,2018,6698.13,1,1,1.0,344.0,0.07864423418193311,False,-0.7949351682365966,2.0654207221864516
DEERE & COMPANY,2019,23655.0,3,2,1.3333333333333333,58.5,0.18637984201104535,False,-0.31782532826762516,-0.14666740954257995
DEERE & COMPANY,2020,7137.13,2,2,0.25,14.0,0.1971437033564813,False,-0.244098573139258,-0.7338111150906746
DEERE & COMPANY,2021,22557.11,4,4,0.0,7.0,0.1812415899035803,False,-0.10722352759907393,-0.8275380042587192
DELL MARKETING LP,2016,163216.34,6,1,7.0,21.666666666666668,0.09854369322195139,False,-0.38990517072787695,0.7632228344920879
DELL MARKETING LP,2017,331545.28,8,2,3.5,23.857142857142858,0.09978509448514938,False,-0.2318268458266732,0.09357313493639587
DELL MARKETING LP,2018,30672.74,1,1,5.0,16.0,0.1687844450327346,False,-0.41168470989531214,0.2685424454549379
DELL MARKETING LP,2019,99811.91999999998,7,4,5.571428571428571,32.0,0.12985227456325837,False,-0.22274618002181928,0.550893917036989
DELL MARKETING LP,2021,60881.86,6,3,4.833333333333333,22.0,0.1582133666534758,False,-0.25434639594108027,0.3038320700207659
DELOITTE CONSULTING LLP,2022,3121500.0,2,1,6.4,0.0,-0.08026815832943857,True,-0.2294559919704696,1.0408177485772627
DELTA AUTOMATION INC,2017,6266.61,1,1,4.0,21.0,0.19357518697206205,False,-0.3979730801331037,0.09601125533142674
DELTA AUTOMATION INC,2019,3614.55,3,2,4.333333333333333,21.5,0.19194230292581,False,-0.3327090839631466,0.17596635191205484
DELTA AUTOMATION INC,2020,1518.0,1,1,0.0,370.0,0.06409317939856929,False,-0.8102800007045852,2.0652531404300616
DEMCO INC,2018,49.44,1,2,0.0,16.0,0.1977818502109952,False,-0.25518513724945235,-0.7725921966193009
DEMCO INC,2019,4530.09,2,2,5.5,12.5,0.17348838754503076,False,-0.3591181070466094,0.34493390678350877
DENTAL HEALTH PRODUCTS INC,2017,2433.58,4,2,1.8235294117647058,43.8421052631579,0.19333544867542218,False,-0.2955367705667564,-0.1651412949869942
DEPARTMENT OF CRIMINAL JUSTICE SERVICES,2017,5.0,1,1,0.0,34.0,0.19497950575048734,False,-0.3278396348729832,-0.632328036688773
DEPARTMENT OF GENERAL SERVICES,2019,57437.13,104,57,2.546082949308756,110.22368421052632,-0.06325576082030726,True,3.5083946754954147,0.9086017136906981
DEPARTMENT OF GENERAL SERVICES,2020,511254.55000000005,288,92,1.9380597014925374,60.952718676122934,-0.1759827707797028,True,7.718871541134582,0.8952341382894219
DEPARTMENT OF GENERAL SERVICES,2021,1146493.07,188,78,2.6927016645326503,32.1576354679803,-0.17514384918722725,True,5.786473750049571,0.739311914455731
DEPARTMENT OF GENERAL SERVICES,2022,11400343.68,605,105,1.828901154039137,0.28,-0.2589063212982816,True,13.282460370963605,3.050772768254739
DEPARTMENT OF JUVENILE JUSTICE,2017,8633.95,2,2,11.0,11.0,0.09879243980475577,False,-0.47932575257801924,1.4769661773381049
DEPARTMENT OF JUVENILE JUSTICE,2019,2747.5,2,2,1.75,33.25,0.19716697404230005,False,-0.3054303563357306,-0.2683432106420531
DEPARTMENT OF JUVENILE JUSTICE,2022,69047.59000000001,9,3,2.4444444444444446,0.0,0.16742241996007295,False,-0.1288926689399537,-0.3633141845448721
DEPT OF LABOR AND INDUSTRY,2022,1240.0,25,2,1.5777777777777777,0.0,0.15912560811648818,False,0.05383303970961967,-0.5374340525634798
DIAMOND BUSINESS SERVICES,2016,3279.0,1,1,4.0,22.0,0.19477120428132833,False,-0.3995803359262771,0.1034509670260366
DIAMOND BUSINESS SERVICES,2017,17315.38,5,4,3.2,26.0,0.18705639938138735,False,-0.19275778806317698,-0.009396574028723695
DIAMOND BUSINESS SERVICES,2021,61.8,1,1,1.0,14.0,0.20554675201799066,False,-0.32140487790672473,-0.5850028749976102
DIAMOND DRUGS INC,2018,7665.18,5,3,0.2,4.5,0.19160302327862727,False,-0.14236592446406826,-0.8117137531237151
DIAMOND DRUGS INC,2020,9125.88,5,4,2.0,105.33333333333333,0.1625119366321306,False,-0.2804085563307178,0.37641055929546385
DIAMOND DRUGS INC,2021,44842039.800000004,10,6,1.25,31.5,-0.07376116786916065,True,2.571375655230027,8.466083945668997
DIRECT CONNECT LOGISTIX INC,2021,17600.0,6,1,5.166666666666667,6.0,0.1589633400174324,False,-0.3348832736192616,0.22771278199206552
DIRECTV LLC,2017,1916.7599999999998,2,1,12.333333333333334,93.66666666666667,0.06000020102211323,False,-0.6749503082081767,2.412192692554903
DIRECTV LLC,2018,2186.68,2,1,2.727272727272727,213.27272727272728,0.1200185385048208,False,-0.6325777920496826,1.3756200540561971
DIRECTV LLC,2020,4185.63,2,1,6.521739130434782,123.8695652173913,0.11566550594426511,False,-0.5886520343073723,1.447060692165299
DIRECTV LLC,2021,1459.8200000000002,2,2,9.428571428571429,74.0,0.09970797073807192,False,-0.5351829022187408,1.6546475922894188
DIVERSIFIED EDUCATIONAL SYSTEMS INC,2016,9579.0,1,1,8.0,102.0,0.0987562722797864,False,-0.603268175211499,1.578367337488339
DIVERSIFIED EDUCATIONAL SYSTEMS INC,2018,38835.0,1,2,2.0,127.0,0.15216199504106526,False,-0.4569500179012975,0.5418402208584443
DIXIE GAS AND OIL CORPORATION,2018,91621.4,4,2,3.75,85.75,0.13915133697424759,False,-0.3935524081142221,0.5892794295956097
DIXIE GAS AND OIL CORPORATION,2019,5960.0,2,2,3.0,193.5,0.1265121293770617,False,-0.5632430477707051,1.2785497680946643
DOCUMENT DESTRUCTION OF VIRGINIA LLC,2020,1582.0,3,2,3.3333333333333335,39.5,0.19072788713232486,False,-0.33638484896730614,0.11219713317678173
DOMINION AIR & MACHINERY CO,2017,300.0,1,1,3.0,12.0,0.19996303934399556,False,-0.3630997367999476,-0.18527811919908127
DOMINION BUSINESS MACHINES INC,2018,952.59,2,2,0.3333333333333333,46.0,0.19011866298715951,False,-0.2922653777356207,-0.46082178995562056
DOMINION BUSINESS MACHINES INC,2019,173.5,2,2,4.5,17.0,0.18980619271378474,False,-0.34353977136905084,0.1723343558469127
DOMINION OF BEDFORD INC,2019,190.0,1,1,7.0,106.0,0.12699045244888035,False,-0.5872601055150264,1.400763667824808
DOMINION OFFICE PRODUCTS,2016,2025.1,14,3,1.1304347826086956,20.266666666666666,0.18620532941659085,False,-0.06564301540801151,-0.479573893265292
DOMINION OFFICE PRODUCTS,2017,1003.61,3,7,3.727272727272727,31.636363636363637,0.17891727010337133,False,-0.0998946803816315,0.15196589824945606
DOMINION OFFICE PRODUCTS,2018,1264.05,10,16,1.1290322580645162,6.870967741935484,0.1552200329396924,False,0.5084882392552288,-0.5385331908208183
DOMINION OFFICE PRODUCTS,2019,3563.5099999999998,18,35,1.9066666666666667,7.77027027027027,0.09635086198281767,False,1.4862854695536258,-0.27715364824179806
DOMINION OFFICE PRODUCTS,2020,227.02,3,4,1.2,4.0,0.19811293052310797,False,-0.14432388375283592,-0.6080501852011263
DOMINION OFFICE PRODUCTS,2021,305.40000000000003,6,9,1.0769230769230769,9.666666666666666,0.17947670616823824,False,0.12444033137112949,-0.5625814949410283
DOMINION OFFICE PRODUCTS,2022,14077.02,57,50,1.4225352112676057,4.5,0.040811547183167984,False,2.7262652576377513,-0.28108283135839407
DOMINION SERVICES FOR ALL PEOPLE,2018,249610.0,1,1,6.0,28.0,0.08009157194140931,False,-0.438665012802442,0.615824191410881
DORCUS HOME LLC,2022,2265271.49,2,1,8.0,0.0,-0.07402457777973992,True,-0.31417479670894616,1.2049111154382648
DOUBLETREE BY HILTON CHARLOTTESVILLE,2020,720.0,1,1,32.0,34.0,-0.0067165446992962785,True,-1.0410897186721317,6.019542906823578
DOUGLAS EQUIPMENT,2021,1070856.31,2,2,4.0,22.0,0.010164623901317449,False,-0.27823449084282015,0.31923380650237615
DOVE MEDICAL SUPPLY LLC,2016,50.5,1,1,0.0,52.0,0.19242402116863117,False,-0.35368669137345726,-0.4878217557617228
DOVE MEDICAL SUPPLY LLC,2018,1145.42,5,7,4.090909090909091,27.0,0.1771008262182645,False,-0.07457208096974238,0.193312528924878
DR DAVID SPRUILL,2016,3300.0,1,1,0.0,321.0,0.0821454483747478,False,-0.7398093802867497,1.6722499766035295
DR ROBERT VINSON,2017,5500.0,2,1,4.0,2.0,0.19061273632145426,False,-0.35735034017286804,-0.05518961398953893
DRUGTEST RESOURCES VIRGINIA LLP,2016,2717.25,7,3,5.0,18.0,0.17566499887237624,False,-0.24226849271756895,0.296394988338276
DS SERVICES OF AMERICA INC,2020,5000.0,2,1,4.5,255.0,0.10789922212286274,False,-0.7318555361431545,2.079635488475701
DS SERVICES OF AMERICA INC,2022,5613.599999999999,6,2,4.285714285714286,0.0,0.17848336015891458,False,-0.260514411900195,-0.0017078682027635082
DUTT & WAGNER OF VA INC,2016,134260.1,31,2,0.3333333333333333,4.3,0.12231343040157311,False,0.1633032286176742,-0.7265675824347827
DUTT & WAGNER OF VA INC,2017,168322.845,63,3,0.7333333333333333,5.169491525423729,0.08054568014051744,False,0.6300811352207601,-0.5783152999878458
DUTT & WAGNER OF VA INC,2018,396082.5,64,2,0.3877551020408163,4.243243243243243,0.02631603863363896,False,0.6187415829160828,-0.6155147752035203
DUTT & WAGNER OF VA INC,2019,161820.9,34,2,0.5853658536585366,5.818181818181818,0.12050471550572045,False,0.19722678791342502,-0.6521426528896952
DUTT & WAGNER OF VA INC,2020,294135.39,48,3,0.23958333333333334,3.074074074074074,0.06481641091481316,False,0.4505905789206622,-0.6951367704217827
DUTT & WAGNER OF VA INC,2021,177426.01,36,3,0.5230769230769231,3.5090909090909093,0.1111866771506207,False,0.2763894279423897,-0.6733817979620524
DUTT & WAGNER OF VA INC,2022,388619.63,55,3,0.6412213740458015,2.962962962962963,0.03966414940084201,False,0.5408769274853829,-0.5836238891196716
DUTT & WAGNER OF VA INC,2023,63146.64,16,5,0.9,0.0,0.1483428244438954,False,0.0924663654224455,-0.6667403165842283
DYNAMITE DETAILING & POWER WASHING SVC,2018,989.86,1,1,2.0,48.0,0.19726263969259017,False,-0.39246919525109897,-0.1040142805917079
DYNAMITE DETAILING & POWER WASHING SVC,2021,928.76,1,1,0.0,6.0,0.19887983268118198,False,-0.287576124399788,-0.856919874427818
E A HARPER & CO INC,2019,468.0,1,2,1.0,20.0,0.2026099508172886,False,-0.2831958723228699,-0.532532742963846
E A HOLSTEN INC,2021,2882.5,3,4,5.4,15.0,0.16730549490932228,False,-0.25358821478227567,0.3538158905527743
E A PARKER & SONS LLC,2016,36316.3,15,2,0.5238095238095238,4.35,0.16715949218570292,False,-0.0607201293032792,-0.7294455795414699
E A PARKER & SONS LLC,2017,108405.7,28,2,0.6274509803921569,5.342105263157895,0.13657582139420776,False,0.11362674621699535,-0.6665773200256477
E A PARKER & SONS LLC,2018,113054.15,26,3,0.6285714285714286,6.913043478260869,0.1338800658173634,False,0.13165255321962438,-0.6515442275517548
E A PARKER & SONS LLC,2019,33194.25,7,2,0.25,8.333333333333334,0.17901969855111488,False,-0.1675633546327032,-0.7667986338546385
E A PARKER & SONS LLC,2021,22935.45,3,2,1.6666666666666667,3.0,0.19357573915408455,False,-0.24559353879626025,-0.5230535752114481
E A PARKER & SONS LLC,2022,68722.8,6,2,1.1666666666666667,11.0,0.17795920069699417,False,-0.20317118619773528,-0.549330716482013
E A PARKER & SONS LLC,2023,21793.5,3,1,0.3333333333333333,0.0,0.18528094611963963,False,-0.25843251320821115,-0.8287410308821826
E INSTRUMENTS INTERNATIONAL LLC,2019,380.0,1,1,1.0,90.0,0.18271011528981151,False,-0.4305296704739799,0.025159568017356766
E MCLAUCHLAN AND SONS INC,2018,1571.0,1,1,1.0,0.0,0.19935405411876017,False,-0.30121312058071315,-0.6970926967344004
E WOODSON IRBY,2019,7695.0,2,4,2.5,0.0,0.18532840145149604,False,-0.18051001854133,-0.369939517637632
E. DILLON & COMPANY,2020,1043.76,3,1,0.6666666666666666,1.0,0.1909548433953539,False,-0.26848749560807356,-0.7555077877718266
E. DILLON & COMPANY,2021,52.9644,1,1,2.0,0.0,0.19997530667553837,False,-0.32359043568940155,-0.48952485369204013
E. DILLON & COMPANY,2022,1509.1587000000002,3,2,3.0,0.0,0.1925637350335339,False,-0.272233257154199,-0.27419741451171153
EAGLETON'S SUPPLY,2018,945.0,1,1,0.0,16.0,0.2009229905580583,False,-0.30193611801739567,-0.7766403857475234
EAGLETON'S SUPPLY,2019,1318.15,2,3,2.0,15.0,0.20206721376577963,False,-0.23807385693010433,-0.35893765551893186
EAHEART INDUSTRIAL SERVICE INC,2017,4.49,1,1,0.0,11.0,0.19887849783527278,False,-0.2948095388346743,-0.8169636106911045
EAHEART INDUSTRIAL SERVICE INC,2018,3368.47,4,6,0.8823529411764706,153.1,0.12252506128400403,False,-0.244199340360579,0.5333831171556714
EAHEART INDUSTRIAL SERVICE INC,2019,768.0,1,1,0.0,5.0,0.19887983268118198,False,-0.2861492421106516,-0.864979138914106
EARTH TOOLS INC,2018,510.0,1,1,1.0,5.0,0.20247355307099224,False,-0.30845436842438145,-0.6571633394455334
EAST COAST HOME & GARDEN,2017,221.87,1,2,3.0,36.0,0.19133616649396123,False,-0.3507681422472108,0.011594031030347039
EDMUNDS WASTE REMOVAL INC,2019,2525.0,2,1,4.0,5.0,0.1900470275365399,False,-0.36182905833051227,-0.0316921622553175
EDWARDS TRUE VALUE HARDWARE CO INC,2018,2179.87,2,3,3.7777777777777777,34.0,0.18709746212731776,False,-0.30493752409557806,0.16329744376039151
EDWARDS TRUE VALUE HARDWARE CO INC,2019,4737.34,3,2,0.41379310344827586,36.69565217391305,0.18768474143342362,False,-0.26709921394083985,-0.5165690209336711
EDWARDS TRUE VALUE HARDWARE CO INC,2020,6264.530000000001,2,3,6.0,19.0,0.16267375960749558,False,-0.3326962239736838,0.5056125165401999
EDWARDS TRUE VALUE HARDWARE CO INC,2021,865.0,1,1,0.0,20.0,0.1996776340518987,False,-0.3076850709133234,-0.744545611412778
ELECTRIC CONNECTION INC,2017,292.56,1,1,1.0,91.0,0.18299550059219027,False,-0.4319707724081079,0.03316999040348047
ELECTRIC CONNECTION INC,2018,4515.25,3,4,0.75,105.0,0.1599579552360763,False,-0.2790928837451898,0.11004427686822307
ELECTRIC CONNECTION INC,2019,537.98,3,3,0.0,37.142857142857146,0.1866426256505329,False,-0.21195614796313453,-0.5955947283524766
ELECTRONIC SYSTEMS INC,2017,7276.86,2,1,5.0,20.0,0.188755422993924,False,-0.4053885504126949,0.2975239431199557
ELECTRONIC SYSTEMS INC,2018,331.78,1,1,14.0,8.0,0.06570121347146235,False,-0.60254734385785,2.0691498881877424
ELITE K-9 INC,2019,128.82,1,1,1.0,14.0,0.20554675201799066,False,-0.3214010382588306,-0.5849896864498542
EMBASSY SUITES  HOTEL,2019,16390.64,2,2,1.0,0.0,0.19091104311328078,False,-0.24018089487485214,-0.688477043265094
EMLEX CONSTRUCTION CO,2018,3700.0,1,1,3.0,703.0,-0.0400783881192005,True,-1.3552447972477222,5.362482789210513
EMORY C COLLINS CO INC,2018,650.0,1,1,0.0,31.0,0.19709334068074308,False,-0.3234944049217462,-0.6562839980659554
ENCOMPASS SUPPLY,2018,252.0,1,1,0.0,5.0,0.198927412300823,False,-0.28617880430571857,-0.8650806801054228
ENCOMPASS SUPPLY,2019,121.58,1,2,0.0,48.0,0.1903649306567387,False,-0.30113596115021746,-0.5156938632902046
ENVIROMATION INC,2018,1598.0,1,1,1.0,21.0,0.20385380528182284,False,-0.3313695141734911,-0.5285071684682299
"ENVIRONMENTAL OPTIONS, INC.",2016,175.0,1,1,0.0,42.0,0.19471222363305607,False,-0.3393186346098541,-0.5680735488853004
"ENVIRONMENTAL OPTIONS, INC.",2019,2218.0,4,3,1.1428571428571428,20.0,0.20243355825166515,False,-0.19933494693285303,-0.49384388821368724
"ENVIRONMENTAL OPTIONS, INC.",2020,1038.9,2,2,0.0,49.0,0.18986414132557705,False,-0.28913859507821377,-0.5060107742420541
"ENVIRONMENTAL OPTIONS, INC.",2021,795.0,1,1,1.0,1.0,0.199498648134461,False,-0.30269367085793286,-0.6892177728031084
ESSENTIAL EDUCATION,2017,13000.0,1,1,6.0,26.0,0.16020964792205528,False,-0.4493484694215514,0.5532075737684984
ESSENTIAL EDUCATION,2019,337.5,1,1,1.0,19.0,0.2044907222481272,False,-0.32856954476948974,-0.5448104748590665
EXTINGUISHER SALES & SERVICES LLC,2019,108.5,1,1,0.0,8.0,0.198572696854393,False,-0.2904953027824864,-0.8410260309231136
EXTINGUISHER SALES & SERVICES LLC,2021,77.5,1,1,1.0,0.0,0.2001884197881843,False,-0.30129868480228805,-0.697386595511981
EZELL AUTOMOTIVE SOLUTIONS LLC,2019,55.1,1,1,0.0,8.0,0.198572696854393,False,-0.2904983621259294,-0.8410365392557031
"F & R ELECTRIC, INC.",2017,15750.0,1,3,7.0,10.0,0.14367488506295295,False,-0.3548992090126436,0.6416220789236249
FACTORY DIRECT FOOD SERVICE EQUIPMENT CO,2018,45470.0,3,6,0.6666666666666666,12.0,0.17293074041486617,False,-0.047727843137274684,-0.6373393259971964
FACTORY DIRECT FOOD SERVICE EQUIPMENT CO,2020,59250.0,1,1,1.0,100.0,0.14897395965867039,False,-0.44151786887153427,0.11702060883693259
FAMILY FOCUS INC,2017,77800.0,3,2,2.0,190.0,0.11421682658416649,False,-0.518429684041874,1.0581984929119896
FARMERS MARKET LLC,2016,5002.6,12,2,1.3333333333333333,7.6,0.18679208797006513,False,-0.1253687030185155,-0.5456697552345984
FARMERS MARKET LLC,2017,13664.25,28,2,0.8620689655172413,6.625,0.15700477777503374,False,0.10112683536493802,-0.6261532011674072
FARMERS MARKET LLC,2018,3943.0,11,2,0.55,12.75,0.17838698557156402,False,-0.1287454183205941,-0.6688397359797654
FARMERS MARKET LLC,2019,2322.0,8,2,0.4,60.75,0.17345078366963484,False,-0.234569883365043,-0.31943733865485013
FARMERS MARKET LLC,2020,3572.0,12,3,1.0666666666666667,57.666666666666664,0.17818344669905867,False,-0.14460464282695207,-0.19524129971467294
FARMERS MARKET LLC,2021,786.5,6,3,1.4,30.5,0.20012364048321385,False,-0.19346592393943818,-0.3534341856230855
FARMERS MARKET LLC,2022,13360.33,13,3,0.98,1.0,0.17165333847924302,False,-0.047352555255027476,-0.6647542517644162
FASTENAL COMPANY,2019,2489.9726,13,17,0.0,29.142857142857142,0.12536375807676736,False,0.5886855023533434,-0.5855402823746038
FASTENAL COMPANY,2020,19.32,3,3,0.75,44.0,0.19129910221718993,False,-0.23855111222438888,-0.38475026460707484
FASTENAL COMPANY,2022,6479.9704,15,17,0.14285714285714285,0.0,0.12350660591514878,False,0.654343402767365,-0.7860580494863947
FAYES OFFICE SUPPLY,2016,2180.83,10,24,3.3947368421052633,2.642857142857143,0.11058221842759541,False,0.8385276896492206,-0.06753486880733
FAYES OFFICE SUPPLY,2017,698.47,5,16,2.619047619047619,6.0,0.15492526972033116,False,0.40958914882736736,-0.24328663589784844
FAYES OFFICE SUPPLY,2018,3070.52,18,29,3.40625,35.1875,0.09618450621670721,False,1.132643589951936,0.22921140623215908
FAYES OFFICE SUPPLY,2019,4819.94,21,33,2.2278481012658227,10.0,0.09754705263238422,False,1.4225342447484977,-0.19626808461391976
FAYES OFFICE SUPPLY,2020,449.59000000000003,6,5,0.8571428571428571,5.0,0.1884941432331681,False,-0.05115981976805094,-0.6625980394660832
FAYES OFFICE SUPPLY,2021,591.96,4,4,4.0,4.666666666666667,0.1846415284727062,False,-0.1942924332630941,-0.019125276641596186
FELTON BROTHERS TRANSIT MIX INC,2016,3016.0,2,2,1.0,28.0,0.20204046216916344,False,-0.28115772965679925,-0.4663353551154706
FELTON BROTHERS TRANSIT MIX INC,2019,2496.5,3,1,0.0,7.0,0.1962267822950342,False,-0.2621605908414202,-0.8456338476047162
FERRELLGAS LP,2018,127890.57361,5,2,1.5714285714285714,54.2,0.15514811027348918,False,-0.2842237793991906,-0.10823226169364832
FERRELLGAS LP,2019,4268.02898,6,4,1.1111111111111112,1.1428571428571428,0.19125383901102272,False,-0.0978651721575877,-0.6442432522237951
FERRELLGAS LP,2022,225095.19824,13,3,3.076923076923077,0.0,0.11357697992096061,False,-0.08052708376192899,-0.1952353734336873
FIDELITY ENGINEERING CORP,2017,99107.83,17,5,1.5555555555555556,23.0,0.15673101854921356,False,0.06026484000781684,-0.33728518148685976
FIELDS RESTAURANTS LLC,2018,350.0,1,1,1.0,1.0,0.19934700584432397,False,-0.3027191653866244,-0.6893053422413564
FIRE AND SAFETY EQUIPMENT CO INC,2018,149.2,2,1,1.8,3.0,0.19890230885879306,False,-0.3100542261876198,-0.5055213973817949
FIRE AND SAFETY EQUIPMENT CO INC,2019,112.4,2,1,3.0,17.0,0.19859572285812188,False,-0.3569100423931896,-0.14370194495921665
FIRE PROTECTION EQUIPMENT COMPANY,2017,420.0,1,1,3.0,1.0,0.19296134100886775,False,-0.3472958454437173,-0.2735584271450803
FIRE SAFETY PRODUCTS INCORPORATED,2019,3961.0,2,2,0.5,159.0,0.14124561037811928,False,-0.45808652170542496,0.4815367587475841
FIRE SAFETY PRODUCTS INCORPORATED,2021,25.0,1,1,8.0,0.0,0.13902577539690486,False,-0.4573341090971369,0.7576690637117751
FIRE SAFETY SYSTEMS INC,2018,1400.0,1,1,1.0,614.0,-0.028245765335766615,True,-1.182983652469839,4.231838036295645
FIRE SAFETY SYSTEMS INC,2019,2665.3,3,3,3.8,8.0,0.1885281546352175,False,-0.25468574760443924,-0.039231190459437175
FIRE SOLUTIONS,2016,278.24,1,1,0.0,315.0,0.08255743569637236,False,-0.7313659457528847,1.623489563060265
FIRE SOLUTIONS,2017,6195.639999999999,4,4,0.7777777777777778,150.0,0.12832914136333728,False,-0.330859042536628,0.4788672869373413
FIRE SOLUTIONS,2018,7411.58,3,3,0.6,210.0,0.09825794224545986,False,-0.4731753887242631,0.9181108995854883
FIRE-X CORP,2016,646.95,2,1,3.0,16.0,0.2005869867416511,False,-0.3554433250462005,-0.1516243826902053
FIRELIGHT BOOKS LLC,2021,2238.3900000000003,1,2,3.0,9.0,0.19528934052483238,False,-0.31187811878058924,-0.20475513836522566
FIRST AID SUPPLIES,2016,64.95,1,2,0.0,14.0,0.19804261680955487,False,-0.2523120638599326,-0.7886444030575562
FIRST PIEDMONT CORPORATION,2019,1783.57,1,1,0.0,167.0,0.1400878757511939,False,-0.5187380282126618,0.4356966550685344
FIRST SOURCE SUPPLY INC,2019,856.8000000000001,1,1,0.0,25.0,0.19962713517502656,False,-0.31486600271248294,-0.7044090786079841
FITZGERALDS ORCHARDS,2016,13440.0,4,1,0.25,4.0,0.19095230310091837,False,-0.24941703082611982,-0.8141216288127519
FITZGERALDS ORCHARDS,2017,11088.0,5,1,0.6666666666666666,3.5,0.18980714608340904,False,-0.2447404728501407,-0.7305122668058778
FITZGERALDS ORCHARDS,2018,22680.0,6,1,0.6666666666666666,3.6666666666666665,0.18883716751202256,False,-0.23093479920934024,-0.7254182492113098
FITZGERALDS ORCHARDS,2019,6804.0,2,1,0.0,4.0,0.19765237491078047,False,-0.27098643655029075,-0.8703440276970559
FITZGERALDS ORCHARDS,2020,18480.0,4,1,0.25,5.5,0.19019262142805993,False,-0.2512824224082365,-0.801088387196959
FITZGERALDS ORCHARDS,2021,15120.0,3,1,0.0,3.6666666666666665,0.1897546670199461,False,-0.25665040227228647,-0.8699084932405848
FLAGCENTRAL INC,2021,498.0,1,1,4.0,0.0,0.18887275660309794,False,-0.36814562955354047,-0.07370413711977519
FLORENCE ELSTON INN AT SWEET BRIAR COLLE,2019,800.0,1,1,1.0,12.0,0.20519883399249544,False,-0.3184904008296992,-0.6009128667002981
FLOWERS BAKING CO OF LYNCHBURG,2018,45.519999999999996,2,2,2.0,331.0,0.07743571452476938,False,-0.7387542548152931,2.1733183427851808
FLOWERS BAKING CO OF LYNCHBURG,2019,5.52,1,1,0.0,5.0,0.19731966044366267,False,-0.28619292541006,-0.8651291837349493
FMB LAUNDRY INC,2020,584.5,1,2,0.0,29.0,0.1954735004671032,False,-0.2738236843185627,-0.6681277239469435
FOSTER FUELS INC,2018,7115.748143,3,2,3.0,51.0,0.18971577476998625,False,-0.3451527621397917,0.13631497334623327
FRANK DONIO INC,2016,33571.25,11,2,1.7272727272727273,7.242424242424242,0.1790090682420637,False,-0.1453804118097036,-0.4625064658767522
FRANK DONIO INC,2017,36304.2,12,2,0.8913043478260869,3.5434782608695654,0.17349297881154357,False,-0.1078968819504995,-0.6639573637226243
"FRANKLIN TRUCK AND TRAILER SERVICE, INC.",2016,3774.17,3,2,0.3333333333333333,24.0,0.19765235632046818,False,-0.24712878930302554,-0.6353994442606068
FREEDOM FORD LINCOLN MERCURY INC,2019,42.41,1,1,3.0,8.0,0.1970103713412953,False,-0.35737012479826913,-0.21743932626788978
FUEL CREATIVE INC,2023,5100.0,1,1,2.0,0.0,0.19895039886254973,False,-0.3233012855907245,-0.4885316715070751
FULTERER USA,2021,2316.6,1,1,3.0,50.0,0.18950827883994942,False,-0.4175557149104415,0.12016863091861717
G2 TRUCK REPAIR LLC,2019,1093.94,1,1,0.0,0.0,0.1951582703991998,False,-0.27895010664509573,-0.9050531451721385
GAMMONS LAWN CARE INC,2016,2707.0,1,1,2.0,11.0,0.20260174517327212,False,-0.33923539956204646,-0.4006986564445313
GED TESTING SERVICE LLC,2018,240.55,1,1,4.0,16.0,0.19610112604624425,False,-0.3911378575804659,0.05468726913687509
GEMEINSCHAFT HOME,2022,1925558.0,2,1,7.5,0.0,-0.0715685777800551,True,-0.32249217537657954,1.034127224822883
GENERAL PRODUCE LLC,2016,16940.75,5,2,1.375,21.0,0.19143029131769534,False,-0.23852348571438842,-0.43741377676118254
GENERAL PRODUCE LLC,2017,358.5,1,1,0.0,1.0,0.19458084873398396,False,-0.2804283331962846,-0.8971702396309242
GENSERV LLC,2016,1599.0,3,3,5.0,0.5,0.17552993378666848,False,-0.27072455831939796,0.14979164183495605
GENSERV LLC,2017,4330.15,3,4,3.5,0.0,0.18707384936241578,False,-0.1896122354087334,-0.16126015572724509
GENSERV LLC,2018,7825.0,3,2,1.6666666666666667,1.0,0.19568455464709072,False,-0.24358704792630623,-0.5420823475377057
GENSERV LLC,2019,1050.0,2,1,9.666666666666666,0.3333333333333333,0.11980310633619384,False,-0.4815237543474495,1.10846587317733
GENSERV LLC,2020,8865.0,3,1,3.0,6.0,0.19517719730421573,False,-0.32723067587187415,-0.22880853980758106
GENSERV LLC,2022,7972.3,6,3,1.5,0.0,0.19620054765202527,False,-0.15148245797394636,-0.5760761624426227
GENSERV LLC,2023,2085.0,2,1,6.0,0.0,0.15815541964910151,False,-0.3992544948238793,0.34381624591728777
GERICHARDS GRAPHIC SUPPLIES OF VA INC,2017,3118.65,1,2,0.0,43.0,0.19039228838069416,False,-0.293783793773597,-0.5552422305514119
"GLENWOOD FOODS, LLC",2016,41815.2,16,1,0.45454545454545453,4.944444444444445,0.15826420173083416,False,-0.09313623268123891,-0.7407386594004044
"GLENWOOD FOODS, LLC",2017,66321.6,40,1,0.6226415094339622,7.117647058823529,0.12391008161853473,False,0.22254162787769302,-0.6481302728777153
"GLENWOOD FOODS, LLC",2018,117015.59496,55,3,0.4939759036144578,5.6,0.10332384235380437,False,0.5248115636639393,-0.6465098134174245
"GLENWOOD FOODS, LLC",2019,60624.729999999996,39,2,0.5490196078431373,7.75,0.13007924862894027,False,0.2563695725534437,-0.6567290926433123
"GLENWOOD FOODS, LLC",2020,92763.679,36,1,0.7121212121212122,5.96078431372549,0.12880154382389936,False,0.1701997344642375,-0.6395136668390421
"GLENWOOD FOODS, LLC",2021,143679.56608,36,1,0.8225806451612904,5.490909090909091,0.11335639969813666,False,0.1713293657485904,-0.6103053316659012
"GLENWOOD FOODS, LLC",2022,260452.85563,56,1,0.5416666666666666,6.5,0.07212435005237927,False,0.4504500393880092,-0.6081191934255936
GLOBAL INDUSTRIAL EQUIPMENT CO.,2019,1184.84,1,1,0.0,3.0,0.19853431987181985,False,-0.28325317609371675,-0.8809523695261768
GLOBAL INSTITUTE OF FORENSIC RESEARCH,2017,5980.5,1,1,1.0,29.0,0.2001363879174331,False,-0.34260717525392814,-0.46342372278021904
GLOBAL ONE LOGISTICS,2018,103.88,2,1,0.0,7.5,0.19624073008656517,False,-0.27639661704112234,-0.8435658100056513
GLOBAL TELLINK CORPORATION,2016,1250000.0,1,1,38.0,90.0,-0.1676814574025005,True,-1.1836803694429194,7.962129450109439
GLOBAL TELLINK CORPORATION,2020,3750000.0,2,1,7.8,0.0,-0.08819237488706855,True,-0.22465503418860772,1.4555104791140212
GLOBAL TELLINK CORPORATION,2022,4677225.0,8,3,4.631578947368421,0.0,-0.05313128844586612,True,0.07298188461801616,0.9966643824983175
GLOCK INC,2017,250.0,1,1,6.0,85.0,0.14127790396928758,False,-0.5348083823824654,1.0243286898115471
GOALTEX CORP,2020,294.93,2,2,0.0,43.5,0.19198814833966016,False,-0.2812827097062382,-0.5503091376561057
GOOCHLAND AUTO PARTS,2018,29.52,2,2,0.0,0.5,0.19105464704423164,False,-0.2195459420245309,-0.895549425847875
GOODMAN TRUCK & TRACTOR CO INC,2021,5217.17,2,1,1.3333333333333333,4.333333333333333,0.20057428868524346,False,-0.3012765055037127,-0.5908249892605378
"GREAT LAKES PACKERS, INC.",2016,6814.5,2,1,0.5,7.5,0.19301862822389537,False,-0.2871573310107308,-0.7383119739090513
"GREAT LAKES PACKERS, INC.",2017,23460.0,6,1,0.3333333333333333,9.0,0.18920700348383462,False,-0.2311191565780478,-0.7517395905274121
"GREAT LAKES PACKERS, INC.",2018,72491.75,14,2,0.7142857142857143,9.416666666666666,0.15598400391482137,False,-0.08355048463035641,-0.643534774993677
"GREAT LAKES PACKERS, INC.",2019,34971.0,6,1,0.3333333333333333,10.25,0.1783615736469567,False,-0.2322547945086199,-0.7394398588520099
"GREAT LAKES PACKERS, INC.",2020,12090.0,5,1,0.0,9.5,0.18869567603899745,False,-0.23843939146295345,-0.8207270256243759
GREENLINE SERVICE CORP,2019,469.02,1,1,4.0,25.0,0.1943083318629379,False,-0.4040495999106074,0.12698089226295392
GREENLINE SERVICE CORP,2021,933.8499999999999,3,1,3.7916666666666665,28.0,0.1930504696334847,False,-0.37692561613744685,0.11079960580853057
GREYHOUND LINES INC,2021,236.0,5,1,1.8,5.8,0.1969260249163134,False,-0.2739275993744577,-0.47860212028395394
GREYHOUND LINES INC,2022,1113.0,10,1,1.894736842105263,0.0,0.18174493159628607,False,-0.20075521495746484,-0.49792244351490084
GT TONER,2016,1011.9300000000001,3,2,4.25,94.0,0.15877312893590617,False,-0.4351173612735074,0.7401351039372674
GT TONER,2019,1049.93,2,2,1.0,336.0,0.07537819242865917,False,-0.7235868278820801,2.005787572242293
GUERNSEY OFFICE PRODUCTS INC,2016,519.64,7,13,0.631578947368421,9.333333333333334,0.15700332684547352,False,0.33544823494618803,-0.6394147355738051
GUERNSEY OFFICE PRODUCTS INC,2017,597.51,3,11,2.4705882352941178,2.1333333333333333,0.16856766800270406,False,0.15767221598935155,-0.32927841288821896
GUERNSEY OFFICE PRODUCTS INC,2018,1645.39,9,32,1.4363636363636363,7.6909090909090905,0.10689641471863986,False,1.2359377621686705,-0.4018762346816109
GUERNSEY OFFICE PRODUCTS INC,2019,8594.31,19,39,2.8333333333333335,11.828947368421053,0.0764614155473281,False,1.6606793919319776,-0.03258645101119646
GUERNSEY OFFICE PRODUCTS INC,2020,665.04,10,30,0.17391304347826086,27.71875,0.10091735413044167,False,1.1550365537265113,-0.5106882450034614
GUERNSEY OFFICE PRODUCTS INC,2021,2776.29,25,33,2.8360655737704916,51.30232558139535,0.07633262604057,False,1.403069445340879,0.2672173724341057
GUERNSEY OFFICE PRODUCTS INC,2022,37407.56,83,79,1.8798882681564246,2.0,-0.04988683119161286,True,4.426167435248622,-0.04063558284103292
GUY BROWN,2016,19.71,1,1,6.0,3.0,0.1636169793679938,False,-0.41706199894193824,0.3660177704556451
"H & M SALES AND SERVICE, INC.",2019,3443.0,1,1,2.0,56.0,0.19688311466741437,False,-0.4038173914413704,-0.03931050450229954
H C KUHLMAN SUPPLY INC,2016,450.29,1,1,0.0,8.0,0.19867485274197833,False,-0.2904757212657191,-0.8409587716909814
H C KUHLMAN SUPPLY INC,2018,22.98,1,1,1.0,5.0,0.20232326670684836,False,-0.3084822703240744,-0.657259177800175
H C KUHLMAN SUPPLY INC,2019,8226.52,7,3,3.764705882352941,54.60606060606061,0.17843580578715496,False,-0.2669874139076319,0.3345626644493918
H C KUHLMAN SUPPLY INC,2020,3511.79,3,8,0.48148148148148145,126.0,0.12604194125472462,False,-0.11611378957029656,0.2395086908808127
H&E EQUIPMENT SERVICES,2016,486.05,1,1,3.0,4.0,0.19643180491328116,False,-0.3516003385755697,-0.24946254161269257
H&E EQUIPMENT SERVICES,2018,1302.18,2,3,2.5714285714285716,46.0,0.1928329969588934,False,-0.2953309764686234,0.008696606952175601
H&E EQUIPMENT SERVICES,2019,0.0,1,1,0.0,0.0,0.19380970795554786,False,-0.27901277964445925,-0.9052684164334351
HACKWORTH REPROGRAPHICS INC,2021,460.0,1,1,4.0,59.0,0.18184321604793308,False,-0.4528772583600128,0.3999185130783478
HAJOCA CORPORATION,2019,831.35,1,1,5.0,28.0,0.1881113797591224,False,-0.4306274640587446,0.3590016513947726
HALIFAX SECURITY INC,2016,71464.59,10,6,1.8392857142857142,23.91891891891892,0.16608347842529558,False,0.004172992177194584,-0.2824703989959885
HALIFAX SECURITY INC,2017,15969.220000000001,6,4,3.3157894736842106,29.11111111111111,0.18573403472081879,False,-0.18650283716347868,0.040857073663290236
HALIFAX SECURITY INC,2018,91681.39,6,3,3.230769230769231,169.5,0.10025952632106272,False,-0.4286837800227292,1.1608487801564036
"HALL AUTOMOTIVE, LLC",2021,606329.44,6,3,7.375,86.6,-0.02068093695929818,True,-0.37252331396268196,1.4580804951634354
"HALL AUTOMOTIVE, LLC",2022,103494.72,4,3,4.5,1.5,0.1471482034028821,False,-0.24179685847969257,0.07541250599296358
HAMPTON ROADS TRANSIT,2018,1092.0,1,1,1.0,19.0,0.20464002116209673,False,-0.3285263186528656,-0.544662000384554
HAMPTON ROADS TRANSIT,2022,1387.0,2,2,1.0,6.0,0.20327227357940503,False,-0.2496570239648432,-0.6432637626481101
HANDY RENTALS INC,2021,200.0,2,1,2.0,28.0,0.2024702854008174,False,-0.3504116949059059,-0.26324735445861647
HARLAND TECHNOLOGY SERVICES,2017,3754.2,1,1,4.0,83.0,0.17109307175999594,False,-0.4871547477576299,0.5932298659943163
HARPOS HARDWARE LLC,2017,140.5,4,6,0.0,3.2857142857142856,0.17819158138540353,False,-0.009569165077479425,-0.8533173270877834
HARPOS HARDWARE LLC,2018,17.99,1,1,0.0,15.0,0.2008688257070556,False,-0.30055313501502307,-0.7848504369350641
HARRIS GROUP PROMOTIONS AND SUPPLY LLC,2016,2120.0,6,4,1.7058823529411764,17.0,0.19678717167947696,False,-0.13401821373555692,-0.3937376302049092
HARRISONBURG REFRIGERATION SERVICE INC,2020,13.52,1,1,4.0,3.0,0.1893347766870015,False,-0.37248166314130415,-0.04971658777354187
HARRY MOORE JR MD,2020,16800.0,1,1,1.0,0.0,0.19164152163181863,False,-0.30034063478870615,-0.6940958540937753
HASKINS MOTOR CAR COMPANY,2018,1148.8,1,1,3.0,11.0,0.20025690820620973,False,-0.3616150157324161,-0.19313871716384645
HAYNSWORTHS INC - OFFICE PLUS BUSINESS,2018,2666.08,6,25,2.2888888888888888,12.444444444444445,0.13110316679807943,False,0.8424079091857003,-0.22030004721967836
HAYNSWORTHS INC - OFFICE PLUS BUSINESS,2019,2037.02,10,22,2.0681818181818183,9.022727272727273,0.1298112696058944,False,0.7653221603015038,-0.30054322326755195
HAYNSWORTHS INC - OFFICE PLUS BUSINESS,2022,847.73,8,20,0.7916666666666666,3.0,0.12103788754818523,False,0.6819907957003333,-0.6258690397171163
HAZELDEN PUBLISHING AND EDU MATERIALS,2018,692.83,1,1,1.0,68.0,0.18886241132595732,False,-0.39891771525247544,-0.15138671600455678
HAZELDEN PUBLISHING AND EDU MATERIALS,2019,1799.0,1,1,0.0,5.0,0.19788987234156435,False,-0.28609017501159334,-0.8647762533167269
HEALTHFORCE OF VIRGINIA INC,2021,241128.57,5,2,11.2,140.0,-0.002665373478953237,True,-0.6155771619880099,2.604280016696462
HEALTHSIM LLC,2017,9800.0,2,2,12.0,60.0,0.07296018305773672,False,-0.5719178212563008,2.0784160439983657
HEATHSVILLE KILMARNOCK ANIMAL CLINIC,2019,237.7,1,1,10.0,0.0,0.11911263792763693,False,-0.501902613717726,1.173444060063867
HEC SOFTWARE INC,2017,25000.0,1,1,7.0,55.0,0.14129569262973757,False,-0.5125980014007765,0.9962368162611157
HENRY SCHEIN INC,2016,299.98,3,2,2.3333333333333335,23.0,0.19944820300012162,False,-0.29047242741527585,-0.22837760278421693
HENRY SCHEIN INC,2017,2112.48,4,4,2.3333333333333335,20.0,0.19823831825059035,False,-0.1790748291808314,-0.24218002840558964
HENRY SCHEIN INC,2018,7313.860000000001,17,18,1.4246575342465753,29.633333333333333,0.14392483429759417,False,0.6568272959309617,-0.2743907753032129
HENRY SCHEIN INC,2019,20226.75,22,22,1.3488372093023255,20.435897435897434,0.1176027706467479,False,0.9265791929008351,-0.33717141356601465
HENRY SCHEIN INC,2022,9156.18,21,9,0.75,9.5,0.14864672375795268,False,0.33318754242921406,-0.6080099381900461
HERITAGE ELECTRICAL CORP,2018,19422.32,4,2,5.5,10.0,0.1598696094169218,False,-0.3279128757142005,0.33074529425149063
HERITAGE ELECTRICAL CORP,2019,18780.84,10,5,2.3076923076923075,43.0,0.17729873679252295,False,-0.08349074513650315,-0.04652028896305018
HERITAGE ELECTRICAL CORP,2022,131974.18,29,5,2.103448275862069,0.0,0.11661290221596166,False,0.24353604663250425,-0.38386512502982334
HERITAGE FOOD SERVICE GROUP INC,2017,381.51,2,2,1.0,29.0,0.20046872755531614,False,-0.2827447548253176,-0.4588261546117954
HERITAGE FOOD SERVICE GROUP INC,2018,1787.47,5,7,0.5454545454545454,114.8,0.13470218454184113,False,-0.12159480440473333,0.16128325076979677
HERITAGE FOOD SERVICE GROUP INC,2019,4995.51,20,10,0.96,16.857142857142858,0.1502834610516181,False,0.35112404785162793,-0.503366824078638
HERITAGE FOOD SERVICE GROUP INC,2020,771.26,3,1,0.5,47.2,0.18721111252034817,False,-0.33113551888418075,-0.41932936695625483
"HERITAGE HOME CENTER DBA CAHILL, INC.",2016,1890.01,4,4,1.8181818181818181,48.5,0.19118810245139706,False,-0.20853330308540097,-0.12051915100897255
HERTZLER FARM & FEED INC,2018,296.0,2,1,0.0,5.0,0.19706027585754837,False,-0.27279537927348735,-0.8635970768444992
HERTZLER FARM & FEED INC,2019,55.0,1,1,1.0,13.0,0.2050497897787124,False,-0.3199691750835719,-0.593031842426117
HERTZLER FARM & FEED INC,2022,220.0,1,1,0.0,0.0,0.19533116246191395,False,-0.2790001756078029,-0.9052251236774472
HERTZLER FARM & FEED INC,2023,220.0,1,1,0.0,0.0,0.19533116246191395,False,-0.2790001756078029,-0.9052251236774472
HIGH-TECH MACHINE MFG INC,2017,4478.3099999999995,4,4,1.8333333333333333,18.4,0.19901762223619968,False,-0.16549636778313492,-0.3584919598411174
HIGH-TECH MACHINE MFG INC,2018,7904.0199999999995,8,3,0.0,21.666666666666668,0.18912574542807692,False,-0.12240437892130199,-0.7110075966932101
HILTI INC,2016,396.84,1,1,0.0,19.0,0.19989945368413553,False,-0.30627579990086073,-0.7526653676862961
HILTON GARDEN INN AND SUFFOLK CONF CTR,2023,1500.0,1,1,1.0,0.0,0.20033967874665454,False,-0.3012171882470887,-0.6971066684874693
HOLIDAY INN TANGLEWOOD,2017,144.45,1,1,3.0,1.0,0.19296134100886775,False,-0.3473116319996295,-0.2736126513219548
HOLIDAY INN VA BEACH NORFOLK,2016,28838.18,2,2,4.0,17.0,0.18064103803110237,False,-0.3307523684088333,0.07404185716346566
HOLIDAY INN VALLEY VIEW,2018,1150.3,3,4,1.5714285714285714,60.5,0.1887962239676616,False,-0.23368947986818084,-0.07709985932879344
HOMER VENTERS,2021,104000.0,1,1,12.0,115.0,0.033220427909472994,False,-0.7056892766486302,2.5327734590135345
HONEYBAKED HAM & CAFE,2021,7.0,1,1,1.0,12.0,0.20352611256415526,False,-0.31853583265273827,-0.6010689174071085
HOODMASTERS LLC,2020,2625.0,1,1,0.0,14.0,0.19888120644925272,False,-0.29896768420526526,-0.792365045097533
HOWARD UNIFORM COMPANY,2016,471.59999999999997,2,2,5.0,15.0,0.18799086462566056,False,-0.351795680702544,0.26027104398583917
HOWARD UNIFORM COMPANY,2017,121.64,1,1,1.0,34.0,0.20031037091324216,False,-0.3501232976581085,-0.42443851359245816
HOWARD UNIFORM COMPANY,2018,4700.7,2,2,1.0,147.0,0.15328519552233727,False,-0.4519562072752069,0.48928405436713146
HOWARD UNIFORM COMPANY,2019,461.20000000000005,1,1,9.0,48.0,0.12642815192261575,False,-0.5485318992645588,1.3509476773652702
HOWARD UNIFORM COMPANY,2020,297.6,1,1,2.0,95.0,0.18070568062921344,False,-0.46000519848715354,0.27314806942049863
HTF MECHANICAL SERVICES INC,2018,4479.95,4,4,2.75,85.5,0.16616557059270443,False,-0.2822908904795346,0.3707066440557922
HTF MECHANICAL SERVICES INC,2019,1315.0,1,1,3.0,318.0,0.08653691373928557,False,-0.8024858615132221,2.271376180199733
HVAC SERVICES OF VIRGINIA LLC,2018,260.0,1,1,0.0,6.0,0.198927412300823,False,-0.28761443837958073,-0.8570514765346106
HYDRAULIC SERVICE CO INC,2018,30.76,2,2,1.0,0.0,0.19813543529108552,False,-0.24111816999855953,-0.6916964264143165
I-CON SYSTEMS INC,2017,798.78,2,1,0.6666666666666666,47.0,0.1901964377203102,False,-0.3479426855142163,-0.387759993649494
ID NETWORKS INC,2017,6375.0,2,2,9.0,10.5,0.12824178935522307,False,-0.43415643361987066,1.0567746945146255
ID NETWORKS INC,2018,25912.0,2,2,4.0,147.77777777777777,0.12816245909020052,False,-0.5187289854870362,1.1233015472974321
IDEAGEN INCORPORATED,2018,2767.0,2,1,0.5,7.0,0.19254118025734407,False,-0.2866711704384385,-0.7431222768709873
IDENTIFY YOURSELF,2016,474.0,1,1,4.0,38.0,0.18619404965188152,False,-0.4227185158331308,0.23134105300761135
IMC INSULATION MATERIALS OF VA,2018,12077.525,9,5,0.0,5.875,0.17886998448036046,False,0.007498499144251684,-0.8270321693304012
IMPRESS SYSTEMS,2019,990.0,1,2,8.0,99.0,0.10053172124281962,False,-0.5526496826896725,1.5568186832019317
INCREDIBLE SUPPLY AND LOGISTICS,2021,804.1899999999999,2,3,3.0,0.0,0.1900417911738289,False,-0.2388522614305575,-0.271586664535741
INGE EQUIPMENT CO INC,2019,4126.8,1,1,2.0,26.0,0.20323412921764872,False,-0.3606954437297674,-0.2800048214085643
INKMARTOFNOVA,2018,800.98,2,2,1.6666666666666667,10.333333333333334,0.2028118365267642,False,-0.2707738949025225,-0.47001497578209556
INSTALLATION SERVICES AND DELIVERY,2019,965.0,1,1,3.0,64.0,0.1834787084639945,False,-0.4377384431629208,0.23228946601151504
INTEGRATED SECURITY CORP.,2021,37715.0,6,4,3.9,163.0,0.10541104854615768,False,-0.3905560684537905,1.2413845267014934
INTEGRITY BUSINESS SOLUTIONS LLC,2018,10584.09,6,6,0.08333333333333333,18.714285714285715,0.18149322195133077,False,-0.006223415099810222,-0.7071352270964
INTEGRITY BUSINESS SOLUTIONS LLC,2019,4506.7,10,7,0.07692307692307693,29.6,0.16820486995945472,False,0.07826430520004037,-0.6121529660485295
INTEGRITY BUSINESS SOLUTIONS LLC,2020,4533.84,5,6,0.0,44.0,0.17848684176831536,False,-0.0544060380641997,-0.5241386453764962
INTEGRITY BUSINESS SOLUTIONS LLC,2021,6169.93,7,8,1.3333333333333333,16.5,0.18912160752149476,False,0.07582616124867575,-0.45602233199759545
INTERLINK COMPUTERS INC,2018,298.0,1,1,4.0,9.0,0.19381772708107692,False,-0.3810819193908922,-0.0014948305716875427
INTERLINK COMPUTERS INC,2020,3224.0,1,1,10.0,17.0,0.12713707792835538,False,-0.5261450962202807,1.3105014177785446
INTERSTATE OFFICE SUPPLY CO,2019,2644.32,6,8,5.105263157894737,5.0,0.1513993674732334,False,-0.005319284258024399,0.23354931356522612
INTOPRINT TECHNOLOGIES INC,2016,91.47,1,1,2.0,27.0,0.20361593782024073,False,-0.36236272452878504,-0.27277128556078845
INTOPRINT TECHNOLOGIES INC,2017,423.09,1,1,2.0,38.0,0.1966235452991847,False,-0.3781407420894026,-0.18440210545815672
INTOXIMETERS INC,2016,212.0,3,1,0.3333333333333333,6.0,0.19404605265038166,False,-0.26828549497348025,-0.7848221761192972
INTOXIMETERS INC,2018,200.0,1,1,1.0,6.0,0.20232326670684836,False,-0.30990822106031973,-0.649196713585649
IRVING FARMS MARKETING,2016,4998.0,1,1,0.0,7.0,0.19742780302621726,False,-0.28877908566532834,-0.8480914787100617
IRVING FARMS MARKETING,2017,40236.0,8,1,0.125,8.625,0.1724261392886603,False,-0.1982138764711492,-0.7918043280919785
IRVING FARMS MARKETING,2018,17127.0,4,2,0.2,8.5,0.19040714493484412,False,-0.20775140881656,-0.7834406561524333
IRVING FARMS MARKETING,2019,6384.0,1,1,0.0,9.0,0.19818397925133813,False,-0.29157186503932797,-0.8317634757697868
IRVING FARMS MARKETING,2020,15272.0,3,1,1.3333333333333333,6.0,0.1958983181328086,False,-0.28971303658946485,-0.5739920201224499
IRVING FARMS MARKETING,2021,27425.5,4,2,0.25,9.0,0.18280844969553484,False,-0.20899396013539104,-0.7670069200614704
IT'S A BREEZE SPECIALTIES,2019,820.95,4,5,1.8333333333333333,14.0,0.1971324929010056,False,-0.11258480693723302,-0.39030882109935977
J & J ENTERPRISES OF SUFFOLK CORPORATION,2018,4400.0,1,1,0.0,22.0,0.19896016113368298,False,-0.31035473176561945,-0.7277947169606042
J & P CONTRACTORS INC,2020,990.5304,1,1,0.0,49.0,0.19175281221914653,False,-0.34932455881323676,-0.511719659506559
J A BARKER CONSTRUCTION INC,2017,3825.0,1,1,0.0,82.0,0.18195380694783048,False,-0.3965532182822166,-0.2462501111553661
J K LOGUE LLC,2016,30422.65,1,1,6.0,0.0,0.13810945504232847,False,-0.41101190459714954,0.34791773287445477
J K LOGUE LLC,2018,120881.72,5,5,1.4210526315789473,0.0,0.155875156876491,False,-0.06303031924568002,-0.5632938726311679
J K LOGUE LLC,2019,47251.17,2,3,1.0,181.0,0.10919555752557336,False,-0.4515432983970817,0.7748211773838652
J K LOGUE LLC,2020,482305.3,5,4,6.0,45.0,0.018777319798258474,False,-0.25581673760371343,0.8166579383802592
J K LOGUE LLC,2021,205964.87,4,2,7.4,242.0,0.007663672797720178,False,-0.6927507456420596,2.624810595544525
J K LOGUE LLC,2022,79566.98,3,2,3.0,0.0,0.1674377404059687,False,-0.26776124060424344,-0.25883678628227225
J T FISHER FUNERAL SERVICES,2019,1130.0,1,1,0.0,8.0,0.1986272370659416,False,-0.2904367799486474,-0.8408250147856522
JAMES MADISON UNIVERSITY,2022,40308.6,2,3,4.5,0.0,0.163505776395033,False,-0.2700245291106127,0.0479870759359247
JAMES RIVER COMMUNICATIONS INC,2016,266404.89,10,9,3.0,30.666666666666668,0.09403345389019419,False,0.12018508535454386,0.06400635879110457
JAMES RIVER COMMUNICATIONS INC,2017,87937.44,11,10,2.090909090909091,64.55555555555556,0.1331229316828622,False,0.141740060088339,0.11766379092439398
JAMES RIVER COMMUNICATIONS INC,2018,29633.75,16,10,2.2794117647058822,75.6875,0.13277236624720679,False,0.1851160095803363,0.2421117355120066
JAMES RIVER COMMUNICATIONS INC,2019,36072.43,16,5,1.4545454545454546,18.830188679245282,0.1716622091422274,False,0.051512354288324055,-0.4056348861534239
JAMES RIVER COMMUNICATIONS INC,2020,138520.17,11,14,3.738095238095238,55.833333333333336,0.07460130337314536,False,0.30765672176713404,0.41689158294174117
JAMES RIVER COMMUNICATIONS INC,2021,23009.64,13,8,2.4285714285714284,65.28571428571429,0.15117479501715264,False,0.06260232282718001,0.1754381580133346
JAMES RIVER COMMUNICATIONS INC,2022,424369.42,54,23,3.4387096774193546,11.0,-0.003118534560110575,True,1.3916910266124727,0.15244729263894227
JAMES RIVER EQUIPMENT VIRGINIA LLC,2018,527.8,1,1,0.0,0.0,0.19538623258454202,False,-0.2789825414146989,-0.9051645531761153
JAMES RIVER EQUIPMENT VIRGINIA LLC,2019,430.0,2,2,1.3333333333333333,15.0,0.20312466333300694,False,-0.2700667982185737,-0.5019145658495944
JAMES RIVER EQUIPMENT VIRGINIA LLC,2022,31276.14,8,6,0.6666666666666666,0.0,0.1613709163749324,False,0.03559660530894256,-0.7290892962661732
JAMES RIVER SOLUTIONS,2016,193380.79001,9,3,2.888888888888889,19.0,0.1403345197123806,False,-0.1589620619077295,-0.09393714540185714
JAMES RIVER SOLUTIONS,2017,6014.93,2,1,0.5,0.0,0.19032507471210386,False,-0.2764324462176295,-0.7986765371608051
JAMES RIVER SOLUTIONS,2018,163373.83299999998,8,4,5.0,3.625,0.1181376256239231,False,-0.1522372833833204,0.21831203072369396
JAMES RIVER SOLUTIONS,2019,81261.29102,6,3,2.7142857142857144,26.0,0.174279055101133,False,-0.2116889030673013,-0.10052620167870521
JAMES RIVER SOLUTIONS,2020,53215.36,2,2,4.5,1.0,0.15862909838273076,False,-0.31752346771244055,0.05433014314520609
JAMES RIVER SOLUTIONS,2022,203183.81642000002,11,3,5.055555555555555,0.0,0.0905590664908063,False,-0.15264861985121336,0.20879444705020997
JARRATT ADAMS,2019,8000.0,1,1,1.0,0.0,0.19710852636344467,False,-0.30084479625496535,-0.6958275643332856
JD CONSULTING,2019,4950.0,1,1,3.0,35.0,0.19324899665121592,False,-0.3958634585546477,0.00027240587614810993
JEFFERSON GALLERIES,2016,149.95,1,1,0.0,1.0,0.19447743889641989,False,-0.2804402812501241,-0.8972112791957481
JETT AND COMPANY,2019,5102.29,4,2,0.11764705882352941,12.0,0.19458807262085642,False,-0.21163096530782047,-0.774828662676287
JN HOOVER & ASSOCIATES,2018,90674.25,12,2,0.15384615384615385,5.2,0.15508363758930832,False,-0.09072268385728612,-0.7932531025145845
JN HOOVER & ASSOCIATES,2019,226298.5,24,1,0.37037037037037035,3.4761904761904763,0.0970587151680607,False,0.02846508787929447,-0.7219192931742399
JOHN Q HAMMONS FALL 2006 LLC,2018,11698.5,1,1,0.0,1.0,0.18542329566246057,False,-0.2797786523977187,-0.8949386948450098
JOHNSON ASSOCIATED FRUIT CO INC,2017,5875.2,3,1,0.8,6.2,0.19848674355819224,False,-0.27865042373489746,-0.6850978166450075
JOHNSON CONTROLS  INC,2016,3659156.72,5,2,2.0,69.0,-0.040852574300292765,True,-0.11272091589887484,0.7945634319534612
JOHNSON CONTROLS  INC,2018,2449979.0,5,5,1.6,302.0,-0.09807817491357251,True,-0.3672825348011602,2.3565793492512253
JOHNSON CONTROLS FIRE PROTECTION LP,2018,1149.0,5,2,0.42857142857142855,0.8333333333333334,0.18493582215381604,False,-0.18937079569653853,-0.7991427452477381
JOHNSON CONTROLS FIRE PROTECTION LP,2019,216445.77000000002,10,7,0.3333333333333333,136.66666666666666,0.06097467369949078,False,-0.06906657718431394,0.34234414749200875
JOHNSON CONTROLS FIRE PROTECTION LP,2022,40367.71,15,11,2.3181818181818183,3.0,0.1479751987463545,False,0.3226741224625286,-0.3284758079073702
JOSEPH T RYERSON & SON,2019,8001.0,2,1,1.0,44.75,0.195729865005703,False,-0.35172896974942014,-0.3351160121655718
JUNE SMALL BUSINESS SERVICES LLC,2018,322.77,2,3,1.3333333333333333,158.33333333333334,0.14084769961068816,False,-0.42911056419728777,0.6529156197228837
JUPITER ASSOCIATES LLC,2016,100901.55,31,13,1.646341463414634,11.434782608695652,0.11054071564218093,False,0.6367036418159946,-0.356457523442809
JUPITER ASSOCIATES LLC,2017,161244.92,78,17,1.8411764705882352,23.700854700854702,0.023327672663367438,False,1.4343142779106957,-0.11939558388566045
JUPITER ASSOCIATES LLC,2018,60004.86,53,48,2.334355828220859,101.74600638977635,-0.0018746068550827832,True,2.4217892720956145,0.6837983804948078
JUPITER ASSOCIATES LLC,2019,108771.33985,91,42,1.3476112026359144,39.473007712082264,-0.005627309132738789,True,2.7636684451732614,0.01908050189321435
JUPITER ASSOCIATES LLC,2020,12975.42,15,12,0.6935483870967742,12.8,0.152425852106098,False,0.39004701155041616,-0.5886779964366698
JUPITER ASSOCIATES LLC,2021,19981.04,26,24,3.161764705882353,54.516129032258064,0.0931797086481253,False,0.9843401681170594,0.32755934324991803
Jiffy Lube #1091,2019,82.99,1,1,7.0,0.0,0.1547626076182021,False,-0.4350404415714604,0.5498139052244517
KATILYST COMPANY LLC,2019,69.83,1,2,0.0,14.0,0.19804261680955487,False,-0.2523117842794831,-0.788643442745514
KEEFE GROUP LLC,2021,213524.0,3,2,9.0,68.0,0.0583714610014881,False,-0.4914830534943497,1.560602192011287
KEEFE SUPPLY COMPANY,2017,16077.630000000001,1,1,0.0,0.0,0.18473597209115905,False,-0.2780916749268715,-0.9021045759222923
KEEFE SUPPLY COMPANY,2020,240225.48,3,2,0.0,5.0,0.12026611464426507,False,-0.1988663686808331,-0.8106831262226357
KENBRIDGE OFFICE & SCHOOL SUPPLY,2016,2846.87,15,9,1.5822784810126582,18.576923076923077,0.17704040833270923,False,0.22095357499658158,-0.3722321388917617
KENBRIDGE OFFICE & SCHOOL SUPPLY,2017,424.27,5,7,1.5555555555555556,32.0,0.19058974131468726,False,-0.02527995289319602,-0.2937064796116777
KENBRIDGE OFFICE & SCHOOL SUPPLY,2018,3852.24,7,6,2.3870967741935485,219.3548387096774,0.08540727064982734,False,-0.3327182419797671,1.3825583732309246
KENBRIDGE OFFICE & SCHOOL SUPPLY,2019,2367.05,10,8,0.14285714285714285,30.0,0.1652798513702905,False,0.12289988066143724,-0.5914330556359515
KEY OFFICE SUPPLY INC,2016,101.03,3,3,2.0,10.666666666666666,0.20027893306688577,False,-0.218539615741914,-0.39248861566284715
KEY OFFICE SUPPLY INC,2018,17.99,1,1,3.0,1.0,0.19296134100886775,False,-0.347318877029064,-0.2736375367852376
KEY OFFICE SUPPLY INC,2019,649.4200000000001,4,5,1.6666666666666667,50.5,0.18851190038758076,False,-0.16129694922948878,-0.13197853497777098
KEY OFFICE SUPPLY INC,2021,478.79,2,2,0.2,11.0,0.19602351844506305,False,-0.23905724213209648,-0.7695975945915942
KIDD TIRE AUTO PARTS,2021,187.98000000000002,1,1,3.0,0.0,0.1938188970694391,False,-0.345873045716636,-0.2816317145486031
KIP KILLMON FORD,2017,75075.92,2,2,0.5,112.0,0.13566754245429463,False,-0.386515928523521,0.11823254980532569
KITCHEN MASTER LLC,2018,3380.6,5,4,2.0625,33.666666666666664,0.19565525334838435,False,-0.17921090066800605,-0.1870417988247285
KITCHEN MASTER LLC,2019,6108.67,6,4,1.131578947368421,31.47826086956522,0.19826780601188831,False,-0.141780397807274,-0.39610508684943535
KITCHEN RX LLC,2021,600.0,1,1,4.0,16.0,0.1965702730559254,False,-0.39111726430330124,0.05475800359660156
KITCHEN SPECIALTIES,2017,4969.4,4,5,11.0,12.0,0.08397307128881837,False,-0.31380311745106254,1.4998958330341936
KITCHENS WELDING INC,2016,27783.73,6,2,2.8,30.0,0.17772314768590103,False,-0.26920994905666173,-0.06534656753221431
KITCHENS WELDING INC,2017,16274.83,2,2,2.0,160.0,0.14317613460437756,False,-0.4922526593653615,0.8037874233030009
KLOKE TRANSFER,2019,6887.7,1,1,2.0,0.0,0.19881368490882628,False,-0.3231988663346754,-0.4881798785076237
KOGER LLC,2016,13217.320000000002,1,2,4.0,0.0,0.18024244258508093,False,-0.3206146376647171,-0.0669767403659044
KOGER LLC,2018,38346.3196,3,2,2.7,6.0,0.18900082450500227,False,-0.27205226743003613,-0.2811425997159358
KOGER LLC,2020,31560.27,2,2,1.0,0.0,0.18454616721436629,False,-0.23931181045401007,-0.685491883765028
KPD INC. DBA ROTO-ROOTER,2021,1380.0,1,1,6.0,0.0,0.1615702743836933,False,-0.41267578925715565,0.3422025676031466
L S LEE INC,2016,4000.0,1,1,6.0,44.0,0.16238851483194156,False,-0.4757137523473718,0.695933833676061
LABORATORY CORP OF AMERICA HOLDIN,2018,6450.639999999999,2,1,0.5,0.0,0.19032507471210386,False,-0.2764074839230312,-0.7985907958575715
LABORATORY CORP OF AMERICA HOLDINGS,2020,50290.46,5,2,2.0,85.0,0.1571832400179946,False,-0.34245422447188595,0.2128338351801471
LAERDAL MEDICAL CORPORATION,2019,931.0899999999999,2,2,1.3333333333333333,8.0,0.20151123910491325,False,-0.25998544341617164,-0.5580093637478553
LANCO PAVING INC,2016,338880.0,4,3,0.5,54.0,0.08702853200180632,False,-0.2145448528466627,-0.28828288437526023
LAND & COATES INC,2018,376.7,1,1,0.0,5.0,0.198927412300823,False,-0.28617166010857736,-0.8650561409841876
LASERSERV INC,2017,185.85000000000002,1,1,1.0,12.0,0.2050497897787124,False,-0.31852558614384735,-0.6010337223643429
LAW CLEANING & WASHING SERVICE,2020,5728.89,1,1,6.0,28.0,0.16971905610416638,False,-0.4526372239400017,0.5678319851142773
LAWRENCE SANITARY COMPANY INC,2017,1666.1,1,1,6.0,2.0,0.1626907080128714,False,-0.41553158308533017,0.3583141264420084
LAWRENCE TRAILER AND TRUCK EQUIPMENT INC,2016,11508.43,2,1,0.0,0.0,0.18701519541456718,False,-0.2649725450851115,-0.9015287823973811
LAWRENCEVILLE BUILDING SUPPLY INC,2016,579.26,2,2,0.0,23.333333333333332,0.1980647849176741,False,-0.2523052233515823,-0.7121437096950158
LAWRENCEVILLE BUILDING SUPPLY INC,2018,1762.1000000000001,5,3,0.5,25.714285714285715,0.1907869553406522,False,-0.17985689637020205,-0.5802149998640536
LAWRENCEVILLE BUILDING SUPPLY INC,2019,1052.0,2,3,1.0,34.8,0.19897041977714575,False,-0.2442333893025694,-0.40790954006087726
LD LOWER HOLDINGS INC,2021,20000.0,1,1,36.0,69.0,-0.03972674520639974,True,-1.179409761683574,7.135770231894229
LEA & ASSOCIATES COUNSELING SERVICES LLC,2019,400996.25,9,3,3.3333333333333335,104.0,0.05644663453687865,False,-0.27904222317645444,0.7216521475250338
LEA & ASSOCIATES COUNSELING SERVICES LLC,2020,82630.0,3,1,6.0,48.5,0.12924631132650038,False,-0.45090956242549884,0.7504812794555383
LEBANON BLOCK & SUPPLY CO INC,2019,990.0,2,2,0.5,76.0,0.17639234953869976,False,-0.3390610640865427,-0.1853411212119268
LEE HARTMAN AND SONS INC,2016,246.8,2,2,3.5,40.0,0.19082514190393357,False,-0.3542753519737624,0.1491176837836875
LEE HARTMAN AND SONS INC,2017,79159.56999999999,7,4,4.930232558139535,138.6,0.09401148664560699,False,-0.3627243449848821,1.2692919052487148
LEE HARTMAN AND SONS INC,2018,1224.95,2,1,1.0,59.5,0.19375684648677227,False,-0.37329953987939235,-0.21804190687980898
LEE-MICHAELS INC,2016,261.57,2,2,1.0,18.0,0.20316070702612915,False,-0.2669546098897935,-0.5471536792117566
LEONARD AUTOMOTIVE CONCEPTS INC,2017,1200.0,1,1,1.0,12.0,0.20519883399249544,False,-0.31846748439941475,-0.6008341525985021
LEONARD AUTOMOTIVE CONCEPTS INC,2021,2392.14,2,1,2.0,49.0,0.19530377532022097,False,-0.38044404529901826,-0.09423575856653983
LESS LETHAL LLC,2019,40.0,1,1,4.0,4.0,0.19152385725672438,False,-0.373916238476087,-0.04168374761122681
LEWIS SUPPLY CO INC,2016,979.528,4,4,0.0,0.0,0.18294497334377635,False,-0.09840708366582818,-0.8879775592452968
LEWIS SUPPLY CO INC,2017,8.94,2,2,0.0,0.0,0.18987894936116306,False,-0.21882907487363518,-0.8995672903328003
LEWIS SUPPLY CO INC,2018,950.39,3,3,0.1111111111111111,63.0,0.17813027055417613,False,-0.2515424719812876,-0.36484572925891084
LEWIS SUPPLY CO INC,2019,545.21,4,2,0.0,16.166666666666668,0.1937046173671424,False,-0.21525337011189163,-0.7667318640497085
LEWIS SUPPLY CO INC,2020,84.13,2,1,0.0,1.0,0.1918197902977158,False,-0.2670631479238275,-0.8957492868914726
LEWIS WELDING & CONSTRUCTION WORKS INC,2017,24200.0,1,1,4.0,61.0,0.17183871345180657,False,-0.45438935302756245,0.4206454535974879
LIEBHERR EQUIPMENT SOURCE,2017,8668.949999999999,1,1,0.0,0.0,0.1910715745415955,False,-0.278516126173672,-0.9035624949015256
LINKEDIN CORPORATION,2017,250.0,1,1,5.0,16.0,0.1896761209934305,False,-0.4134276613959966,0.2625556988217611
LINKOUS SUPPLY INC,2018,19515.1,2,1,2.6666666666666665,26.0,0.19166369943992517,False,-0.36129315738863044,-0.13692397279101914
LITL JS CARPET CLEANING INC,2016,85.0,1,1,1.0,0.0,0.2001884197881843,False,-0.30129825511922015,-0.6973851196225725
LOTTS APPLIANCE CENTER INC,2016,159.99,1,1,1.0,24.0,0.20411644514705024,False,-0.33576017652067786,-0.5047072597657102
LYNCHBURG CAMERA SHOP INC,2016,9.88,1,1,3.0,4.0,0.19486799036009705,False,-0.35162761886709115,-0.24955624484732306
LYNCHBURG CAMERA SHOP INC,2018,539.9100000000001,1,2,1.0,59.0,0.19318732661632992,False,-0.33919935621785646,-0.2194410498739252
LYNCHBURG CITY,2019,46.0,1,1,0.0,423.0,0.03968111139778152,False,-0.8864772304988217,2.4904278248405887
"LYNCHBURG FIRE EQUIPMENT COMPANY,INC.",2021,58.5,1,1,1.0,244.0,0.12623411462033735,False,-0.6517063195348497,1.2613512120295671
LYNCHBURG PULMONARY ASSOCIATES INC,2021,230.0,2,1,6.5,67.0,0.14110271921720763,False,-0.506724133342759,0.985235656650328
MAC BUSINESS SOLUTIONS NC,2019,49.99,1,1,8.0,8.0,0.14416372521964704,False,-0.4688214166128967,0.8218950156854944
MACE INCORPORATED,2019,3996.32,5,11,1.75,5.0,0.17572834407214494,False,0.19657410822321786,-0.45243335538268814
MAGAZINE SUBSCRIPTION SERVICE AGENCY,2019,1499.39,4,2,0.8275862068965517,41.3448275862069,0.19443344685870656,False,-0.26980405196581736,-0.3923956472003056
MAGAZINE SUBSCRIPTION SERVICE AGENCY,2021,12.0,1,1,0.0,2.0,0.19555679880036775,False,-0.2818842769564862,-0.8892107964328286
MAJOR SAFETY SERVICE INC,2016,964.9,3,4,3.2,6.0,0.19278995686081307,False,-0.19173448505121818,-0.17611658259152915
MAJOR SAFETY SERVICE INC,2018,15.0,1,1,5.0,290.0,0.08849978996787794,False,-0.8069304430749433,2.4620798794116245
MAJOR SAFETY SERVICE INC,2019,138.0,1,1,1.0,83.0,0.18641742996983557,False,-0.42049088809702806,-0.03108145903566283
MALLARDS SIDEWALK CAFE LLC,2019,330.0,1,1,5.0,3.0,0.18422510970144107,False,-0.3947538768778593,0.1582122608880301
"MANAKIN AUTO CENTER, INC.",2019,3448.44,9,6,0.0,50.16129032258065,0.16898090115357572,False,-0.009792787119832736,-0.46899190260261403
"MANAKIN AUTO CENTER, INC.",2022,554.0,1,1,0.0,0.0,0.19538623258454202,False,-0.2789810403885153,-0.9051593974024476
MAPLE RUN ENTERPRISES,2016,75.0,1,1,0.0,5.0,0.1988253337695502,False,-0.28618894482611956,-0.8651155110954675
MARKS SEAMLESS GUTTERS,2017,1681.0,1,1,1.0,56.0,0.1963437629254286,False,-0.3816279931005772,-0.24752381018494146
MARSH LP GAS COMPANY,2022,32287.391773,18,4,2.85,0.3333333333333333,0.1530436222845179,False,0.026713055342899958,-0.2660718062563811
MARTIN CONTROL & EQUIPMENT CO INC,2019,11800.0,2,1,2.5,1.0,0.18865233508958323,False,-0.32211779616912484,-0.37377735127137596
MARTIN LA BARBERA,2016,101500.0,3,2,5.0,75.0,0.13441908353993914,False,-0.4187922949123182,0.7632846454268318
MARY & K.D S DINER INC,2022,297.0,1,1,1.0,0.0,0.2001884197881843,False,-0.3012861094111694,-0.6973434011486206
MATT'S PRODUCE LLC,2016,32058.85,5,1,0.6,1.25,0.17687991429490696,False,-0.23882179937509548,-0.7583054499891221
MATT'S PRODUCE LLC,2017,38717.5,7,1,0.2857142857142857,5.4,0.1790207749905673,False,-0.21063275610630422,-0.786060068335199
MATTHEW MCCARTHY DO,2021,0.0,1,1,0.0,0.0,0.19380970795554786,False,-0.27901277964445925,-0.9052684164334351
MAYO & ASSOCIATES INC,2016,10.0,1,1,1.0,377.0,0.0652443703905719,False,-0.8427093876802283,2.3290163633519554
MCCLUNG-LOGAN EQUIPMENT CO INC,2020,26185.0,1,2,0.0,1.0,0.17377549684562693,False,-0.23214641686571996,-0.8878635431251102
MCKESSON MEDICAL SURGICAL GOVT LLC,2021,5006.58,3,3,1.3333333333333333,2.0,0.19806162551009265,False,-0.1909522072066074,-0.5996737763032322
MCKESSON MEDICAL SURGICAL INC,2019,15058.02,2,2,1.5,1.0,0.19141023920105577,False,-0.25283850711873235,-0.5767783689100405
MCKESSON MEDICAL-SURGICAL MINNESOTA SUPL,2018,568.87,5,10,1.3636363636363635,24.75,0.17762707642866393,False,0.12982481144685695,-0.3790986545690463
MCKESSON MEDICAL-SURGICAL MINNESOTA SUPL,2019,3493.2799999999997,27,30,1.6952380952380952,10.666666666666666,0.09675525143419988,False,1.3732514651932526,-0.3057128121491749
MCKESSON MEDICAL-SURGICAL MINNESOTA SUPL,2020,37031.89,8,14,0.4444444444444444,70.5,0.11370056709796472,False,0.3140535610016956,-0.17440597875844038
MCKESSON MEDICAL-SURGICAL MINNESOTA SUPL,2021,335979.1,6,6,0.8461538461538461,27.0,0.09417854897398376,False,-0.016483768849326647,-0.41802276099077196
MCKESSON MEDICAL-SURGICAL MINNESOTA SUPL,2022,48939.94,100,62,1.7142857142857142,3.375,-0.029096291353619796,True,3.860381318385677,-0.10849254125990311
MCMASTER-CARR SUPPLY CO,2017,232.46,1,2,1.0,13.0,0.20320003982952856,False,-0.27315671984556894,-0.5887724987841217
MEDIA GENERAL INC,2018,4455.5,1,1,1.0,22.0,0.2032431930919949,False,-0.33264189732711386,-0.5199172253147492
MEDIA GENERAL INC,2021,4107.5,1,1,2.0,39.0,0.19536923443813964,False,-0.37936575067960887,-0.1756494386098858
MEDLINE INDUSTRIES INC,2018,4413.32,2,4,4.6,294.0,0.06279883833159006,False,-0.6497189207981916,2.426057504163491
"METAL AND WOOD TECHNOLOGIES, INC.",2022,262.5,1,1,1.0,0.0,0.2001884197881843,False,-0.30128808595328144,-0.6973501902399003
METRO OFFICE SYSTEMS INC,2019,7350.0,1,1,0.0,7.0,0.1957766048940347,False,-0.2886443370552555,-0.8476286397915017
MICROWAVE SPECIALTIES INC,2017,2295.0,1,1,0.0,6.0,0.19667219798127572,False,-0.28749785104050823,-0.856651018541724
MICROWAVE SPECIALTIES INC,2021,1410.0,1,1,6.0,47.0,0.16284585432364518,False,-0.4801704134408672,0.719507047733261
MID ATLANTIC TEST & BALANCE INC,2016,750.0,1,1,3.0,68.0,0.18158671573111967,False,-0.4434951303540697,0.2643576743369044
MID ATLANTIC TRANSPORT REFRIGERATION,2016,6401.97,3,3,2.2666666666666666,16.5,0.1992037663237819,False,-0.23249992585003576,-0.28898976071309973
MID-ATLANTIC TRAILER SALES & SERVICE,2016,2100.0,2,1,0.0,80.0,0.18021782829761523,False,-0.38039895635798315,-0.26116987958718746
MIDDLE PENINSULA GOLF CARTS INC,2019,701.95,1,1,4.0,49.0,0.18751518608946788,False,-0.4385024727595673,0.31968983238291004
MIDDLE PENINSULA NORTHERN NECK COMMUNITY,2016,68035.0,3,3,5.0,351.0,0.01774367409516653,False,-0.7702687554783789,2.9765493327182853
MIDDLE RIVER REGIONAL JAIL AUTHORITY,2021,1023999.81,4,1,3.6,204.0,-0.032961885452461925,True,-0.553412109208439,1.6866205080456629
MILLER'S STORAGE BUILDINGS,2019,5314.0,2,2,0.5,1.0,0.18872364093535748,False,-0.23110640729008822,-0.786562418429725
MILLERS OFFICE PRODUCTS INC,2018,386.35999999999996,3,3,1.5,12.0,0.2023837877260637,False,-0.20929288614114006,-0.48566224623993093
MOBILE-TEL,2019,145.0,2,1,2.0,80.66666666666667,0.1835288483751697,False,-0.42604904577836983,0.15953029822793113
MOBILEXUSA,2017,360.0,2,1,1.0,2.0,0.20070166358558145,False,-0.29077378065343507,-0.6798008003903094
MODUFORM INC,2020,2005.0,1,1,0.0,291.0,0.09186727316367216,False,-0.6968008001557641,1.4311662610356808
MOJOHNS,2018,8266.61,4,3,0.0,0.5,0.18489206460004548,False,-0.14550993346419303,-0.8867541764457842
MONIQUE WILLIAMS,2017,1500.0,1,1,1.0,23.0,0.20481797592490947,False,-0.33424731350384634,-0.5124711948456174
MORRIS DISTRIBUTING INC,2022,535.9972,1,1,0.0,0.0,0.19538623258454202,False,-0.2789820717882931,-0.9051629400880272
MORRIS PAINT & FLOOR COVERING INC,2019,459.09999999999997,2,2,0.0,17.0,0.1966239139257434,False,-0.24321685556494427,-0.7630090075734445
MOTOROLA,2016,897.1,2,2,4.333333333333333,44.0,0.18642415175207633,False,-0.37855775287726173,0.3545783121099794
MOUNT ROGERS COMMUNITY SERVICES,2022,94000.0,3,1,6.0,0.0,0.12320400320040542,False,-0.38060768137497736,0.3633787072934435
MOUNT ROGERS COMMUNITY SERVICES BOARD,2019,15000.0,1,1,9.0,84.0,0.09931048387955671,False,-0.5993982822618454,1.6428033532191884
MR DS SOUTHERN KITCHEN AND CATERING,2016,175.25,1,1,1.0,15.0,0.20554675201799066,False,-0.32283447063665305,-0.5769529204217121
MSC INDUSTRIAL SUPPLY CO,2016,10236.78,8,7,2.8,15.4,0.18671229178130982,False,0.011524966646751377,-0.16193093609649648
MSC INDUSTRIAL SUPPLY CO,2018,855.96,3,3,0.6,171.6,0.12318515989004603,False,-0.418405018991257,0.6085598855464454
MSC INDUSTRIAL SUPPLY CO,2019,864.8499999999999,4,4,0.7142857142857143,38.833333333333336,0.18661384185507868,False,-0.17010358380873095,-0.42778440066278584
MSC INDUSTRIAL SUPPLY CO,2020,866.6999999999999,6,2,1.0,115.0,0.16557827413818926,False,-0.3526972874809171,0.2375452212994844
MSC INDUSTRIAL SUPPLY CO,2021,2252.85,2,2,0.3333333333333333,61.333333333333336,0.18387883918841158,False,-0.3142109679460213,-0.337475602199383
MSDSONLINE INC,2019,3000.0,1,1,6.0,40.0,0.16068334668249207,False,-0.4700266738132121,0.6636265312664666
MURRAY ENTERPRISES LLC DBA MUR AUTOM,2022,19340.77,3,4,12.909090909090908,0.0,0.05530193274861733,False,-0.3984841453760512,1.7975291676447687
MUSTAIN GLASS CO INC,2019,282.6,1,1,0.0,46.0,0.19455507697202717,False,-0.34505683969997825,-0.5359418576368126
MXI ENVIRONMENTAL SERVICES LLC,2019,211.0,1,1,1.0,2.0,0.20217229118491892,False,-0.30416322124861606,-0.6813050661029544
Mangum's Towing & Road Service,2022,1115.4,1,1,3.0,0.0,0.19429122973062407,False,-0.3458199128272,-0.28144921196788425
NAPA OF FARMVILLE,2019,50.0,1,1,7.0,8.0,0.15969491170856154,False,-0.44653107082378984,0.6140284475891156
NATIONAL FATHERHOOD INITIATIVE,2020,5875.57,2,1,5.75,11.0,0.17015266636542947,False,-0.4092617591141163,0.3808994538598795
NATIONAL GLASS LLC,2018,311.0,1,1,1.0,1.0,0.19934700584432397,False,-0.30272139973857715,-0.6893130168662815
NATIONAL GLASS LLC,2020,631.88,1,2,8.0,14.0,0.14238682940335112,False,-0.43060234555995025,0.8743997209206196
NATIONAL HARDWARE AND SUPPLY CO INC,2016,14788.76,16,20,2.230769230769231,15.0,0.13549272894877185,False,0.7405255243197844,-0.21585322746695457
NATIONAL HARDWARE AND SUPPLY CO INC,2017,1289.69,7,5,0.42857142857142855,17.0,0.18426980228675538,False,-0.04541088904740301,-0.6537118968834168
NATIONAL HARDWARE AND SUPPLY CO INC,2018,8888.789999999999,5,8,1.3529411764705883,75.5,0.15989371690934573,False,-0.03594639812508564,0.01926875327706683
NATIONAL HARDWARE AND SUPPLY CO INC,2019,1275.4,2,2,0.0,5.666666666666667,0.1975734137406997,False,-0.22689437496520698,-0.8538281703763342
NATIONAL SECURITY & DOOR CORP,2022,62.5,1,2,0.0,0.0,0.19184589547523018,False,-0.23220691058852003,-0.9010316952242958
NATIONAL SOFTWARE ESCROW INC,2016,75.0,1,1,1.0,0.0,0.2001884197881843,False,-0.30129882802997726,-0.6973870874751171
NATIONAL SOFTWARE ESCROW INC,2017,600.0,2,1,12.0,1.0,0.08557917426650602,False,-0.5345177357709564,1.5987510694885327
NATIONAL SOFTWARE ESCROW INC,2018,600.0,2,1,3.5,7.0,0.19787654966554702,False,-0.3536663558480938,-0.11994900032477343
NATIONAL SOFTWARE ESCROW INC,2019,75.0,1,1,6.0,2.0,0.1636169793679938,False,-0.41562273891589446,0.3580010214235896
NATURES WAY FARMS INC,2016,100463.0,30,1,0.1111111111111111,8.05,0.11438651161632896,False,0.10075182735293502,-0.7550066814922335
NATURES WAY FARMS INC,2017,224777.5,63,1,0.5432098765432098,10.796296296296296,0.0669404052068795,False,0.5358682123111334,-0.5700051086688402
NATURES WAY FARMS INC,2018,353784.45,63,2,0.5113636363636364,6.273972602739726,0.028706303482532225,False,0.5972657859998284,-0.5833173279026953
NATURES WAY FARMS INC,2019,204405.5,52,1,0.4782608695652174,7.521739130434782,0.08247111930314355,False,0.39366143449717234,-0.6300260680023269
NCS PEARSON INC,2021,750.0,1,1,3.0,9.0,0.19868019319234415,False,-0.35876567860847425,-0.20927245370088923
NCS PEARSON INC CERTIPORT BUSINESS GROUP,2019,1863.0,1,2,1.0,49.0,0.195267465908383,False,-0.32476263094381635,-0.2994569781593239
NELSON AUTO PARTS LLC,2018,215.88,2,1,1.5555555555555556,28.0,0.20409571774955032,False,-0.3405039650275363,-0.35562937175954457
NETWORKING TECHNOLOGIES AND SUPPORT,2021,800.0,1,1,10.0,5.0,0.12655268503204425,False,-0.5090508609581923,1.2136928588563471
NETWORKING TECHNOLOGIES AND SUPPORT,2022,2736.0,4,3,11.8,14.0,0.08260195053521263,False,-0.4282401090448635,1.6733560032142858
NEW HORIZONS SERVICES INC,2018,85.0,1,1,0.0,337.0,0.07227406093081717,False,-0.7629710495346449,1.8000593806307645
NEW READERS PRESS,2018,862.5,1,1,3.0,3.0,0.19631033841955242,False,-0.35014267894765044,-0.257416091092416
NEW READERS PRESS,2019,743.51,3,3,2.6,9.8,0.19681394830332005,False,-0.23063240108583677,-0.2745995217509434
NEW READERS PRESS,2021,3478.82,1,1,21.0,103.0,-0.009752083776941589,True,-0.8948282412987515,4.287459952138383
NEW RIVER VALLEY COMMUNITY SERVICES,2020,48000.0,1,1,3.0,24.0,0.1773602428699314,False,-0.37760006131813234,-0.07955991109460397
NEWSOMES BODY SHOP INC,2017,250.6,1,1,1.0,12.0,0.2050497897787124,False,-0.31852187654669506,-0.6010209805191149
NEXTIRAONE FEDERAL LLC,2018,1639461.0,27,6,1.568421052631579,368.54285714285714,-0.13078586260406555,True,-0.1673935875359507,2.7613717455805062
NEXTIRAONE FEDERAL LLC,2019,39090.89,9,4,1.775,97.0,0.1548116224705186,False,-0.2081854474136436,0.2745401212487536
NICKEY GREGORY COMPANY,2019,6627.0,6,2,0.1111111111111111,3.3333333333333335,0.1901174595822318,False,-0.17218998189642776,-0.8425101250139546
NOLAND CO,2016,41.94,1,1,1.0,3.0,0.20217229118491892,False,-0.30560899928034346,-0.6733107053293022
NORFOLK BANANA DISTRIBUTORS,2016,19384.5,20,2,0.36,4.526315789473684,0.16322533564260122,False,0.00861251585520925,-0.7580379106272989
NORFOLK BANANA DISTRIBUTORS,2017,59140.5,52,2,0.578125,4.313725490196078,0.11868816869377541,False,0.43452233282133407,-0.6593819858563017
NORFOLK BANANA DISTRIBUTORS,2018,103613.5,73,2,0.6576576576576577,5.754901960784314,0.08046005349948021,False,0.7142267545791633,-0.5915551051281526
NORFOLK BANANA DISTRIBUTORS,2019,105802.68,69,1,0.5274725274725275,4.845070422535211,0.0839147018764882,False,0.6182347434464289,-0.6356134345436154
NORFOLK BANANA DISTRIBUTORS,2020,194074.35,79,2,0.8363636363636363,4.032967032967033,0.057661756373353024,False,0.7981842190446472,-0.5415801318975132
NORFOLK BANANA DISTRIBUTORS,2021,162902.15,67,1,0.9,3.263888888888889,0.07321733747844583,False,0.58871118187771,-0.5625841214492733
NORFOLK BANANA DISTRIBUTORS,2022,191305.66999999998,98,3,0.6744186046511628,0.0,0.032379582064380685,False,1.1084665910043197,-0.5759147182359171
NORFOLK BANANA DISTRIBUTORS,2023,35389.5,17,2,0.9444444444444444,0.0,0.16242890921711373,False,-0.03714051386265361,-0.6741623199004347
NORFOLK BEARINGS & SUPPLY CO.,2016,10597.0,3,3,4.666666666666667,43.0,0.17694916753092188,False,-0.32381286525296044,0.42344770363976536
NORFOLK BEARINGS & SUPPLY CO.,2017,4980.0,1,1,1.0,29.0,0.2001363879174331,False,-0.34266449497517737,-0.463620606427336
NORFOLK STATIONERY CO INC,2019,132.59,2,3,2.6666666666666665,4.0,0.19554433178948893,False,-0.2372049926548106,-0.30889716504562853
NORTH CAROLINA CORRECTIONAL ENTERPRISES,2018,51054.0,12,2,1.4166666666666667,16.416666666666668,0.17612347395783856,False,-0.137249445557612,-0.44850837303125785
NORTH CAROLINA CORRECTIONAL ENTERPRISES,2019,52098.0,19,1,1.75,17.764705882352942,0.15275431125163214,False,-0.0996916164119179,-0.3620923226098835
NORTH CAROLINA CORRECTIONAL ENTERPRISES,2020,16395.0,8,1,0.875,16.8,0.19114379479289462,False,-0.22803756730950253,-0.5749700883603512
NORTH CAROLINA CORRECTIONAL ENTERPRISES,2021,7534.0,3,2,3.0,21.333333333333332,0.19938153097376732,False,-0.30252472543444364,-0.10175572308933896
NORTHERN NECK REJIONAL JAIL,2021,270000.0,3,1,6.333333333333333,81.0,0.05401762913138197,False,-0.49427805172174355,1.1175397411625931
NORTHERN TOOL & EQUIPMENT,2022,39.12,1,1,1.0,0.0,0.2001884197881843,False,-0.3013008836337738,-0.6973941481300484
NORVA BARBER SUPPLY LTD,2016,20.95,1,1,7.0,28.0,0.1632692143218154,False,-0.47525458317889385,0.774575316752996
NOVA SOURCE LLC,2016,7116.25,8,4,0.09090909090909091,23.0,0.18907532930186666,False,-0.07958840763791893,-0.6773377294491076
NUKUMERS LOGISTICS LLC,2018,16600.0,1,2,0.0,121.0,0.1442392253177956,False,-0.40502664012253875,0.07356578486374492
NUKUMERS LOGISTICS LLC,2020,3819.091,4,2,0.0,0.5,0.18985253654514173,False,-0.1925670249756567,-0.8918538047347808
NUKUMERS LOGISTICS LLC,2021,2223.0915,3,2,0.0,27.2,0.19615758585795368,False,-0.24438303287463445,-0.6793051166019562
NYP CORP,2021,5600.0,1,1,0.0,4.0,0.1976182915315235,False,-0.284436319230347,-0.8720559018531875
NYS DOCCS OFFICE OF NUTRITIONAL SERVICES,2019,8732.16,1,1,1.0,60.0,0.1903796706284031,False,-0.3869683941690358,-0.21402572871478856
NYS DOCCS OFFICE OF NUTRITIONAL SERVICES,2021,31155.839999999997,2,1,2.4285714285714284,55.0,0.17672719103640733,False,-0.39696570149204363,0.0486759620753556
NYS DOCCS OFFICE OF NUTRITIONAL SERVICES,2022,399974.88,12,1,3.44,0.0,0.06909153722501998,False,-0.1855866295815866,-0.09527386505516987
Norfolk City Sheriff's Dept.,2017,58265.0,2,1,2.0,243.5,0.09114000151044438,False,-0.6565630013265238,1.478133093074597
"O.O. STIFF SEPTIC TANK SERVICE, INC.",2016,150.0,1,1,0.0,80.0,0.18367993133385174,False,-0.3938915781805201,-0.2630285555431685
OAK HALL INDUSTRIES LP,2017,85.7,2,2,3.0,43.5,0.1918519430833931,False,-0.3481657323665983,0.0732493991577903
OAK HALL INDUSTRIES LP,2018,1368.0,1,1,0.0,267.0,0.10416903635827823,False,-0.6623710769117671,1.2383778058979427
OBERRY SERVICE CENTER INC,2016,79.95,1,1,1.0,14.0,0.20554675201799066,False,-0.32140383807370065,-0.5849993033452412
OCI VIRGINIA CROSSINGS LLC,2018,8817.56,4,6,1.9333333333333333,26.571428571428573,0.1931414099067198,False,-0.08560715176579599,-0.2628053588265401
OFFICE DEPOT INC,2016,7857.93,12,47,3.5089285714285716,2.0,0.05979099427992324,False,1.9404452068214868,0.05226992346289704
OFFICE DEPOT INC,2018,35.96,1,1,1.0,19.0,0.2044907222481272,False,-0.3285868203204597,-0.5448698134847053
OFFICE DEPOT INC,2021,59.95,1,1,1.0,3.0,0.20217229118491892,False,-0.3056079674680699,-0.6733071612268687
OHD LLLP,2020,31246.2,2,2,1.0,17.0,0.1898498710366095,False,-0.26374337470410997,-0.5490839902007107
OLD DOMINION TRADING LLC,2019,400.66,2,5,1.6,34.8,0.19273135290314475,False,-0.16404033567412643,-0.2748689278685309
OLD DOMINION TRADING LLC,2021,5518.4,3,2,2.75,3.0,0.19641082368989882,False,-0.27073925431069007,-0.3012922095919093
ONE STOP AUTO REPAIR INC,2019,39.0,1,1,7.0,10.0,0.1629142042652561,False,-0.4494038858305581,0.6300815415288685
ONESOURCE MARKETING INC,2016,235.1,3,5,1.1428571428571428,106.4,0.16351647098190325,False,-0.24330326047757717,0.20632697640718636
ONESOURCE MARKETING INC,2017,38.15,1,1,0.0,69.0,0.18474766001873344,False,-0.3781009697601935,-0.35135448815042103
ONESOURCE MARKETING INC,2018,5555.82,9,9,0.10526315789473684,33.42857142857143,0.1649997796876378,False,0.15241819038671564,-0.5683473075895049
ONESOURCE MARKETING INC,2019,7169.31,22,13,1.1578947368421053,32.17857142857143,0.13983696061611106,False,0.4920031315658717,-0.32318544755375156
ONESOURCE MARKETING INC,2020,6732.13,9,11,2.388888888888889,11.235294117647058,0.17700169859837966,False,0.22705895022302938,-0.2631369378082604
ONESOURCE MARKETING INC,2021,1157.18,6,12,2.263157894736842,4.055555555555555,0.16684221569398222,False,0.24651248629424904,-0.3482059678331759
ONESOURCE MARKETING INC,2022,57916.47,100,123,1.1974789915966386,7.0,-0.10279289168896488,True,6.722149148931522,0.07263697279562677
PACKAGING PROS PLUS,2021,330.0,1,1,2.0,19.0,0.20421176991687096,False,-0.35086031966875386,-0.3369453806842443
PAGE COUNTY COUNSELING PLC,2018,61990.0,1,1,9.0,6.0,0.10488969030801076,False,-0.48469096722169064,1.025895207803123
PAGE COUNTY COUNSELING PLC,2020,58356.0,1,1,8.0,134.0,0.06787490549187658,False,-0.6464286452904968,1.8448500690874252
PAMS CLEANING SERVICE LLC,2018,1350.0,1,1,0.0,22.0,0.20036066816418324,False,-0.3105294695465389,-0.7283949119867981
PARCHMENT INC,2016,1500.0,1,1,3.0,14.0,0.2009307805160479,False,-0.36590317231402947,-0.16898671831614098
PARKER SAFETY INC,2017,967.81,4,3,2.6,43.0,0.19263368779156692,False,-0.26491691423458297,-0.006563145721266697
PARKER SAFETY INC,2018,4624.5,5,3,2.5,30.8,0.195355402836922,False,-0.23157715247431454,-0.12309235266879273
PARKER SAFETY INC,2019,8508.92,7,8,3.0,16.57894736842105,0.183950454443768,False,0.03869621342554216,-0.108484009607803
PARKER SAFETY INC,2021,368.2,2,3,1.2,11.0,0.20145612378171845,False,-0.21455163480464834,-0.5575283648779238
"PARRISH MOTOR COMPANY, INC",2022,1180.73,2,2,0.0,0.0,0.19151500241780767,False,-0.21876194176402752,-0.8993366993394416
PATTERSON DENTAL SUPPLY INC,2016,14149.21,8,3,1.8333333333333333,7.9393939393939394,0.195538114417525,False,-0.14319858609430197,-0.43888738020577256
PATTERSON DENTAL SUPPLY INC,2017,789.96,2,2,1.0,23.375,0.2035295204845775,False,-0.2746433345215624,-0.5039011924239649
PAYNE INDUSTRIAL & FARM EQUIPMENT INC,2019,796.5300000000001,3,3,0.0,30.0,0.19011918519636267,False,-0.20168353248074,-0.6528840587304724
PAYNE INDUSTRIAL & FARM EQUIPMENT INC,2020,18121.73,2,2,0.0,21.0,0.18560618179964372,False,-0.24794931410222484,-0.7274227452788308
PCMG INC,2016,524.99,1,3,0.0,34.0,0.19098424759742616,False,-0.23420526735910943,-0.6237768660628238
PEELE BROTHERS INC,2016,6854.4,4,1,0.5,5.5,0.19275535269141147,False,-0.2575210518420746,-0.7514094913354978
PEELE BROTHERS INC,2017,9990.0,7,1,0.0,6.571428571428571,0.19143839645699717,False,-0.20759219509349164,-0.8416998710136254
PEELE BROTHERS INC,2018,1300.0,1,1,1.0,0.0,0.20033967874665454,False,-0.30122864646223096,-0.6971460255383672
PEELE BROTHERS INC,2019,2821.0,3,1,0.6666666666666666,21.0,0.19589956756725724,False,-0.2971075236660308,-0.5946054673706139
PEELE BROTHERS INC,2020,6064.0,4,1,0.0,8.0,0.19500794272746658,False,-0.250011393106388,-0.8354292422108216
PEELE BROTHERS INC,2021,3776.0,2,1,0.5,0.0,0.19046526962392912,False,-0.2765607169257717,-0.79911712557064
PEELE BROTHERS INC,2022,7040.0,4,2,2.5,0.0,0.1916648301768416,False,-0.24739031247353555,-0.37556736682133807
PENINSULA THERAPY CENTER PLC,2017,214925.05,4,2,5.25,15.0,0.11349397893760194,False,-0.318320189716299,0.3573888526558134
"PENNSYLVANIA STEEL COMPANY, INC.",2019,5386.5599999999995,1,1,5.0,10.0,0.18715766822893254,False,-0.4045168279333349,0.21540072235590607
PERFORMANCE FOOD GROUP INC,2018,6440.45,4,1,4.5,15.0,0.18796126858266798,False,-0.36034902617109393,0.1562378079087035
PERFORMANCE FOOD GROUP INC,2019,29242.81,22,2,2.1818181818181817,2.1363636363636362,0.15768613640398216,False,-0.001237646574923233,-0.3936386043335384
PERFORMANCE FOOD GROUP INC,2020,6.0,1,1,1.0,0.0,0.19868890274502438,False,-0.30130278111420133,-0.697400665657677
PERFORMANCE FOOD GROUP INC,2021,45356.88,65,2,2.5384615384615383,1.8181818181818181,0.09964460035182776,False,0.5675716624532136,-0.25546498485064917
PERFORMANCE FOOD GROUP INC,2022,70863.06999999999,75,2,2.2533333333333334,0.2222222222222222,0.06600594882724731,False,0.7114895333381945,-0.30777668968797356
PERFORMANCE FOOD GROUP INC,2023,34135.37,17,1,2.8823529411764706,0.0,0.15371517431869292,False,-0.12721130207269962,-0.27580714400836526
PERFORMANCE FOOD GROUP INC.,2021,8697.75,37,1,1.930232558139535,0.46153846153846156,0.13569837861549738,False,0.15950971395917368,-0.4455229369775473
PERFORMANCE FOODSERVICE VA,2018,2184.8,2,1,2.0,3.0,0.19965830198605022,False,-0.31439567351714126,-0.46354750730490935
PERFORMANCE FOODSERVICE VA,2019,9270.619999999999,9,1,2.888888888888889,1.8888888888888888,0.18431154112770737,False,-0.23854137165995523,-0.2759778130419602
PERSEVERE,2022,514142.46,1,1,1.0,0.0,0.06040694801505103,False,-0.2718473502584143,-0.5962261915340951
PET DAIRY,2016,13077.0,19,2,2.909090909090909,16.1,0.16783967137576639,False,-0.07857074814414111,-0.13797404792761192
PET DAIRY,2017,7325.2,8,2,0.8461538461538461,35.25,0.18769132919111914,False,-0.20760781164242054,-0.4304168598124143
PET DAIRY,2018,32173.5,30,2,3.2857142857142856,20.29032258064516,0.14389878261404493,False,0.05530050185370106,-0.006065980725744439
PET DAIRY,2019,26180.0,32,2,2.738095238095238,13.866666666666667,0.15161032085190268,False,0.10315051731374997,-0.16969394521556325
PET DAIRY,2020,7684.200000000001,7,2,1.6,11.11111111111111,0.20245412562255638,False,-0.20310596444292706,-0.46889979570262375
PFG-VIRGINIA FOODSERVICE,2021,11724.94,4,2,5.2,2.0,0.163299579784555,False,-0.31017802410995815,0.20264955803980744
PHYSIO CONTROL INC,2018,5458.65,2,1,2.0,75.0,0.18645516713518495,False,-0.4176067641065994,0.11508604689238588
PIEDMONT FIRE & SECURITY,2018,816.0,1,1,7.0,266.0,0.07564631768538904,False,-0.8169990256964663,2.6853075415983048
PIEDMONT FIRE & SECURITY,2019,916.0,1,1,4.0,312.0,0.08712652018474742,False,-0.8161825114538214,2.430998457214765
PIEDMONT FRESH LLC,2016,201534.65,131,3,1.8282828282828283,7.418367346938775,-0.0020185166907443763,True,1.5142489668306263,-0.2258269289071617
PIEDMONT FRESH LLC,2017,238086.0,97,2,0.9105263157894737,4.92037037037037,0.040586884735146156,False,1.0386344649478458,-0.48383059655536137
PIEDMONT FRESH LLC,2018,179122.7,124,4,1.5273833671399595,11.577937649880097,0.007039627699904738,False,1.4668345464504036,-0.2654929115582006
PIEDMONT FRESH LLC,2019,151561.56,113,2,1.8472803347280335,15.933660933660933,0.016119084808984274,False,1.211075180934419,-0.19412775634241736
PIEDMONT FRESH LLC,2020,115559.75,110,3,1.2017543859649122,10.682692307692308,0.026944904433875094,False,1.2376020465942656,-0.37774888807692397
PIEDMONT FRESH LLC,2021,64387.0,93,3,2.3399014778325125,13.598870056497175,0.06675274141471954,False,0.977637340582519,-0.15290026465127743
PIEDMONT FRESH LLC,2022,318940.85,150,3,1.6937441643323996,2.652173913043478,-0.04361416574843857,True,1.7850560820403887,-0.2409264950989989
PIEDMONT FRESH LLC,2023,29413.8,41,3,1.68,0.0,0.13487833260840443,False,0.314065334358501,-0.48281774395650945
PIEDMONT REGIONAL JAIL AUTHORITY,2022,200625.15,2,1,5.333333333333333,0.0,0.10981366063788744,False,-0.37301968591437046,0.24430830648532584
PINNACLE TRAVEL STAFFING,2020,42900.0,1,1,0.0,88.0,0.14721119875867578,False,-0.40293112391360464,-0.1903949516035203
PITNEY BOWES GLOBAL FINANCIAL SERVICES,2019,17737.95,5,3,4.4,382.3333333333333,0.0021768450930639283,False,-0.7780118739424534,3.096413946696516
PITNEY BOWES INC,2016,67296.81,22,7,1.0384615384615385,64.0,0.12158032006307773,False,0.17159786595353732,-0.10607531223728829
PITNEY BOWES INC,2017,5465.1,6,5,2.0,30.25,0.1971739491256439,False,-0.1126084892143017,-0.22135162715361797
PITNEY BOWES INC,2018,29974.93,18,7,2.7,235.25,0.04944229276793566,False,-0.16703105141910654,1.6007903300026873
PITNEY BOWES INC,2019,17969.01,10,5,2.0,111.75,0.1480282496719763,False,-0.1754100406613238,0.4412605238320105
PITNEY BOWES INC,2020,37212.25,13,5,4.214285714285714,141.25,0.08840389381677588,False,-0.22588678091837175,1.1465631844314905
PITNEY BOWES INC,2021,9043.59,6,3,2.0,0.0,0.1932509055622303,False,-0.16256625522554574,-0.4719320633352248
PITNEY BOWES INC,2022,63409.88999999999,31,5,2.1666666666666665,4.0,0.13545167269585745,False,0.25921620378790655,-0.349156169650297
PITTSYLVANIA COUNTY COMMUNITY ACTION INC,2019,49999.92,1,1,9.0,399.0,-0.03540528070602089,True,-1.049762205972568,4.178394047348001
PIVOTAL POS TOUCHSCREEN SOLUTIONS LLC,2018,4317.0,1,1,17.0,26.0,0.04840859360178906,False,-0.6950397252101124,2.838031158110304
PLASMA AUTOMATION INC,2018,2800.0,1,1,1.0,134.0,0.16507196299051624,False,-0.4935790917793383,0.37885147703937344
PMC ASSOCIATES INC,2018,3318.7000000000003,1,1,4.0,225.0,0.11644281573910031,False,-0.6911048191715183,1.7330675250222007
PMC ASSOCIATES INC,2019,11368.619999999999,2,2,3.0,9.0,0.19336523901433494,False,-0.2979741338574978,-0.20148349902139936
POINT SECURITY INC,2016,22924.82,3,3,0.2,60.0,0.17423849935935676,False,-0.24795662006025976,-0.3661273448752672
POINT SECURITY INC,2017,1350.0,1,2,9.0,57.0,0.11792717244085033,False,-0.5146035222149689,1.4275956658291793
POLYGRAPH AND ASSESSMENT SERVICES INC,2018,15614.0,4,1,4.0,70.5,0.16269697558547885,False,-0.4283814193523628,0.49964316777499
POTOMAC ENVIRONMENTAL INC,2017,605.0,1,1,0.0,210.0,0.11948066003324492,False,-0.5805575230618748,0.7806527892885258
POWER & HEAT SYSTEMS LLC,2016,10480.0,6,10,4.461538461538462,32.0,0.1526409449752889,False,0.06430855784486365,0.3264772502093327
POWER & HEAT SYSTEMS LLC,2018,11284.57,6,8,2.25,11.6,0.18737875079020982,False,0.049342316575163546,-0.3052818185960894
POWER & HEAT SYSTEMS LLC,2019,10835.85,7,4,6.44,99.1,0.09962400702847252,False,-0.3435662719780468,1.2525856274483496
POWER MECHANICAL INC,2019,62767.0,2,2,1.0,1.0,0.17487794407375545,False,-0.23896003572534646,-0.6713232301714074
POWERHOUSE RECYCLING INC,2018,7.73,4,4,3.5,178.0,0.10451197302728094,False,-0.4321034149145633,1.2682822138649261
POWERHOUSE RECYCLING INC,2019,-0.15,2,2,1.5,23.0,0.20370265777477659,False,-0.28529523873056545,-0.4031337503725654
POWERHOUSE RECYCLING INC,2020,-1.5500000000000007,3,2,2.8125,9.23076923076923,0.19563347923742552,False,-0.28139660511391207,-0.23936848815988745
POWERHOUSE TECHNOLOGY INC,2016,2245.0,1,1,3.0,213.0,0.12055936031658371,False,-0.6516428785537005,1.4286581151649103
POWHATAN AUTO AND TRACTOR PARTS INC,2017,553.01,2,1,0.0,4.666666666666667,0.19751252704438416,False,-0.2723019574266296,-0.8662223774958351
POWHATAN AUTO AND TRACTOR PARTS INC,2018,3659.6133,4,4,0.0,1.6666666666666667,0.186637107511597,False,-0.10064702603343942,-0.8740707758295216
POWHATAN AUTO AND TRACTOR PARTS INC,2019,1495.92,10,8,0.0,18.88235294117647,0.16501609838650233,False,0.14200027619203207,-0.7105480546212732
POWHATAN AUTO AND TRACTOR PARTS INC,2020,260.91,2,2,0.0,0.0,0.19105464704423164,False,-0.21881463924128824,-0.8995177063522266
POWHATAN AUTO AND TRACTOR PARTS INC,2022,13579.87,21,5,0.0,0.0,0.14484271179861902,False,0.1765924636686887,-0.8561995155420933
POWHATAN COLLISION & GLASS,2018,404.82,2,2,0.0,0.0,0.19105464704423164,False,-0.2188063944825826,-0.8994893869862529
POWHATAN COLLISION & GLASS,2020,1027.5,1,1,0.0,18.0,0.19985201283694481,False,-0.3048035763085849,-0.7605688923864756
"POWHATAN OVERHEAD DOORS, INC.",2019,10642.0,4,3,1.4285714285714286,33.0,0.1966917231830621,False,-0.22389019820491202,-0.3284365398859948
PRECISION GLASS & MORE LLC,2016,251.7,1,1,0.0,14.0,0.20097027853008304,False,-0.29910365311525083,-0.7928320755420136
PRECISION LOCKSMITH CO LLC,2022,119.67,1,1,1.0,0.0,0.2001884197881843,False,-0.3012962688376252,-0.6973782970777993
PREMIER PARKING CORP,2017,960.0,1,1,5.0,15.0,0.18983216914876327,False,-0.411950892329774,0.2546677870636725
PRESTIGE EVENTS LLC,2016,0.0,1,1,0.0,18.0,0.19829639105455815,False,-0.3048624428888783,-0.760771089235464
PRESTIGE EVENTS LLC,2017,0.0,1,1,0.0,0.0,0.19380970795554786,False,-0.27901277964445925,-0.9052684164334351
PRESTIGE SERVICES VA LLC,2017,5400.0,1,1,1.0,103.0,0.17522461132222134,False,-0.44891127050598983,0.1305066107489856
PRINCE BOOKS,2018,4869.3,3,2,3.0,19.0,0.19971812831743968,False,-0.2993265066914668,-0.12101123176412237
PRINCE BOOKS,2019,228.4,2,2,2.3333333333333335,6.666666666666667,0.19901837544506334,False,-0.28040125662840254,-0.3609845784324699
PRINCE BOOKS,2020,13.0,1,1,1.0,61.0,0.19253368787826236,False,-0.38890401662720225,-0.20771390154554967
PRO-TEC FIRE SOLUTIONS INC,2021,1170.0,2,2,2.0,232.0,0.12285263564312715,False,-0.5965166843021731,1.3788043242793093
PROCESS & TECHNOLOGY SOLUTIONS INC,2022,449.0,1,1,5.0,0.0,0.18149169444826269,False,-0.3904387820324466,0.13415279046698586
"PROCUREMENT SPECIALISTS, LLC",2019,1582.06,10,13,3.8823529411764706,16.0,0.14915351040086178,False,0.29361699091394566,0.09446393588416978
"PROCUREMENT SPECIALISTS, LLC",2021,10675.42,16,13,4.28125,27.0,0.1326516274511158,False,0.3497348150655286,0.27632432890718756
PROFESSIONAL POLYGRAPH AND INVESTIGATION,2017,37100.0,7,3,1.1428571428571428,15.0,0.19150907816997065,False,-0.15001334494285384,-0.5226929372812772
PROFESSIONAL POLYGRAPH AND INVESTIGATION,2018,23940.0,4,2,3.75,4.0,0.18020688041358568,False,-0.2800293944241312,-0.08029796628506713
PROFESSIONAL POLYGRAPH AND INVESTIGATION,2020,18590.0,3,3,8.666666666666666,176.5,0.0496245484333378,False,-0.604234654279026,2.328175398487444
PROPIO LS LLC,2019,28963.41,16,3,2.5625,155.5,0.10507926841249887,False,-0.26346667282861164,0.9119586106759491
PROPIO LS LLC,2020,2139.91,2,2,1.0,6.0,0.20203119530042496,False,-0.24961388894102937,-0.6431156010621523
PROPIO LS LLC,2021,4565.3099999999995,6,2,4.0,61.0,0.17177901803895967,False,-0.3418074360507128,0.4283807818083731
PROPIO LS LLC,2022,18149.5,29,3,2.5757575757575757,0.0,0.14809105971253872,False,0.13288239420190714,-0.31653567373359254
PURPLE COMMUNICATIONS INC,2019,11824.35,4,4,4.8,23.0,0.18100887711609798,False,-0.2378095544420508,0.2965515517620303
QUANTA SYSTEMS LLC,2016,1883773.80001,5,2,1.5555555555555556,20.0,-0.012689877579478814,True,-0.1341591653675219,-0.04054472517440675
QUARLES PETROLEUM INC,2022,125000.0,6,3,1.1428571428571428,0.0,0.16193187119933283,False,-0.1368169775757169,-0.6272848974529927
R K CHEVROLET INC,2021,219201.84999999998,4,3,4.25,1.0,0.11468738451421778,False,-0.22887724002924528,0.04220150585585139
R&R OFFICE SOLUTIONS,2017,364.56,1,5,1.0,5.0,0.18376973828289883,False,-0.12125354738360375,-0.6402942713700123
RAGSDALE BUILDING SUPPLY CTR INC,2016,2793.9500000000003,2,3,1.0,8.0,0.19814674620860878,False,-0.2056463147270993,-0.6227072149260199
RAGSDALE BUILDING SUPPLY CTR INC,2017,4606.63,3,4,2.3333333333333335,33.0,0.19697277678946418,False,-0.21098204210132643,-0.1388049804187398
RAGSDALE BUILDING SUPPLY CTR INC,2018,3005.14,6,7,1.3478260869565217,26.875,0.18937450466837996,False,0.0002391472795714475,-0.37604526998612103
RAGSDALE BUILDING SUPPLY CTR INC,2019,9791.800000000001,7,21,3.4893617021276597,29.545454545454547,0.12671778073216727,False,0.6176703160094537,0.15249818128856368
RAGSDALE BUILDING SUPPLY CTR INC,2021,1638.4499999999998,2,3,1.5,9.0,0.20107119497217624,False,-0.21829377957564952,-0.5109736859666911
RAPISCAN SYSTEMS,2021,5720.0,1,1,2.0,32.0,0.2003966918625557,False,-0.3692207220027505,-0.23152552740845414
RAPPAHANNOCK REGIONAL JAIL,2021,1000000.0,2,1,5.5,142.0,-0.045038949971844766,True,-0.5348628195477796,1.5761812771255708
RAWLINGS BROTHERS GARAGE & TOWING INC,2021,800.0,1,1,3.0,0.0,0.19429122973062407,False,-0.34583798243247926,-0.28151127803715026
RAWLINGS BROTHERS GARAGE & TOWING INC,2022,2100.0,2,1,4.5,0.0,0.18491136536771058,False,-0.36581811763344907,0.032019342599758784
RE REPLACEMENT PARTS,2016,8068.87,29,44,0.4406779661016949,22.0,0.06433940435690227,False,2.0671963156863606,-0.41252191663365484
RE REPLACEMENT PARTS,2017,2092.9700000000003,6,9,1.3333333333333333,1.0,0.1732952208039778,False,0.1312734042017009,-0.5785033941637634
RE REPLACEMENT PARTS,2018,15549.26,36,48,1.2375,14.672413793103448,0.06642324241535269,False,2.3412620109740154,-0.27701806720527605
RE REPLACEMENT PARTS,2019,82108.05,91,124,3.0942028985507246,31.613095238095237,-0.08902457484716064,True,6.572283951174023,0.6601977358837806
RE REPLACEMENT PARTS,2020,5543.52,9,32,1.6216216216216217,18.846153846153847,0.11245837984177748,False,1.2160116635434999,-0.2730500286842698
RE REPLACEMENT PARTS,2021,20360.5,23,54,0.48936170212765956,8.956521739130435,0.045832858251688924,False,2.4732844374287324,-0.47129703893587316
RE REPLACEMENT PARTS,2022,152964.11000000002,222,261,1.3518248175182481,3.933333333333333,-0.17858954068241228,True,14.819744235058769,0.861719729735284
RECO BIOTECHNOLOGY,2016,4383.6,1,1,4.0,11.0,0.19426979056214383,False,-0.38372003577690156,0.015364413841608146
RECO BIOTECHNOLOGY,2017,1899.8999999999999,1,1,1.0,55.0,0.1965124564891645,False,-0.3801793596816363,-0.25550836318150977
REDISHRED ACQUISITION INC,2022,1079.3,2,1,0.0,0.0,0.1929089102481093,False,-0.26557004116154415,-0.9035810813985382
REDMAN FLEET SERVICESINC,2022,1125.0,1,1,0.0,0.0,0.1951582703991998,False,-0.27894832718428414,-0.9050470330221342
REDWINE INTERNATIONAL INC,2016,8084.09,6,2,5.75,31.0,0.15526411340422652,False,-0.33753117341363365,0.5520108447752857
REDWINE INTERNATIONAL INC,2017,7380.2699999999995,3,1,2.375,10.0,0.2006394200278206,False,-0.3191286415004631,-0.32690680191351945
REDWINE INTERNATIONAL INC,2018,8210.63,5,2,1.3636363636363635,14.555555555555555,0.1973722155428656,False,-0.22951552659802812,-0.4932274667335883
REDWINE INTERNATIONAL INC,2019,27398.32,8,3,1.3636363636363635,12.555555555555555,0.18449411068523724,False,-0.138599057354171,-0.49685761459150796
REDWINE INTERNATIONAL INC,2021,17965.77,3,3,1.5454545454545454,4.0,0.19355320990240799,False,-0.1978102011219559,-0.5369754314220446
REDWINE INTERNATIONAL INC,2022,52299.84,7,1,1.1333333333333333,1.0,0.1773312872807492,False,-0.22242952384942208,-0.6425171688226657
REDWOOD TOXICOLOGY LABORATORY INC,2016,3718.25,15,6,2.7560975609756095,11.0,0.17635827296166612,False,0.06531296135413234,-0.20156091413216673
REED SMITH LLP,2019,3575.0,1,1,7.0,31.0,0.16203301958814992,False,-0.47935924503866506,0.7993575892530438
RELIABLE INVESTMENTS LLC,2016,37298.85,4,3,0.0,35.0,0.1676616037111026,False,-0.19339183308942143,-0.6040878492461977
RENDALL & ASSOCIATES INC,2018,13000.0,2,1,0.0,7.0,0.19101591750777464,False,-0.27493973825258683,-0.8450418583939084
RESTAURANT EQUIPMENT REPAIR INC,2016,2781.5,6,6,0.7,12.85,0.185892811383773,False,-0.011994490597379665,-0.6275625886400387
RETS TECH CENTER,2018,1967.35,1,1,2.0,23.0,0.20387529797970344,False,-0.3565108837358089,-0.3045126571927008
REVOLUTION MOTORSPORTS,2022,3500.0,1,1,0.0,0.0,0.19489401647400528,False,-0.2788122608794698,-0.9045796680427208
RGH PRODUCTS,2018,4311.75,4,17,1.435897435897436,105.0,0.12222955953144504,False,0.32741721984494004,0.30897181089404696
RGH PRODUCTS,2019,3086.87,10,15,2.260869565217391,6.2,0.15689338933969288,False,0.4375249095816364,-0.31251405024234435
RICHMOND MACHINERY & EQUIPMENT CO INC,2017,75.0,1,1,0.0,18.0,0.19979767287882227,False,-0.3048581460581999,-0.7607563303413772
RICHMOND VACUUM SYSTEMS LLC,2016,126.75,1,2,2.0,14.0,0.20306730251944693,False,-0.2968892137038464,-0.37289910160036666
RIVERSIDE LOCKSMITH,2016,125.0,1,1,1.0,3.0,0.20217229118491892,False,-0.30560424068359493,-0.6732943603460642
RIYA PARIKH RICHMOND LLC T/A HOLIDAY INN,2016,20587.5,3,2,2.0,26.0,0.19407763370477815,False,-0.28618829570629956,-0.26959128681979866
ROADS TO RECOVERY INC,2017,3150.0,1,1,1.0,39.0,0.19459177586707205,False,-0.3571302616684061,-0.38370443055529074
ROADS TO RECOVERY INC,2018,19040.0,3,2,5.75,136.5,0.1089121959392263,False,-0.5285539586793818,1.39665686214951
ROANOKE AIRPORT HOTEL PARTNERS LLC,2019,1621.9,1,2,6.0,0.0,0.15676637663509596,False,-0.36585964218223394,0.34647459208694115
ROANOKE STAMP AND SEAL CO,2016,267.84000000000003,5,2,1.6,14.5,0.2022997389956656,False,-0.2351594217211297,-0.44610437171121103
ROANOKE STAMP AND SEAL CO,2018,352.96,8,5,1.875,16.0,0.19699551513954,False,-0.06288895087709885,-0.35978477012814275
ROANOKE STAMP AND SEAL CO,2019,733.24,11,6,5.846153846153846,14.818181818181818,0.13149597439493715,False,-0.06274335321380795,0.46492225057535275
ROANOKE STAMP AND SEAL CO,2021,331.58,9,4,2.5384615384615383,33.6,0.19198306867977716,False,-0.1363755729125131,-0.08334070496589294
ROANOKE STAMP AND SEAL CO,2022,2278.97,40,10,1.5533980582524272,8.0,0.14056919470563306,False,0.6180791268464618,-0.4221567452625182
ROBERT E MASON & ASSOCIATES INC,2019,2000.0,1,1,4.0,50.0,0.18572729705404856,False,-0.4398641984812079,0.3279728987712767
ROBERT P SCHECTMAN,2018,236.5,2,1,14.5,10.0,0.05894830348422542,False,-0.6031892557396777,2.190594626808088
ROBERTS OXYGEN COMPANY INC,2018,273.0,2,2,0.6666666666666666,227.66666666666666,0.11220517396636609,False,-0.5606245470314642,1.0666859875690273
ROBERTS OXYGEN COMPANY INC,2020,0.0,1,1,0.0,3.0,0.19697253040263069,False,-0.2833210568518625,-0.8811855285671064
ROBERTS OXYGEN COMPANY INC,2021,819.98,2,2,0.875,61.0,0.1890252109906207,False,-0.3258882981342929,-0.22783905419845085
ROCKET SOFTWARE INC,2016,9281.16,1,1,0.0,14.0,0.19528030838577853,False,-0.2985863456387589,-0.7910552109580082
ROCKINGHAM NEW HOLLAND INC,2019,1373.35,1,3,6.0,36.0,0.15579555786643523,False,-0.3707709200042326,0.6396447576386132
ROCKINGHAM PETROLEUM COOPERATIVE INC,2019,604.4865,4,1,1.5,184.0,0.12655515034037074,False,-0.536511955166276,0.8881590159566417
ROCKY MOUNT TIRE DIST INC,2019,598.5,1,1,0.0,36.0,0.19422399445606808,False,-0.33067781742448404,-0.616155986062681
RODZINA INDUSTRIES INC,2016,314.3,9,4,2.6363636363636362,15.857142857142858,0.19622448934520648,False,-0.11307845212100182,-0.20542661178866023
RODZINA INDUSTRIES INC,2017,19.0,1,1,4.0,14.0,0.19610112604624425,False,-0.3882783656133541,0.0385884127861905
RODZINA INDUSTRIES INC,2018,404.1,10,4,1.0,59.0,0.17629666666642957,False,-0.1251744221673344,-0.19774442863033684
RODZINA INDUSTRIES INC,2019,2006.2,9,3,0.9090909090909091,112.625,0.15332493865023278,False,-0.26024988878622174,0.2084561338811133
RODZINA INDUSTRIES INC,2021,726.85,8,1,1.2,22.1,0.20000800921051382,False,-0.24379086440575093,-0.46795027874409695
RRS FOODSERVICE,2018,30556.57,17,5,1.9130434782608696,8.0,0.16685262626543618,False,0.0699103214103469,-0.39687970963105773
RRS FOODSERVICE,2019,68435.5,40,2,2.45,3.026315789473684,0.12875461930344073,False,0.23460810200977394,-0.2964868154137219
RRS FOODSERVICE,2021,3068.02,7,1,3.857142857142857,2.1666666666666665,0.1822606353864923,False,-0.28764016350153593,-0.07665075432421722
RRS FOODSERVICE,2022,9133.0,14,1,2.142857142857143,0.0,0.17678971763142337,False,-0.15230281078956637,-0.4388685310543902
"RUBICON, INCORPORATED",2016,129714.5,14,5,3.5,17.5,0.13941290380667992,False,-0.013568213325452378,0.024345961987844354
RUSSELL COUNTY BOARD OF SUPERVISORS,2020,295.2,1,1,0.0,238.0,0.118465978114352,False,-0.6207858591062264,1.0053654453024172
RUSSELL COUNTY BOARD OF SUPERVISORS,2021,32.8,1,1,1.0,9.0,0.20325872450335114,False,-0.3142260773355818,-0.6251467282138713
RUSSELL COUNTY BOARD OF SUPERVISORS,2022,1485.4,5,3,1.1818181818181819,0.0,0.19556923122872183,False,-0.158142621109088,-0.6449669966219538
RUSSELL COUNTY BOARD OF SUPERVISORS,2023,156.55,1,3,13.0,0.0,0.060968464392746835,False,-0.4751737218096946,1.8054766453946252
RVA SECURITY INTEGRATORS INC,2021,388084.94,16,5,3.3793103448275863,17.0,0.08151328356179255,False,0.03140417584299378,0.04903818488802399
S & K OFFICE PRODUCTS INC,2016,2665.9700000000003,18,43,1.6373626373626373,8.857142857142858,0.0775279101953969,False,1.865094385748031,-0.2907891884976041
S & K OFFICE PRODUCTS INC,2017,539.28,8,13,0.6666666666666666,2.5625,0.15052552998171476,False,0.3577716893001834,-0.6849961021158669
S & K OFFICE PRODUCTS INC,2018,7982.43,24,39,3.034782608695652,6.773913043478261,0.06328208309964967,False,1.7303179802899562,-0.024037508115273543
S & K OFFICE PRODUCTS INC,2019,14471.98,54,73,1.8327526132404182,31.49084249084249,-0.015001950040193446,True,3.714692573670615,0.11367472786039215
S & K OFFICE PRODUCTS INC,2020,1133.96,4,17,11.0,32.25,0.0404978666556457,False,0.21852373528002716,1.7123936336642318
S & K OFFICE PRODUCTS INC,2021,901.24,6,13,0.7647058823529411,8.866666666666667,0.15510017140633037,False,0.3197919241118853,-0.6168881746734505
S & K OFFICE PRODUCTS INC,2022,14757.43,49,60,1.610091743119266,6.823529411764706,0.031753587361533664,False,3.079762386118778,-0.1928651073454967
S E BURKS SALES CO INC,2017,63101.0,5,4,0.0,49.857142857142854,0.1534459508792284,False,-0.1530666375511708,-0.47404336460407276
S E BURKS SALES CO INC,2019,142.85,2,2,0.0,7.666666666666667,0.1963018481479954,False,-0.2298314447779392,-0.8379957809387543
S&S WORLDWIDE INC,2019,112.41,1,1,0.0,41.0,0.19489366790598134,False,-0.3378861280558149,-0.576113494963155
S&W FERTILIZER SEED AND CHEMICAL CO. INC,2019,3124.0,3,3,2.0,6.333333333333333,0.19987409846440152,False,-0.21214335946141094,-0.4266801333267789
S. B. COX INC.,2021,1488.6672,4,1,3.9047619047619047,57.18181818181818,0.17698827109161497,False,-0.40794164511889,0.37015326793171294
S. B. COX INC.,2022,3658.0,3,1,2.3636363636363638,0.0,0.1951424360467307,False,-0.304727670950717,-0.41027770276487713
SAFEHOUSE SIGNS INC,2019,960.0,4,1,1.5,50.0,0.19596520674556467,False,-0.344055205484757,-0.1874733489247922
SAFEHOUSE SIGNS INC,2020,1455.93,4,1,2.0,6.0,0.19961988162125432,False,-0.29198390002109803,-0.43665816088756887
SAFEHOUSE SIGNS INC,2022,161.52,1,1,0.0,0.0,0.19533116246191395,False,-0.2790035259899104,-0.9052366316791298
SAFELITE FULFILLMENT INC,2021,778.28,3,3,1.0,0.0,0.19664104046208286,False,-0.1808921511850365,-0.6858499586604208
SAM HOUSTON STATE UNIVERSITY,2017,78656.95,4,1,4.5,58.0,0.1436745132346623,False,-0.4179636385081024,0.5156370096569408
SANDERS TIRE INC,2018,32.0,1,1,0.0,17.0,0.19979767287882227,False,-0.3034245171719877,-0.7687924213960966
SANICO,2016,3995.0,1,1,9.0,43.0,0.12715278263037189,False,-0.5411489820488721,1.3115049306537054
SC REALTY SERVICES,2019,2806.19,1,1,1.0,651.0,-0.028546395959481385,True,-1.2360385092233896,4.529137037437376
SCI-MED WASTE SYSTEMS INC,2017,71.0,2,2,0.0,0.6666666666666666,0.19019008561630474,False,-0.21978291432445501,-0.8942033249807226
SEARS COMMERCIAL,2018,1020.0,2,1,0.0,35.0,0.19392723150798158,False,-0.31583667260870396,-0.6226257256569637
SECOM SYSTEMS INC,2016,11302.52,7,9,7.0476190476190474,16.0,0.12261686071820588,False,-0.0037328538195056083,0.7330072653136974
SECOM SYSTEMS INC,2018,7650.51,7,3,3.1818181818181817,31.333333333333332,0.18994780038910658,False,-0.2206058592518908,0.026461620047920735
SECOM SYSTEMS INC,2021,23107.21,7,3,2.25,54.0,0.18337706438558,False,-0.23150120711975708,0.017769018525219487
"SECOR, INCORPORATED",2022,903331.6,2,1,7.5,0.0,-0.018722064184835685,True,-0.38105662545304414,0.8329681425526964
SECURITY SERVICES INC,2019,978.8,3,1,3.0,461.3333333333333,0.010826407350970402,False,-0.9815832253434494,3.4248867751412075
SELECT RECYCLING WASTE SERVICES INC,2019,1208.1999999999998,1,1,3.0,430.0,0.038996952328557655,False,-0.963334329276493,3.1704496438774816
SENTRY SECURITY FASTENERS INC,2016,1593.15,1,1,1.0,14.0,0.2047258520800806,False,-0.32131714521793425,-0.5847015278981471
SERVICE PLUS PROPANE INC,2018,129.3148,1,2,1.0,13.0,0.20320003982952856,False,-0.2731626291450313,-0.588792796238553
SEXTON'S INCORPORATED,2019,4361.84,2,1,7.0,12.4,0.16065621755174891,False,-0.4392219432178528,0.651673467701176
SHEEHY FORD OF RICHMOND,2017,1769057.8,9,4,3.0,111.0,-0.03110869715998843,True,-0.15648474871922088,0.981995458263576
SHENANDOAH ASPHALT INC,2018,550.0,1,1,2.0,82.0,0.1865256169029218,False,-0.44132153698756355,0.1688385572646417
SHENANDOAH ASPHALT INC,2019,360.0,1,1,1.0,28.0,0.20334177982347512,False,-0.34149308734249567,-0.4725573835918551
SHI INTERNATIONAL CORP,2016,15698.9,10,5,1.9333333333333333,15.625,0.18722548079510226,False,-0.03600969250358426,-0.3446998370632833
SHI INTERNATIONAL CORP,2017,290334.39,12,7,3.2941176470588234,23.3,0.0971487153511057,False,0.058736494017557817,0.0652167340918982
SHI INTERNATIONAL CORP,2018,182231.45,17,8,2.263157894736842,26.142857142857142,0.12339182159299616,False,0.18514781302471653,-0.13593784911336626
SHI INTERNATIONAL CORP,2019,96358.41,21,11,3.4814814814814814,21.933333333333334,0.11794427989682199,False,0.3530469480065325,0.08519289666735175
SHI INTERNATIONAL CORP,2020,239421.22,9,4,4.545454545454546,23.0,0.1078997707037655,False,-0.15219185775169977,0.29580249273288656
SHI INTERNATIONAL CORP,2021,421060.32,41,12,3.8636363636363638,39.375,0.013008125539135773,False,0.6525036333419836,0.40226521975051677
SHOPBEK INC,2019,316.14,1,2,1.0,76.0,0.1852518722029961,False,-0.36362574708381956,-0.08301538660112753
SHOPBOT TOOLS INC,2018,3592.02,1,2,8.0,64.0,0.1206397240216055,False,-0.5022373760784802,1.2763636972626533
SHRADER SECURITY INC,2017,420.0,1,1,5.0,106.0,0.15344239280861227,False,-0.5426662381352204,0.985075788304879
SHUEYS AUTO UPHOLSTERY INC,2021,210.0,1,1,1.0,0.0,0.2001884197881843,False,-0.30129109373475627,-0.6973605214657611
SIMPLEXGRINNELL LP,2016,9464.664,3,3,0.0,35.333333333333336,0.18510563197145885,False,-0.20884608523929837,-0.6083642749018578
SIMPLEXGRINNELL LP,2017,2355.65,4,2,3.111111111111111,13.75,0.1958456010682063,False,-0.2810268320900947,-0.1390797045127272
SIMUTECH SYSTEMS INC,2017,4190.0,2,2,1.0,6.0,0.20329959187022117,False,-0.24949643707962446,-0.6427121735797753
SMITH AND ASSOCIATES PRE EMPLOYMENT,2019,28275.0,5,2,4.0,363.6666666666667,0.020607821058376552,False,-0.7884872871109614,2.861267352548757
SMITH AND ASSOCIATES PRE EMPLOYMENT,2020,54800.0,6,2,3.3333333333333335,18.0,0.17642490104341307,False,-0.2623172331723476,-0.04549954472928999
SMITH AND ASSOCIATES PRE EMPLOYMENT,2021,48125.0,6,1,1.4285714285714286,27.0,0.17642803478216446,False,-0.2799689706768346,-0.37472516876662604
SMITH AND ASSOCIATES PRE EMPLOYMENT,2022,74150.0,12,1,3.1666666666666665,0.0,0.15257427293189446,False,-0.19816079309119017,-0.2162082594692998
"SMYTH PAINT AND DECORATING, INC.",2017,46.5,1,1,0.0,13.0,0.2005469883821988,False,-0.2976793168415191,-0.800900085165011
SNAKE CREEK FARMS LLC,2018,5082.0,2,1,1.0,15.0,0.20478256548644996,False,-0.3091724534260067,-0.5745123996645183
SNAKE CREEK FARMS LLC,2019,25928.0,9,1,0.25,2.111111111111111,0.17418313095996507,False,-0.17908443976569843,-0.8194527507737418
SNAKE CREEK FARMS LLC,2020,44027.75,9,1,0.1875,2.2666666666666666,0.1619887777908413,False,-0.176877731193576,-0.8276339051589949
SNAKE CREEK FARMS LLC,2021,5355.0,1,1,0.0,3.0,0.19694330413461758,False,-0.2830142631414286,-0.8801317435293134
SNAKE CREEK FARMS LLC,2022,52786.5,16,2,0.22580645161290322,0.0,0.15063263193777826,False,-0.03350603629771504,-0.8215946062255377
SNAKE CREEK FARMS LLC,2023,7280.0,2,1,0.0,0.0,0.19175421971553747,False,-0.26521479638838125,-0.9023608750710237
SNAP OFFICE SUPPLIES LLC,2016,1678.58,9,14,0.6538461538461539,8.545454545454545,0.15231750744802713,False,0.40971385170092944,-0.633708552718924
SNAP OFFICE SUPPLIES LLC,2017,1758.35,9,19,1.72,4.125,0.1401667299885307,False,0.6263131075324118,-0.42643877172351285
SNAP OFFICE SUPPLIES LLC,2018,16232.17,39,63,2.022598870056497,22.892857142857142,0.03232723742973048,False,3.0541727326709363,0.02009396658420368
SNAP OFFICE SUPPLIES LLC,2019,20388.61,47,72,2.5534883720930233,29.4296875,-0.013606672123736008,True,3.5614574859780697,0.2335606802439862
SNAP OFFICE SUPPLIES LLC,2020,2053.75,5,5,1.5,8.5,0.1954775935519269,False,-0.08380465098855829,-0.5020320973042446
SNAP OFFICE SUPPLIES LLC,2021,13480.16,29,29,2.1206896551724137,8.682926829268293,0.09519280890469833,False,1.3471485159427998,-0.23250964566608529
SNAP OFFICE SUPPLIES LLC,2022,12048.14,56,52,1.7092198581560283,3.0,0.03963479254469604,False,2.8021365322789533,-0.2269574751681749
SO LO CO INC,2016,2.25,1,1,6.0,29.0,0.16794803941361397,False,-0.4544014017082807,0.5747326960932819
SONITROL OF GREATER RICHMOND INC,2016,2376.0,1,2,0.0,36.0,0.19049056810831766,False,-0.28377369417369996,-0.6115817781420919
SONITROL OF GREATER RICHMOND INC,2017,60.0,1,1,0.0,6.0,0.1988253337695502,False,-0.28762589659472293,-0.8570908335855086
SOOTS CONSTRUCTION,2018,10602.0,1,1,0.0,33.0,0.1901438950072441,False,-0.3257964289412031,-0.6382703326357206
SOOTS CONSTRUCTION,2020,1248.0,1,1,0.0,215.0,0.12022243857194792,False,-0.5877011469125311,0.8209174686510436
SOURCE PRO LLC,2020,19680.0,3,1,0.0,17.333333333333332,0.18838363885264042,False,-0.2760157511341019,-0.7593002188668372
SOUTH HILL AUTO GLASS INC,2018,525.0,1,1,1.0,13.0,0.20519883399249544,False,-0.31994224827798756,-0.5929393533565068
SOUTHERN BOYS TRUCK REPAIR LLC,2017,85.0,1,1,1.0,2.0,0.20217229118491892,False,-0.30417043992415566,-0.68132986104502
SOUTHERN FOLGER DETENTION EQUIPMENT CO,2020,378.0,1,1,0.0,21.0,0.20041627530231154,False,-0.30914906406966264,-0.7366138165429384
SOUTHERN PAVING CORPORATION,2017,6737.6,2,3,0.0,0.0,0.18853036534581402,False,-0.17164129434043243,-0.8940187671315915
SOUTHERN POLICE EQUIPMENT CO INC,2016,-145587.03,35,17,2.3529411764705883,34.916666666666664,0.09841743036326034,False,0.8138423094467168,-0.046783055044373786
SOUTHERN POLICE EQUIPMENT CO INC,2017,12913.05,24,11,0.9777777777777777,53.96153846153846,0.13533294840396126,False,0.39822194406904976,-0.19012882939895295
SOUTHERN POLICE EQUIPMENT CO INC,2018,6661.81,22,16,4.52,135.0,0.042218732307427176,False,0.40977736208478455,1.2136695510831317
SOUTHERN POLICE EQUIPMENT CO INC,2019,4033.7400000000002,8,8,1.4,152.33333333333334,0.11682614495772531,False,-0.10747056016572606,0.6493096584157194
SOUTHERN POLICE EQUIPMENT CO INC,2020,72.68,1,1,1.0,4.0,0.20275214383482743,False,-0.3070433305551438,-0.6652770268618029
SOUTHERN POLICE EQUIPMENT CO INC,2022,15069.52,31,16,2.3934426229508197,9.0,0.12537790249355563,False,0.7590365276264607,-0.22492291157510536
SOUTHERN REFRIGERATION CORP,2019,47537.7,4,4,0.3333333333333333,17.0,0.16821439978486113,False,-0.12758340182281425,-0.6730570429224253
SOUTHERN REFRIGERATION CORP,2020,795.31,1,1,4.0,13.0,0.19605965431381434,False,-0.3867977975759011,0.03071354985832733
SOUTHERN STATES CHATHAM COOP INC,2019,1550.0,1,1,0.0,20.0,0.19869004316536082,False,-0.3076458265264612,-0.7444108135134524
SOUTHERN VIRGINIA HIGHER EDUCATION CENTE,2017,500.0,1,1,0.0,51.0,0.19252805975367399,False,-0.3522248466324572,-0.49576093007860567
SOUTHERNS M AND P LLC,2017,397.77,1,1,4.0,23.0,0.1946082432034985,False,-0.40118149709481643,0.11091161273601916
SOUTHERNS M AND P LLC,2018,1375.4,4,4,0.7142857142857143,15.428571428571429,0.19290749989932482,False,-0.1364629330970321,-0.6155686841146053
SOUTHERNS M AND P LLC,2019,3753.56,7,7,2.0714285714285716,88.5,0.1567251705536657,False,-0.09096561418889716,0.2706923742017622
SOUTHSIDE REGIONAL PUBLIC SVC AUTH,2017,425.6,1,1,4.0,32.0,0.19007311985563247,False,-0.41410473430638894,0.18316575286863704
SOUTHSIDE REGIONAL PUBLIC SVC AUTH,2018,750.0,1,1,1.0,446.0,0.03441161714150903,False,-0.9417573680544742,2.883068405365833
SOUTHWEST SANITATION COMPANY INC,2018,420.0,1,1,0.0,70.0,0.1848540490718052,False,-0.3795151855654009,-0.34325171641221797
SOUTHWEST SANITATION COMPANY INC,2019,630.0,1,1,6.0,358.0,0.040958221359467306,False,-0.9268398376473821,3.215946264044146
SPENCER & ASSOCIATES LLC,2016,61412.0,8,2,1.0,220.0,0.08927746917206503,False,-0.47325647592396564,1.0953106083090947
SPENCER & ASSOCIATES LLC,2017,81483.0,10,3,4.3,27.5,0.14904830272245173,False,-0.19565284166826943,0.24707563982469535
SPENCER & ASSOCIATES LLC,2018,82883.0,14,3,3.5625,23.0,0.1568235894799409,False,-0.1191474718546243,0.06382499079802177
SPENCER & ASSOCIATES LLC,2019,43275.0,6,2,6.0,19.0,0.14443970152165775,False,-0.3238545257989112,0.5145709880061071
SPENCER & ASSOCIATES LLC,2021,54865.0,13,2,3.230769230769231,41.0,0.16271230797479402,False,-0.1993911156819408,0.12815368471046934
SPENCER & ASSOCIATES LLC,2022,365558.0,42,4,3.8444444444444446,0.0,0.0368597838774507,False,0.3452603758912694,0.038945487587464904
SPENCER HOME CENTER,2018,129.5,1,1,0.0,164.0,0.14702440814275602,False,-0.5145245144548604,0.4112882706163121
STANDARD PRODUCE CO INC,2016,34504.105,35,3,2.7037037037037037,23.333333333333332,0.14577421234451865,False,0.17774400637934842,-0.09056058752762704
STANDARD PRODUCE CO INC,2017,8447.75,12,2,4.0256410256410255,14.55,0.17343135498733614,False,-0.19516463675593876,0.07044098859944647
STANDARD PRODUCE CO INC,2018,36341.35,30,3,2.0068965517241377,18.97979797979798,0.1493258563219847,False,0.13272889400906962,-0.2773652489433523
STANDARD PRODUCE CO INC,2019,57745.6,36,2,1.955128205128205,23.211382113821138,0.13527697259810129,False,0.16251529199367665,-0.2453192819449049
STANDARD PRODUCE CO INC,2020,13907.0,22,3,1.8717948717948718,7.421052631578948,0.16647283150244685,False,0.044007261627034285,-0.41445200141090344
STANDARD PRODUCE CO INC,2021,10448.0,16,3,1.0769230769230769,8.6,0.18136906537529657,False,-0.020451444201639763,-0.579745471080676
STANDARD PRODUCE CO INC,2022,36082.5,22,3,2.05,8.0,0.15834755256638516,False,0.040474044132262715,-0.3683977263807119
STARBUCK INC,2016,17235.4282,28,23,1.4567901234567902,48.53846153846154,0.10015041068077224,False,1.0107313440490693,-0.07664920252541907
STARBUCK INC,2017,7186.3539,15,11,1.11864406779661,16.333333333333332,0.16468847119897384,False,0.3283633387343769,-0.47731415016327994
STARBUCK INC,2018,25014.94,22,12,2.4746835443037973,44.073170731707314,0.1403116975359996,False,0.399789817756834,0.04530369380673674
STARBUCK INC,2019,3145.3808,10,6,1.0,16.25,0.18283225784510443,False,0.029980155691433804,-0.5319372928241947
STARBUCK INC,2020,969.3936,5,6,0.13333333333333333,118.75,0.134629247344893,False,-0.16493020214605902,0.10294075614281341
STARBUCK INC,2021,551.44,2,2,0.0,0.0,0.19151500241780767,False,-0.21879799446506185,-0.8994605343322397
STARBUCK INC,2022,51539.0446,38,37,0.5714285714285714,0.0,0.03885239745314517,False,1.891178444953027,-0.569693244279835
STAUNTON STEAM LAUNDRY INC,2018,432.3,1,1,3.0,2.0,0.19584082807269548,False,-0.3487312331659538,-0.2655283773976737
STAUNTON STEAM LAUNDRY INC,2020,1246.55,1,1,0.0,27.0,0.19917700446270803,False,-0.3177158583206598,-0.6882771229774944
STEEL SERVICES INC,2016,9885.0,1,1,0.0,85.0,0.1718394708091981,False,-0.4005143115708093,-0.22097470464682942
STEPHANIE COVINGTON,2018,12350.34,2,1,3.0,8.0,0.19166865224795515,False,-0.34328408602389016,-0.21354236242087132
STEPHANIE COVINGTON,2021,102197.71,2,3,7.0,42.0,0.11539460925869643,False,-0.38252057936803424,0.9169927954865981
STEPHENS OFFICE SUPPLY,2018,3906.3,3,2,4.6875,17.5625,0.18951499455656978,False,-0.33493225272116073,0.21803438391657798
STEPHENS OFFICE SUPPLY,2019,3155.5,1,3,7.0,20.0,0.15211371338384594,False,-0.3699816854903666,0.7194199599237145
STERLING IDEAS UNLIMITED INC,2016,6303.48,4,6,5.0,9.1,0.1718866207698188,False,-0.12901765894473632,0.2339032371143998
STERLING IDEAS UNLIMITED INC,2017,1084.27,3,4,5.0,15.0,0.18242637484146984,False,-0.2447750992268734,0.2703153973789005
STERLING IDEAS UNLIMITED INC,2018,3965.65,4,6,1.1538461538461537,17.307692307692307,0.19581531106143113,False,-0.05520650331976552,-0.5001553101339603
STERLING IDEAS UNLIMITED INC,2019,1951.75,7,8,2.6470588235294117,23.714285714285715,0.18787272574836394,False,0.0359407215796275,-0.1258591846717707
STERLING IDEAS UNLIMITED INC,2020,5564.38,5,8,11.303030303030303,18.5,0.0773039998844231,False,-0.17607051177236852,1.629330587520315
STORYS TRK & EQUIP SERVICE,2016,5696.01,11,3,2.3333333333333335,9.944444444444445,0.18672717721407833,False,-0.11756477674576983,-0.3160969239979133
STORYS TRK & EQUIP SERVICE,2017,661.05,1,1,1.0,7.0,0.20247355307099224,False,-0.31131789941233073,-0.6410783564552903
STORYS TRK & EQUIP SERVICE,2018,10319.96,7,2,2.8,9.233333333333333,0.19284579326715845,False,-0.22700671077645654,-0.2340153368098745
STORYS TRK & EQUIP SERVICE,2019,26313.9,11,4,2.323529411764706,26.941176470588236,0.18051103857527218,False,-0.09377161221835344,-0.17340964885958474
STORYS TRK & EQUIP SERVICE,2021,2542.61,3,2,2.125,7.0,0.19967337965512666,False,-0.262722644370629,-0.3996838903194073
SUDANOS PRODUCE,2016,72797.0,55,2,2.4475524475524475,7.523809523809524,0.11487137622262106,False,0.4291672806169529,-0.2379089177848585
SUDANOS PRODUCE,2017,45942.75,32,2,0.9052631578947369,10.039473684210526,0.14762611938546583,False,0.15063340907613448,-0.5775127319221262
SUDANOS PRODUCE,2018,189724.05,76,3,0.8962962962962963,5.701492537313433,0.05895670104524725,False,0.8008624848872486,-0.5167843181257752
SUDANOS PRODUCE,2019,142004.35,67,2,1.6015936254980079,5.49238578680203,0.08359014551680621,False,0.6154771212215688,-0.3987446707309826
SUDANOS PRODUCE,2020,76741.25,46,3,1.2292993630573248,7.109375,0.12249936570689501,False,0.3835178493669903,-0.5027438446674217
SUDANOS PRODUCE,2021,24920.5,19,3,2.625,4.620689655172414,0.16587149756058495,False,-0.008272098117051908,-0.2826236504335743
SUPERIOR ENERGY SYSTEMS LTD,2018,10030.0,2,3,3.8,2.0,0.18355561018733302,False,-0.25902816582924204,-0.08742264653807932
SUPERIOR ENERGY SYSTEMS LTD,2021,3250.0,1,1,3.0,62.0,0.18657793038585113,False,-0.4347353482499851,0.21668386174047188
SUPERIOR FLOOR COVERING INC,2019,623.0,3,2,0.0,8.75,0.19402953379813365,False,-0.2179787990123765,-0.8277297513929112
SUPERIOR GLOBAL SOLUTIONS INC,2016,33225.4,19,15,2.8363636363636364,26.678571428571427,0.132249762558108,False,0.5174426340521047,-0.009288371105047356
SUPERIOR GLOBAL SOLUTIONS INC,2017,36046.49,15,14,3.763157894736842,22.21212121212121,0.13085973706844706,False,0.40303402332789284,0.1379371139077284
SUPERIOR GLOBAL SOLUTIONS INC,2018,49027.47,26,20,1.6385542168674698,17.225352112676056,0.09782489213269085,False,0.8863010049359056,-0.2996035089916844
SUPERIOR GLOBAL SOLUTIONS INC,2019,50153.75,31,24,4.466666666666667,23.774193548387096,0.07276441479906903,False,1.0680348610609494,0.3653322443888799
SUPERIOR GLOBAL SOLUTIONS INC,2020,14301.525,9,26,2.2125984251968505,48.21917808219178,0.11446113225303994,False,0.880344234979461,0.06196695557793263
SUPERIOR GLOBAL SOLUTIONS INC,2021,31897.87,19,14,1.0166666666666666,27.170731707317074,0.1308006031367639,False,0.5104191760729673,-0.3880773189434268
SURVEYMONKEY INC,2019,1467.06,3,2,7.0,20.0,0.15621557134080255,False,-0.39011889794814797,0.7178131671173423
SURVEYMONKEY INC,2022,900.0,1,1,8.0,0.0,0.14073038315402964,False,-0.4572839794058898,0.7578412508094535
SWANK MOTION PICTURES INC,2017,72543.59999999999,1,1,4.0,1.0,0.15742984773491386,False,-0.3654541520317438,-0.05149899610012913
SWEET SPRINGS VALLEY WATER COMPANY,2018,166.0,2,1,3.0,88.0,0.16921564789658644,False,-0.45886953216673954,0.4262702822335315
SWEET SPRINGS VALLEY WATER COMPANY,2019,26.0,1,1,7.0,268.0,0.07166112671508057,False,-0.8199164704512139,2.70120733982481
SWEET SPRINGS VALLEY WATER COMPANY,2021,318.0,1,1,7.0,197.0,0.08872579144374698,False,-0.7179371808818978,2.131303121616014
SYSTEMS EAST INC,2018,5861.04,4,2,5.25,9.0,0.17069459793324587,False,-0.32168113732690556,0.26808236251064926
Service Tire Truck Centers,2019,1021.51,1,1,3.0,1.0,0.19343487069050153,False,-0.34726138428876624,-0.27344005884665196
"T & M DISTRIBUTORS, INC.",2018,2069.0,2,1,0.0,4.5,0.19786933620027075,False,-0.27197575599501744,-0.8672619912326769
T AND K DUTCH BARNS,2019,500.0,1,1,1.0,21.0,0.20467689121930666,False,-0.3314324197746221,-0.5287232386776595
TANGENT COMPUTER INC,2021,99360.0,2,1,8.0,7.0,0.10814246154328933,False,-0.4483148426837318,0.8348850766976779
TATUM INC,2019,945.96,1,1,0.0,1.0,0.194304108677822,False,-0.28039467698094717,-0.8970546361653217
TAYLOR FORBES EQUIPMENT COMPANY INC,2020,11499.0,1,1,2.0,42.0,0.19211982100890834,False,-0.3832505609008922,-0.15011201253499604
TAYLOR OFFICE SUPPLY INC,2017,135.01999999999998,2,1,2.6,79.2,0.18004989079167188,False,-0.43731755581607046,0.27247442005942485
TEKNIMEDIA CORPORATION,2016,2866.0,2,2,1.0,4.0,0.20177252149600855,False,-0.24670010565893072,-0.6590279758342721
TEKNIMEDIA CORPORATION,2017,32404.0,2,2,12.0,7.666666666666667,0.07569179101428036,False,-0.4954673113851122,1.662751578444901
TEKNIMEDIA CORPORATION,2018,3482.0,1,1,0.0,3.0,0.19827271288442672,False,-0.28312156932623583,-0.8805003223109731
TEKNIMEDIA CORPORATION,2020,739.0,1,1,48.0,12.0,-0.02125921000872255,True,-1.3661401207465453,9.168803922418032
TEKNIMEDIA CORPORATION,2021,100909.0,1,1,13.0,8.0,0.03785576671838953,False,-0.574494821515804,1.8810754319570882
TELCO ENTERPRISE MANAGEMENT CORP,2017,58724.75,10,11,0.11428571428571428,34.2,0.12787572517697604,False,0.26114081792598504,-0.5398924267529096
TELCO ENTERPRISE MANAGEMENT CORP,2018,2507.4900000000002,1,1,0.0,7.0,0.19667219798127572,False,-0.288921769662298,-0.8485815743542211
TELCO ENTERPRISE MANAGEMENT CORP,2020,2023.4,2,2,0.0,157.66666666666666,0.14038463630074033,False,-0.44513756641566804,0.3665186768880007
TENNESSEE VEGETABLE PACKERS,2016,3746.4,1,1,0.0,14.0,0.2008146913279134,False,-0.2989034379929627,-0.7921443701131481
TENNESSEE VEGETABLE PACKERS,2017,10012.8,2,1,0.5,10.0,0.19138435033237622,False,-0.29056432796945286,-0.7176135224076764
TENNESSEE VEGETABLE PACKERS,2018,20563.2,4,2,0.25,10.25,0.18934202907076753,False,-0.21118222418732924,-0.7583227829023855
TENNESSEE VEGETABLE PACKERS,2019,10593.9,3,1,0.3333333333333333,21.0,0.19483021995218786,False,-0.28923209079156914,-0.6623647319540672
TENNESSEE VEGETABLE PACKERS,2020,9652.0,4,1,0.2222222222222222,3.3333333333333335,0.19219514801752013,False,-0.2480574782299302,-0.8259928756066163
TENNESSEE VEGETABLE PACKERS,2021,8164.8,2,1,0.5,6.5,0.19195718292071928,False,-0.2856438784687303,-0.7460738840686902
TESSCO TECHNOLOGIES,2021,1094.81,1,1,5.0,28.0,0.1881113797591224,False,-0.4306123701519377,0.35905349643792045
TFC RECYCLING,2019,632.0,1,1,3.0,7.0,0.19773171485250501,False,-0.35590025415047294,-0.2253509329384714
TGIHM THANK GOODNESS ITS HOME MADE,2018,50.0,1,1,4.0,36.0,0.18691216737025995,False,-0.4198706224442969,0.21520235748215535
THE CATERING PLACE INC,2019,1137.5,5,2,2.4,20.0,0.19626368377859055,False,-0.26084038235075613,-0.23548801830713784
THE CHANGE COMPANIES,2016,18658.25,4,1,4.833333333333333,22.96551724137931,0.17770239140742172,False,-0.37851838913040453,0.2918751669862339
THE CHANGE COMPANIES,2017,77141.55,11,4,3.215686274509804,30.93548387096774,0.16114535546728115,False,-0.11648232044236967,0.05410688927453382
THE CHANGE COMPANIES,2018,82607.67,14,6,4.396825396825397,13.432432432432432,0.13457050672476373,False,0.016386129260624223,0.17306754923392723
THE CHANGE COMPANIES,2019,87103.62,4,3,3.5,134.0,0.1192193022672246,False,-0.41072782034156,0.9279812899067065
THE CHANGE COMPANIES,2020,136751.26,8,2,3.96,37.833333333333336,0.13665883857731503,False,-0.273311464532346,0.26305484237933313
THE CHANGE COMPANIES,2021,10043.59,5,2,4.212121212121212,20.153846153846153,0.18155095520232906,False,-0.30094388755873597,0.1441790096748752
THE COUNSELING CENTER LLC,2017,441534.95,6,2,2.125,61.5,0.0706388244107099,False,-0.2756966242428097,0.12863395939404193
THE COUNSELING CENTER LLC,2018,630458.26,9,3,3.0,4.0,0.051702789867341004,False,-0.11485674246984579,-0.10524489800706967
THE FAMILY LIBRARY,2016,2279.38,4,4,1.32,21.0,0.19942838037077348,False,-0.15791380988368395,-0.4447576799895932
THE FAMILY LIBRARY,2017,1031.39,3,3,0.2,20.0,0.19250084917156796,False,-0.19176722211726052,-0.6915408206205181
THE FAMILY LIBRARY,2019,3950.07,4,9,0.5849056603773585,53.0,0.16475310493751943,False,0.046623897279826125,-0.3192242039892543
THE FARMVILLE HERALD,2018,36.0,1,1,0.0,21.0,0.20031465279397503,False,-0.3091686576175558,-0.7366811170999735
"THE GEO GROUP, INC.",2019,24688.24,1,1,3.0,0.0,0.18575237390354604,False,-0.34446939946603017,-0.276810424649437
THE GROWN PROGRAM,2016,1018.89,1,1,0.0,20.0,0.1996776340518987,False,-0.3076762543896822,-0.7445153281299646
THE HOLDEN COMPANY,2020,25.19,1,1,0.0,32.0,0.19703854967389517,False,-0.3249662933612292,-0.6483793221720371
THE ISLAND HOUSE RESTAURANT,2019,260.42,2,1,4.0,3.5,0.1903378836672724,False,-0.3598046599510449,-0.04417924214009426
THE LIBRARY STORE INC,2019,1375.84,1,3,1.0,14.0,0.200606325856873,False,-0.22772501841418244,-0.5762954470403335
THE MCLAUGHLIN COMPANY,2016,2450.0,1,1,6.0,78.0,0.1454452523561579,False,-0.5246296951986266,0.9685682123499915
THE MCSHIN FOUNDATION,2021,13325.0,4,1,0.75,30.0,0.1905924805329809,False,-0.29790719437208535,-0.5014926125767223
THE RADFORD COUNSELING GROUP LLC,2017,351770.0,13,4,1.5384615384615385,75.5,0.06405812231296948,False,-0.10059959733204323,0.12020806992569245
THE RADFORD COUNSELING GROUP LLC,2018,419214.0,16,5,5.3125,129.5,-0.0017786390144686193,True,-0.17146426688351632,1.3601177227738135
THE RADFORD COUNSELING GROUP LLC,2019,90321.0,3,2,2.6666666666666665,412.0,0.01407518464300861,False,-0.8513850859748575,2.9813738565679184
THE RADFORD COUNSELING GROUP LLC,2020,288317.29,13,5,4.230769230769231,218.75,0.0016539246521423134,False,-0.32316528752429136,1.8215445955457383
THE RADFORD COUNSELING GROUP LLC,2021,213200.0,5,3,1.4,96.5,0.11646009165795917,False,-0.2894595288166105,0.21671424738098327
THE RADFORD COUNSELING GROUP LLC,2022,2008850.0,47,6,4.8936170212765955,0.0,-0.07544142350378935,True,0.576529021201962,0.5962325947701551
THE SHERWIN WILLIAMS CO,2018,5744.879999999999,3,3,4.0,40.666666666666664,0.18594687196580945,False,-0.3058797360106851,0.26518402958745196
THE SHERWIN WILLIAMS CO,2019,2830.24,8,7,0.75,92.57142857142857,0.1439678336408513,False,-0.054029456562953444,0.02998871766973896
THE SHERWIN WILLIAMS CO,2021,346.8,1,1,1.0,8.0,0.2020732805664432,False,-0.3127719955353407,-0.6331125669327377
THE SUPPLY ROOM CO,2016,2586.2000000000003,5,4,1.1666666666666667,6.0,0.19599547090831154,False,-0.11955608864076839,-0.5955096710362424
THE SUPPLY ROOM COMPANIES,2016,97833.6,188,139,2.0648078372268275,15.51490514905149,-0.14517816451500898,True,8.619230979881696,0.5265211381533931
THE SUPPLY ROOM COMPANIES,2017,20629.6,54,76,4.452282157676349,9.146739130434783,-0.04690215746798132,True,3.829150194661691,0.49270216608770767
THE SUPPLY ROOM COMPANIES,2018,68689.61,159,130,2.0700888450148076,11.96742209631728,-0.1371608175876693,True,7.813271269521846,0.4126127010255441
THE SUPPLY ROOM COMPANIES,2019,115766.29,217,161,2.793907971484122,19.590102707749768,-0.16812714330396872,True,10.01585067556348,0.8500304299981097
THE SUPPLY ROOM COMPANIES,2020,6047.139999999999,20,44,0.9397590361445783,4.25,0.06414157029486145,False,1.9610183013774398,-0.46494241533572467
THE SUPPLY ROOM COMPANIES,2021,44825.01,64,87,2.259597806215722,13.945701357466064,-0.029289961599275105,True,4.5211545279278855,0.14142007089518457
THE SUPPLY ROOM COMPANIES,2022,154115.09,364,170,2.619555143651529,6.095238095238095,-0.20156713881019028,True,12.429527493165546,0.9678396851577776
THE TODD VENTURE GROUP,2016,4657.24,28,43,1.94,9.966666666666667,0.06933788963669596,False,1.9906782399956429,-0.2038328524519953
THERMOWORKS INC,2017,3683.77,2,2,2.3333333333333335,49.0,0.19442105028980777,False,-0.34099787313525537,-0.020468306009472647
THERMOWORKS INC,2020,2850.0,1,1,5.0,52.0,0.1780205695089318,False,-0.46497803108798524,0.5520619948793763
THINKEDU LLC,2023,6500.0,2,1,6.5,0.0,0.15377761878924423,False,-0.4101467273327122,0.44861833784797583
THYME OUT CATERING INC,2017,168.0,1,1,1.0,19.0,0.2044907222481272,False,-0.3285792556068228,-0.5448438299597026
TIDEWATER EXPRESS INC.,2021,10851.25,2,2,1.2,3.0,0.19888824234022878,False,-0.24926459873737883,-0.6239109116567874
TIDEWATER PRESSURE WASHING LLC,2017,2570.0,2,2,0.0,37.0,0.1915341997888081,False,-0.2718177678825796,-0.6020410278042185
TIDEWATER PRESSURE WASHING LLC,2019,3850.0,3,2,0.3333333333333333,277.5,0.088926253274415,False,-0.6111738689463209,1.3996195026699985
TIDEWATER TACTICAL,2019,425.61,2,2,1.6666666666666667,20.0,0.20177701026593087,False,-0.2846776268108001,-0.39248842660490374
TIDEWATER VALVE & FITTING INC,2016,1761.98,2,2,0.0,24.0,0.1980647849176741,False,-0.25319485898549554,-0.7065592149796417
TIDEWATER VALVE & FITTING INC,2018,8041.0493799999995,7,9,0.0,11.833333333333334,0.16872534059100547,False,0.15915787288755862,-0.7660473979300847
TIDEWATER VALVE & FITTING INC,2019,6229.97,4,5,0.0,20.333333333333332,0.1902022092961056,False,-0.08050453734882485,-0.7194914653442941
TIDEWATER VALVE & FITTING INC,2020,1605.47,2,2,0.0,48.0,0.19065955777267235,False,-0.2876700432709804,-0.513926910909194
TIDEWATER VALVE & FITTING INC,2021,2786.38,2,3,0.0,53.0,0.18394495656381876,False,-0.24798056131539348,-0.4693319566597001
TIGER EQUIPMENT CO INC,2018,20597.11,2,2,4.333333333333333,3.0,0.17598892658769705,False,-0.31854932961166255,0.029322182751458172
TIGER EQUIPMENT CO INC,2019,1169.84,1,1,30.0,42.0,-0.01079607585151765,True,-1.0079719956419828,5.6681193228842055
TIGER EQUIPMENT CO INC,2020,70255.65,2,1,4.5,150.0,0.1039432725253559,False,-0.5773272674993055,1.2495757628463509
TIGER MEDICAL INC,2020,151.89,1,1,0.0,3.0,0.19847976446811377,False,-0.28331235491037265,-0.881155638854802
TIMBER RIDGE FRUIT FARM LLC,2016,28022.0,10,1,0.6363636363636364,9.333333333333334,0.16657049000850432,False,-0.1845675253240563,-0.6792763312115
TIMBER RIDGE FRUIT FARM LLC,2017,97171.5,21,1,0.11538461538461539,8.25,0.12623086143598788,False,-0.020247360612901315,-0.7664350580116768
TIMBER RIDGE FRUIT FARM LLC,2018,54888.0,13,1,0.0625,8.0,0.14621299679230038,False,-0.1281792221777731,-0.7995552359290637
TIMBER RIDGE FRUIT FARM LLC,2019,52212.0,15,1,0.3684210526315789,8.1875,0.15477409000565318,False,-0.10865907784409927,-0.7320360034380156
TIMBER RIDGE FRUIT FARM LLC,2020,93428.0,17,2,0.9354838709677419,5.62962962962963,0.15684092653984016,False,-0.041700359828672234,-0.6194112228823624
TIMBER RIDGE FRUIT FARM LLC,2021,37303.0,8,1,0.4166666666666667,2.4444444444444446,0.17338595573914994,False,-0.1960074130079047,-0.7813689584400157
TIMBER RIDGE FRUIT FARM LLC,2022,136231.0,24,1,0.6153846153846154,0.0,0.11739283038175014,False,0.022835702545803697,-0.7166185468350426
TIMECLOCK PLUS LLC,2021,7761089.92,3,1,2.725806451612903,118.0,-0.07080183278121777,True,-0.037827851276100125,2.1388138218427075
TKS MECHANICAL LLC,2018,1779.0,1,1,0.0,54.0,0.1915346875075769,False,-0.35645984855402574,-0.47142635387178483
TKS MECHANICAL LLC,2019,687.0,1,1,4.0,3.0,0.19140061529023983,False,-0.3724430787476341,-0.04958405684034812
TKS MECHANICAL LLC,2020,1125.0,1,1,0.0,75.0,0.18494714637107018,False,-0.38665525736936307,-0.30297483636392186
TLG OPERATIONS LLC,2022,1587.1,1,1,4.0,0.0,0.1883337355196481,False,-0.36808323384298325,-0.07348981829911032
TMS SUPPLIES INC,2018,129.0,1,1,0.0,21.0,0.20031465279397503,False,-0.3091633295475146,-0.7366628160713061
TMS SUPPLIES INC,2019,3682.6,3,2,0.0,22.77777777777778,0.197661538607591,False,-0.23794869632730237,-0.7145178674829414
TODAYS OFFICE SOLUTIONS INC,2016,5350.74,11,31,4.133333333333334,25.285714285714285,0.10224374000462194,False,1.1307254140959153,0.2994328048382198
TODAYS OFFICE SOLUTIONS INC,2017,651.59,2,2,0.6,10.0,0.1965777655816206,False,-0.2465273879182243,-0.6944445913627021
TODAYS OFFICE SOLUTIONS INC,2018,1040.0,1,2,4.0,16.0,0.1934114201681318,False,-0.344289767866281,0.05906901123931049
TODAYS OFFICE SOLUTIONS INC,2019,2824.07,11,20,2.193548387096774,15.066666666666666,0.13508612572682643,False,0.6736694591958317,-0.23278421940529812
TODAYS OFFICE SOLUTIONS INC,2021,365.43999999999994,2,1,2.5,10.5,0.20014371215475507,False,-0.33641577223525326,-0.29976502582758113
TOM KIRKLAND OPTICIANS INC,2018,453.15,2,2,3.0,228.0,0.11350726714983489,False,-0.6131037290161222,1.5544193116787541
TOM LANGE COMPANY INC,2016,121501.5,49,2,0.5,9.73469387755102,0.10909850144023775,False,0.3919087706239822,-0.6242571459166494
TOM LANGE COMPANY INC,2017,367203.15,154,2,0.5354609929078015,8.470930232558139,-0.0626718103285403,True,1.8120046696664807,-0.4238113607554294
TOM LANGE COMPANY INC,2018,438670.07,173,3,0.4281437125748503,5.224,-0.07459937448799991,True,2.124193586092463,-0.4258721803050293
TOM LANGE COMPANY INC,2019,599826.2,166,2,0.5370370370370371,9.074074074074074,-0.10298879226932756,True,1.9850014442789055,-0.3551658160893632
TOM LANGE COMPANY INC,2020,971780.15,222,3,0.75,3.4671532846715327,-0.1227630781989415,True,2.80574904953176,-0.19589183839177043
TOM LANGE COMPANY INC,2021,852690.65,168,3,0.8631578947368421,3.357638888888889,-0.10799677355176751,True,2.0739924000803653,-0.27633130779802567
TOM LANGE COMPANY INC,2022,855025.65,157,3,0.8942307692307693,2.096774193548387,-0.1053358746294647,True,1.9280543213784407,-0.29575894855018786
TOM LANGE COMPANY INC,2023,128328.25,21,3,1.1612903225806452,0.0,0.13111754607395254,False,0.06367638288104979,-0.6006741344393456
TOWN POLICE SUPPLY,2016,62157.06,14,8,1.925,44.63157894736842,0.1547930976338664,False,0.11911205267800985,-0.0858626696855604
TOWN POLICE SUPPLY,2017,178.0,3,2,1.6,36.0,0.19772196919450835,False,-0.2928023638542274,-0.27647791060923876
TOWN POLICE SUPPLY,2018,-187971.21,8,7,1.6956521739130435,98.33333333333333,0.14085426294618353,False,-0.09431421794400685,0.23526571506536045
TOWN POLICE SUPPLY,2019,21554.47,11,8,3.7058823529411766,223.45454545454547,0.05579625927070403,False,-0.21985961207864085,1.7074328950118198
TOWN POLICE SUPPLY,2020,1142.4,2,2,14.5,40.0,0.04520454623271114,False,-0.5994178394645149,2.4358261953641493
TOWN POLICE SUPPLY,2021,2748.68,5,4,2.8333333333333335,42.142857142857146,0.188075107191717,False,-0.20860183789344725,0.04110804465234469
TRAIN FOR CHANGE,2016,18650.0,2,3,8.0,51.0,0.11886159166075833,False,-0.4225222943855538,1.1806670717754248
TREASURER OF VIRGINIA TECH,2017,1800.0,1,1,1.0,1.0,0.1985105256635603,False,-0.30263609332684305,-0.6890200036223463
TRI-CITY OFFICE PRODUCTS INC,2016,14059.78,57,65,1.5982142857142858,4.435483870967742,0.0185381321744863,False,3.424475299301276,-0.18171999690490648
TRI-CITY OFFICE PRODUCTS INC,2017,5155.41,19,31,1.3333333333333333,6.628571428571429,0.10066147226734545,False,1.326967804943544,-0.4206050981724598
TRI-CITY OFFICE PRODUCTS INC,2018,6951.75,27,36,0.759493670886076,5.653333333333333,0.07259817235108468,False,1.682321011006087,-0.5144408689135251
TRI-CITY OFFICE PRODUCTS INC,2019,1330.1699999999998,5,11,3.7058823529411766,8.4,0.16313717725054033,False,0.14794135460399482,-0.019101518652067183
TRI-CITY OFFICE PRODUCTS INC,2020,355.79,4,3,2.75,6.0,0.1947560612339706,False,-0.21516011040986366,-0.27252588040780296
TRI-CITY OFFICE PRODUCTS INC,2021,3905.88,16,25,3.5121951219512195,13.533333333333333,0.1154101530281163,False,0.9474563176098179,0.05771904137762656
TRI-CITY OFFICE PRODUCTS INC,2022,9190.87,37,35,1.7083333333333333,4.666666666666667,0.08093995000271281,False,1.7497230273578261,-0.31416376620574454
TRIANGLE ELECTRIC CORPORATION,2021,75.0,1,1,0.0,94.0,0.17641010188398665,False,-0.4140011686457466,-0.15065650439438905
TRIDENT PLASTICS INC,2018,4948.00096,5,3,2.142857142857143,114.6,0.16459815397458077,False,-0.34394232450590434,0.47544858121216554
TRIDIM FILTER CORP,2016,217.9,1,1,4.0,52.0,0.1843334390119158,False,-0.4428384817121686,0.34367746634680263
TRUESHRED INC,2017,80.0,1,1,1.0,29.0,0.20117524525057057,False,-0.3429452212461626,-0.464584854174336
TRUESHRED INC,2019,1260.0,2,1,19.0,51.0,0.027786314331516127,False,-0.762316960297747,3.4553284026449207
TRUESHRED INC,2020,7876.0,3,2,4.0,75.0,0.1694515929281915,False,-0.40186576936851426,0.5369942526962482
TSRC INC,2016,4572.86,8,3,0.3333333333333333,17.25,0.1897005688510538,False,-0.12368259828890138,-0.677829625865574
TURNER CLEANING SERVICE,2017,800.0,1,1,0.0,0.0,0.1951582703991998,False,-0.2789669467838903,-0.9051109882298431
TURNER CLEANING SERVICE,2018,5460.0,2,1,8.0,399.0,-0.008820083609005769,True,-1.0166426964603656,3.963237622501343
TURNER CLEANING SERVICED LLC,2019,6300.0,1,2,1.0,395.0,0.047048368380553984,False,-0.821396401694716,2.4789758919314004
TURNER LEASING COMPANY INC,2018,200.0,1,1,1.0,53.0,0.19701724763249484,False,-0.3774045639763024,-0.27189813701316934
TURNING TECHNOLOGIES LLC,2018,5128.67,2,3,7.0,25.0,0.15387000174658755,False,-0.36366819824594393,0.7614213418379232
TURNING TECHNOLOGIES LLC,2019,600.0,1,1,0.0,6.0,0.19887983268118198,False,-0.2875949594138389,-0.856984569548084
TURNING TECHNOLOGIES LLC,2020,600.0,1,1,28.0,14.0,-0.00809145602347272,True,-0.9232133646870777,5.027500426560593
TranSource Inc.,2019,574.94,1,1,3.0,0.0,0.19429122973062407,False,-0.3458508763619789,-0.28155556652652575
UGLYBUG LLC,2021,625.0,1,1,0.0,1.0,0.1945326485818355,False,-0.28041306512460745,-0.8971177963606027
ULINE INC,2019,1868.8999999999999,4,3,0.0,8.75,0.19212620926267687,False,-0.1577242274725405,-0.8217852098038827
ULINE INC,2021,897.9,4,5,2.625,19.25,0.19567336587523665,False,-0.13776640679806798,-0.1835875900737691
UNDER ARMOUR,2018,9418.09,2,1,3.0,5.0,0.19388013281102684,False,-0.33914380057324134,-0.23820227384967754
UNDERPRESSURE INC,2019,750.0,1,1,5.0,324.0,0.073774788283679,False,-0.8557154758181982,2.735163912392065
UNION INSURANCE GROUP INC,2017,4900.0,2,1,4.0,18.0,0.19520784686199139,False,-0.3803621932577784,0.0731343834781858
UNITEC SALES ASSOCIATES LLC,2016,2768.45,5,6,2.5454545454545454,30.7,0.18751652801068636,False,-0.09214621075384694,-0.10213861201960052
UNITEC SALES ASSOCIATES LLC,2017,1859.8899999999999,6,6,2.142857142857143,46.833333333333336,0.18624211316840716,False,-0.09301228124813427,-0.05501658052312875
UNITEC SALES ASSOCIATES LLC,2018,1101.9499999999998,3,3,1.7142857142857142,135.57142857142858,0.1500766811797496,False,-0.3914883815001105,0.5510070270185763
UNITED INDUSTRIAL SALES CO INC,2020,5243.999999999999,1,1,1.0,149.0,0.15746159220869155,False,-0.5149804584273157,0.4997468595329885
UNITED PARCEL SERVICE,2016,18.0,3,1,3.6666666666666665,14.0,0.19323723332393378,False,-0.3540864993825644,-0.02775075126768905
UNITED PARCEL SERVICE,2018,3842.74,1,1,1.0,6.0,0.20217204454724635,False,-0.30969952456718325,-0.6484798760677087
UNIVAR USA INC CORP HEADQUARTERS,2016,163897.47,9,2,9.11111111111111,273.0,-0.031488460172441446,True,-0.7109164329623715,3.228446380695953
UNIVAR USA INC CORP HEADQUARTERS,2019,155824.0046,9,3,2.391304347826087,5.0,0.14728494396778574,False,-0.12991710571504547,-0.317145768887158
UNIVERSITY OF CINCINNATI,2016,3000.0,1,1,7.0,15.0,0.16220752169936997,False,-0.4564147089677155,0.6708023691112937
US21 INC,2020,228594.94,5,3,3.8333333333333335,124.0,0.08635533235058623,False,-0.3823099172374399,0.946312203831045
US21 INC,2021,21465.0,1,1,4.0,150.0,0.13399298158299489,False,-0.5823582679392598,1.1345662526275366
"V. F. LANASA, INCORPORATED",2016,113674.75,52,2,0.6190476190476191,2.1641791044776117,0.10870141604145966,False,0.4398214265945017,-0.6573997666557445
"V. F. LANASA, INCORPORATED",2017,221464.0,58,2,0.5408163265306123,1.8663101604278074,0.0806363702537265,False,0.5284537838709074,-0.6459916153115474
"V. F. LANASA, INCORPORATED",2018,148134.0,56,3,0.6180555555555556,3.5488721804511276,0.09552891131587427,False,0.5401551055900718,-0.6295849075480603
"V. F. LANASA, INCORPORATED",2019,70830.0,41,2,1.3783783783783783,5.811594202898551,0.1348066481480259,False,0.26801308843427385,-0.49493579673627036
"V. F. LANASA, INCORPORATED",2020,19948.5,10,3,0.8571428571428571,3.1,0.176432822148341,False,-0.08739509050207961,-0.6765625025706975
VA INDUSTRIES F T BLIND,2016,18900.19,115,13,1.663265306122449,15.296,0.03220133989773655,False,1.7500793473271348,-0.21418450336519054
VA INDUSTRIES F T BLIND,2017,12509.43,42,9,1.8652482269503545,28.633333333333333,0.13291472202398252,False,0.562042139837386,-0.19095809836621397
VA INDUSTRIES F T BLIND,2018,25214.3,137,19,1.7995991983967936,36.55045871559633,-0.00876320382625806,True,2.292072416407743,0.043815510649387664
VA INDUSTRIES F T BLIND,2019,32903.0,159,13,2.3974175035868006,23.201856148491878,-0.015209414963280321,True,2.311923323398054,0.06953959195469149
VA INDUSTRIES F T BLIND,2020,174335.2,19,11,1.6,16.642857142857142,0.09797561511092062,False,0.3802889981390267,-0.335979394100816
VA INDUSTRIES F T BLIND,2021,857135.12,57,16,1.6292134831460674,20.87704918032787,-0.027828069053125293,True,1.1551612727762408,-0.0843813978992454
VA INDUSTRIES F T BLIND,2022,3783309.76,245,28,1.9624413145539905,4.724137931034483,-0.1898765313561407,True,4.415811729991697,0.7590266372328974
VADOC AGRIBUSINESS,2018,164955.07,6,2,5.0,26.0,0.12540926651072676,False,-0.3046456452970659,0.3868426665045953
VADOC AGRIBUSINESS,2020,48385.04,2,1,1.0,1.0,0.1755010558353991,False,-0.2865862820482903,-0.678377809960803
VALLEY BOILER & MECHANICAL INC,2019,249842.46,4,3,2.0,7.0,0.13220003593487067,False,-0.18558508420026015,-0.3713028808194387
VALLEY BOILER & MECHANICAL INC,2020,628.5,1,1,0.0,27.0,0.19961633025511555,False,-0.3177512670700032,-0.6883987461040316
VALLEY BOILER & MECHANICAL INC,2021,5446.71,3,2,0.0,64.5,0.180644376814029,False,-0.2977645949151326,-0.37924018354370503
VALLEY FARMING LLC,2016,1141.0,1,1,2.0,0.0,0.20043904590647627,False,-0.32352810095946544,-0.4893107443296001
VALLEY GROUP INC,2019,1612.5,2,1,3.0,519.0,-0.014804374290153799,True,-1.0777424860893097,3.886463155566678
VALLEY PROTEINS INC,2019,1920.0,2,1,0.0,281.5,0.09690152933102564,False,-0.6697818878488563,1.3563620007554018
VARIDESK LLC,2018,2970.0,1,1,4.0,10.0,0.19282169406659322,False,-0.38236493003905936,0.0070586089170853236
VCASE,2016,855.0,1,1,3.0,1.0,0.19343487069050153,False,-0.3472709238257829,-0.2734728255593771
VCASE,2017,1470.0,1,1,4.0,28.0,0.19383710075541782,False,-0.40830052989704513,0.15126075823332155
VCU HEALTH SYSTEM,2021,9373643.27,6,5,9.571428571428571,32.0,-0.11531635334548085,True,0.2528215972586528,3.2100629370201053
VEG-PRO INC,2018,22166.1,5,2,0.16666666666666666,9.4,0.186119535754392,False,-0.19463128078705771,-0.7806781101757169
VEG-PRO INC,2019,2860.0,2,1,0.0,2.0,0.19444948453868827,False,-0.26834020774796047,-0.8871754073183158
VEG-PRO INC,2020,5040.0,1,1,0.0,5.0,0.19742780302621726,False,-0.28590449463521306,-0.8641384723069255
"VICTORIA CASH GRAFF, LCSW",2018,61140.0,2,1,4.5,4.0,0.15965081213837135,False,-0.3681800221333264,0.07574806117994105
"VICTORIA CASH GRAFF, LCSW",2020,32875.0,2,2,2.5,1.0,0.17913410227938498,False,-0.27410809838480243,-0.3654056799022698
VICTORIA FLORAL L.L.C. D/B/A FLOWERAMA,2016,178.0,1,1,6.0,29.0,0.1695857711801773,False,-0.45439133280172445,0.5747672811017587
VICTORIA FLORAL L.L.C. D/B/A FLOWERAMA,2017,174.5,1,1,0.0,15.0,0.2008688257070556,False,-0.3005441683887635,-0.784819638074884
"VIPPERMAN AIR AND REFRIGERATION, INC",2018,2586.0,2,2,1.0,45.0,0.19593495690292762,False,-0.30559593566130633,-0.3299502748657065
"VIPPERMAN AIR AND REFRIGERATION, INC",2019,250.75,1,1,0.0,115.0,0.16620505585501533,False,-0.44414904019101226,0.017958295678387234
"VIPPERMAN AIR AND REFRIGERATION, INC",2021,4037.5,2,2,0.0,52.5,0.19017682798423174,False,-0.293993125467223,-0.4773239914672244
VIRGINIA ACOUSTICAL INC,2019,468.0,1,1,0.0,7.0,0.198927412300823,False,-0.28903861423830046,-0.8489829159129006
VIRGINIA BUSINESS SYSTEMS,2016,1672.08,2,4,1.5,11.0,0.19712790227244947,False,-0.17436174931800158,-0.4906873873702968
VIRGINIA BUSINESS SYSTEMS,2017,10361.519999999999,2,2,20.0,43.0,0.0013032666789618563,False,-0.7257948420590867,3.6049894054591203
VIRGINIA BUSINESS SYSTEMS,2018,48337.52,8,3,3.090909090909091,119.0,0.13943815899654877,False,-0.3287649913866312,0.7208017084427055
VIRGINIA BUSINESS SYSTEMS,2019,12381.13,9,6,6.133333333333334,57.2,0.12336335717510227,False,-0.15610337851765949,0.8641850340945748
VIRGINIA CAROLINA BUILDINGS INC,2018,3750.0,1,1,0.0,64.0,0.18674867630656133,False,-0.37070785186847593,-0.3907621972474238
VIRGINIA CENTER FOR RESTORATIVE JUSTICE,2019,7500.0,1,1,6.0,288.0,0.069909225569103,False,-0.8259197797845054,2.655364128528159
VIRGINIA COMMONWEALTH UNIVERSITY,2016,71470.0,3,2,4.333333333333333,16.0,0.16598361881416268,False,-0.32092306402620147,0.14516734282055557
VIRGINIA COMMONWEALTH UNIVERSITY,2018,1000.0,1,1,1.0,19.0,0.20464002116209673,False,-0.328531589431831,-0.5446801046279671
VIRGINIA COMMONWEALTH UNIVERSITY FOUNDAT,2020,10000.0,1,1,4.0,3.0,0.18709745760087604,False,-0.37190952695953505,-0.04775139576528461
VIRGINIA CORRECTIONAL ENTERPRISES,2016,578123.9569999999,676,119,1.8433908045977012,40.169835234474014,-0.21277150612273577,True,14.210111529880024,1.4082152137562822
VIRGINIA CORRECTIONAL ENTERPRISES,2017,652764.2125,233,70,1.219484882418813,40.00880281690141,-0.15426386128824965,True,6.007473384775858,0.43152423197765327
VIRGINIA CORRECTIONAL ENTERPRISES,2018,679146.425,628,109,2.198265179677819,41.25024437927664,-0.2151689766780257,True,13.096131089617154,1.3974930217029387
VIRGINIA CORRECTIONAL ENTERPRISES,2019,724700.0621,837,116,2.338333991314647,56.88948069241012,-0.21962830747173934,True,16.19738433742413,1.8989533199497812
VIRGINIA CORRECTIONAL ENTERPRISES,2020,1021796.46,133,56,2.064885496183206,45.283687943262414,-0.1350973446184125,True,4.008873685644733,0.5155833041627212
VIRGINIA CORRECTIONAL ENTERPRISES,2021,507277.07116,238,73,1.847145488029466,30.633333333333333,-0.14758767558584318,True,6.205922925079205,0.47814936161530547
VIRGINIA CORRECTIONAL ENTERPRISES,2022,2621440.8002902,1241,133,2.4462093862815886,6.875,-0.2621243679438039,True,22.576995699644648,2.56082274604424
VIRGINIA DEPARTMENT OF HEALTH,2021,150.0,1,1,2.0,3.0,0.20196045148027703,False,-0.3278931536228985,-0.46542287065047094
VIRGINIA DEPT OF CRIMINAL JUSTICE SVCS,2022,15000.0,1,1,5.0,0.0,0.17011502043709825,False,-0.3896051395897719,0.1370162127050667
VIRGINIA DISTRIBUTION CENTER - VDC,2016,337965.4456,236,91,1.6526887025160335,29.875621890547265,-0.15257302413689633,True,7.017324914542356,0.4714173476242084
VIRGINIA DISTRIBUTION CENTER - VDC,2017,482699.6952,348,91,2.1486693961105425,26.27219321148825,-0.18543688280102066,True,8.518397444251042,0.7392635372459804
VIRGINIA DISTRIBUTION CENTER - VDC,2018,115864.2313,224,77,2.5793226381461674,35.314732142857146,-0.12995343865081876,True,6.16033155404386,0.5871492359695902
VIRGINIA DISTRIBUTION CENTER - VDC,2019,191249.96,164,75,1.5297723292469352,45.69078947368421,-0.12684256116672654,True,5.2766855149197065,0.37016722784192396
"VIRGINIA DRY CLEANING EQUIPMENT, INC.",2020,1698.48,1,1,0.0,199.0,0.12367220682960278,False,-0.564697859989261,0.6925640478520673
VIRGINIA FILTERS AND SUPPLY,2020,118.8,1,1,0.0,36.0,0.19416873430505083,False,-0.3307052999535027,-0.6162503839492597
VIRGINIA INFORMATION TECHNOLOGIES AGENCY,2016,16511.57,83,8,3.008403361344538,49.80808080808081,0.07156876392675948,False,1.008195995046354,0.2736845345887765
VIRGINIA INFORMATION TECHNOLOGIES AGENCY,2017,108191.27,99,5,3.6072727272727274,42.03813559322034,0.04119975404553927,False,1.0849453805722262,0.36476227788127286
VIRGINIA INFORMATION TECHNOLOGIES AGENCY,2018,15409.02,19,8,2.9696969696969697,42.55555555555556,0.16229993311287738,False,0.1630330336229841,0.11280475857787389
VIRGINIA PORTABLE POWER SOLUTIONS LLC,2022,49.9,1,1,0.0,0.0,0.19533116246191395,False,-0.2790099208197814,-0.9052585968492358
VIRGINIA REST LODGING & TRAVEL ASSOC,2016,1416.7,2,1,15.5,31.0,0.05412485648163623,False,-0.6555699264801417,2.5672736578939683
VIRGINIA REST LODGING & TRAVEL ASSOC,2017,71913.22,4,3,3.5,11.0,0.1680270369719003,False,-0.23495872919451524,-0.062406359342563326
VIRGINIA REST LODGING & TRAVEL ASSOC,2018,112188.0,2,2,26.5,14.5,-0.037650258374144596,True,-0.8239197039189404,4.747372625927098
VIRGINIA REST LODGING & TRAVEL ASSOC,2021,1455.0,2,1,3.0,88.0,0.16978612086326694,False,-0.4587956839701477,0.42652393842656894
VIRGINIA REST LODGING & TRAVEL ASSOC,2022,13340.0,7,2,2.6666666666666665,3.0,0.19078993200467975,False,-0.21491000076529052,-0.3111754693785073
VIRGINIA TRAILER RENTALS,2017,5500.0,1,1,3.0,4.0,0.19525779339478105,False,-0.35131308398650707,-0.24847587018594353
VIRGINIA TRAILER RENTALS,2018,56558.090000000004,4,3,1.8,12.666666666666666,0.17533190662028286,False,-0.20033834157981412,-0.4054218094685695
VIRGINIA TRAILER RENTALS,2019,56125.91,10,3,1.3157894736842106,27.615384615384617,0.17004564699466312,False,-0.13075219677140676,-0.3773056031209761
VIRGINIA TRAILER RENTALS,2021,10824.05,3,1,0.4,0.6666666666666666,0.185659613593733,False,-0.2615043827480638,-0.8116901326952465
VIRGINIA VACUUM CENTER INC,2018,1332.86,1,1,0.0,262.0,0.10987580984114659,False,-0.655192628107829,1.1982327444202188
VIRGINIA VACUUM CENTER INC,2019,499.99,1,1,9.0,41.0,0.12708229086174422,False,-0.5384770301264581,1.2947619056438586
VIRGINIA WATER SYSTEMS INC,2018,4980.0,1,1,2.0,3.0,0.20094166776634664,False,-0.327616437727213,-0.46447239787128547
VOLATIA LANGUAGE NETWORK INC,2020,865.58,2,1,2.0,1.0,0.19845650924977198,False,-0.3115990682451056,-0.47986236892588974
VOLATIA LANGUAGE NETWORK INC,2021,0.0,1,1,8.0,1.0,0.13624910444649413,False,-0.4587716337764977,0.7656917733691891
VSDVA ALLIANCE,2021,7500.0,1,1,0.0,6.0,0.1957766048940347,False,-0.2871996509914311,-0.8556267512921044
Versionone,2016,4680.0,1,1,2.0,0.0,0.1988431995547411,False,-0.3233253478425232,-0.4886143213139608
Virginia Public Safety Training Center,2017,200.0,1,1,4.0,0.0,0.18887275660309794,False,-0.3681627022941024,-0.07376277912561312
W W GRAINGER INC,2016,19850.93,33,39,3.914285714285714,36.4375,0.05100097315595481,False,1.7892219977456147,0.4125201134473502
W W GRAINGER INC,2017,24532.510000000002,26,57,2.2626262626262625,26.935064935064936,0.05343194844035065,False,2.588727505631054,0.05954955357160128
W W GRAINGER INC,2018,41055.39,49,89,0.7697368421052632,38.847457627118644,-0.05415721896510395,True,4.411277867924186,0.01721271836973174
W W GRAINGER INC,2019,46498.06,50,86,1.4397163120567376,11.270833333333334,-0.035558520479777034,True,4.309232230438034,-0.07502314854579183
W W GRAINGER INC,2020,77420.78,14,25,0.6060606060606061,34.5,0.08480572708827233,False,0.9595749277606572,-0.36653978627864947
W W GRAINGER INC,2021,37354.6,32,62,1.8944444444444444,27.357142857142858,0.03793501048393677,False,2.911359721060411,0.018900124111317366
W W GRAINGER INC,2022,103261.43,116,165,2.6294117647058823,4.0,-0.1358728710998368,True,8.876927590710526,0.5561531033779319
WAFFLE & EGG,2016,1942.5,1,1,7.0,3.0,0.15728147485731225,False,-0.4392421854506675,0.5742627172393568
WAGNER FOOD EQUIPMENT INC,2018,3729.82,6,4,0.5714285714285714,23.375,0.1935141646019085,False,-0.11779370806005178,-0.57805972111
WAGNER FOOD EQUIPMENT INC,2019,1401.02,5,2,0.9166666666666666,22.083333333333332,0.19686357381676006,False,-0.2307531321076012,-0.527047346033867
WALGREEN COMPANY,2022,5.29,1,1,1.0,0.0,0.19868890274502438,False,-0.30130282179086515,-0.6974008053752078
WALLACE FURNITURE&HARDWARE,2021,6.69,1,1,2.0,8.0,0.20036941606138126,False,-0.3350818260192972,-0.4253129255014111
WALMART,2019,64.72,1,1,1.0,7.0,0.20232326670684836,False,-0.3113520637995096,-0.6411957054061003
WASTE MANAGEMENT INC,2017,116.22,1,1,0.0,0.0,0.19533116246191395,False,-0.27900612127564023,-0.9052455460511583
WASTE MANAGEMENT INC,2018,7610.389999999999,9,2,0.29411764705882354,120.875,0.14398384202125336,False,-0.3048709030872718,0.14373009267832124
WASTE MANAGEMENT INC,2019,23195.21,11,2,1.5625,174.28571428571428,0.11632759507243212,False,-0.38219162504418375,0.8421625484379874
WASTE MANAGEMENT INC,2022,14990.4298,8,3,2.3333333333333335,0.0,0.1875309573116279,False,-0.14289386099858659,-0.3985230668442429
WASTE MANAGEMENT OF CAROLINAS INC,2020,12768.0,2,1,0.6666666666666666,168.0,0.12815386048927513,False,-0.5210241367235854,0.5859385162961656
WATER CHEMISTRY INC,2018,8684.0,4,4,0.75,64.33333333333333,0.17516077742161984,False,-0.20707205631473122,-0.21411735430262732
WATER CHEMISTRY INC,2020,188926.07,12,2,7.888888888888889,157.5,0.02434737702357903,False,-0.4762273771208629,2.0565461502023914
WAVERLY MOTORS INC,2017,264.9,2,2,2.0,5.5,0.20177871537510955,False,-0.2712936092958612,-0.4396318199623302
WAYNE PRODUCE FARM,2016,1261.05,8,2,0.5454545454545454,1.5,0.1870634297644868,False,-0.15278442351705337,-0.7650480158667007
WAYNE PRODUCE FARM,2017,480.3,2,1,0.5,0.5,0.1899750731433847,False,-0.2774675773252272,-0.795751856089474
WELDING PROCESSES & MECHANICAL INC,2019,12891.720000000001,4,2,2.75,246.0,0.10178537376906649,False,-0.6059063784510821,1.6523476129430588
WELDING PROCESSES & MECHANICAL INC,2020,5855.0,2,2,3.0,252.0,0.11172219121226157,False,-0.6472604688780165,1.7481454190363481
WEST VIRGINIA UNIVERSITY,2018,21375.0,2,1,3.3333333333333335,0.0,0.18471815082796605,False,-0.33870842939688517,-0.20669862002821976
"WETLAND STUDIES AND SOLUTIONS, INC.",2022,20314.88,4,4,0.125,0.0,0.1774333670758454,False,-0.10008563370251655,-0.8581893258232982
WHALEY FOODSERVICE LLC,2020,10254.71,2,2,0.0,47.0,0.18684699518767012,False,-0.28573842660482757,-0.5202524973034268
WHITES BUILDING SUPPLY INC,2019,33.9,1,1,0.0,3.0,0.19847976446811377,False,-0.28331911468439586,-0.8811788575469793
"WIDGEON RIVER, LLC",2017,8447.77,8,9,0.0,9.125,0.1655147595012782,False,0.17645149549764244,-0.7862339125900812
"WIDGEON RIVER, LLC",2018,971.52,3,3,0.0,8.0,0.1917513896784397,False,-0.17007947426111147,-0.8294574676318648
WILLIAM MANIS COMPANY,2016,14754.3,15,2,0.5555555555555556,1.6666666666666667,0.17198980811593206,False,-0.058809554871340736,-0.7486305297247972
WILLIS PRODUCE SALES LLC,2016,68353.15,25,2,0.6851851851851852,3.8181818181818183,0.1420058470615126,False,0.07209095939346913,-0.6791163867545709
WILLIS PRODUCE SALES LLC,2017,121733.75,46,2,0.632,3.731707317073171,0.11394819745090118,False,0.3574578816246965,-0.649387640155015
WILLIS PRODUCE SALES LLC,2018,72111.7,32,3,1.051948051948052,4.327586206896552,0.13815511227895855,False,0.20386808601904785,-0.5835006757058939
WILLIS PRODUCE SALES LLC,2019,29265.1,12,1,0.8387096774193549,2.774193548387097,0.16711169775573198,False,-0.15282533063441725,-0.686675183168675
WILLIS PRODUCE SALES LLC,2020,99155.1,23,1,1.2289156626506024,2.707692307692308,0.14231287250057784,False,-0.010233635068770484,-0.5761205374643859
WILLIS PRODUCE SALES LLC,2021,50422.2,19,2,0.8333333333333334,1.5510204081632653,0.15698973842094727,False,-0.00926816945922262,-0.6788994854924452
WILLIS PRODUCE SALES LLC,2022,278917.4,43,2,0.9134615384615384,0.0,0.08386463501553953,False,0.3254055910116137,-0.5943313680679836
WILLIS PRODUCE SALES LLC,2023,45660.9,11,2,0.9583333333333334,0.0,0.1684321417364391,False,-0.11714706778499542,-0.6781036924004874
WINNERS CIRCLE OF VIRGINIA,2017,500.0,1,1,1.0,7.0,0.20232326670684836,False,-0.311327126140074,-0.6411100487205259
WISE GLASS AND MIRROR INC,2019,740.5,1,1,1.0,25.0,0.20354101410030745,False,-0.3371630108807845,-0.4965653946688502
WOMACK ELECTRIC & SUPPLY CO INC,2019,232.96635,2,2,3.0,45.75,0.19132891792275292,False,-0.3513885032245431,0.09134054490369921
WORLD BOOK INC,2017,21578.4,1,1,5.0,0.0,0.16896456292184442,False,-0.3892282559773128,0.1383107448232023
WORLD BOOK INC,2021,18981.0,1,1,13.0,27.0,0.07180101414206042,False,-0.6064743204135643,2.0174781661139947
WRIGHTS READY MIX,2018,2710.0,2,1,0.0,8.0,0.19605057949411692,False,-0.2769653558241235,-0.8390391493738323
WRIGHTS READY MIX,2020,1950.0,1,1,0.0,0.0,0.19420129114176987,False,-0.2789010620468223,-0.9048846851871799
WYTHEVILLE OFFICE SUPPLY INC,2016,3231.44,21,30,1.2142857142857142,78.21052631578948,0.07555237735137577,False,1.2066724096771173,0.1276291375449217
WYTHEVILLE OFFICE SUPPLY INC,2017,1492.5,4,16,2.2222222222222223,61.72222222222222,0.13789754851205888,False,0.32507685053915547,0.12022528178238052
WYTHEVILLE OFFICE SUPPLY INC,2018,3713.87,24,38,2.324324324324324,13.25,0.07679126780112466,False,1.6898072426764736,-0.1247948213290627
WYTHEVILLE OFFICE SUPPLY INC,2019,9801.88,52,51,2.006849315068493,227.47014925373134,-0.048076065664274026,True,2.3726877970987514,1.6263066519801215
West Virginia University,2016,11000.0,1,1,1.0,0.0,0.19487626917036,False,-0.3006729230278316,-0.6952372085698162
XEROX CORP,2016,1832.56,3,2,6.666666666666667,110.0,0.11902557067048103,False,-0.5119161592100044,1.3710828714296361
XEROX CORP,2018,9130.84,2,2,2.0,6.0,0.20038834214297346,False,-0.27150371625730346,-0.43387331905875093
YANCEY WHOLESALE SUPPLY INC,2016,1502.22,1,4,2.0,125.0,0.14787108836850793,False,-0.36261209149443985,0.5268872659292475
YORK BOLT INC,2019,1310.0,1,1,0.0,14.0,0.2009229905580583,False,-0.2990430219698256,-0.792623817707187
1 ADVANCED ENTERPRISES LLC,2021,1937.94,2,2,0.3333333333333333,108.0,0.1631712969622648,False,-0.38124665492716714,0.037085128299013094
11400 INC,2018,8375.0,1,1,4.0,62.0,0.17677499087283238,False,-0.4567320767031613,0.425558956233963
1ST CHOICE SHREDDING,2019,1191.5,2,1,0.3333333333333333,369.0,0.059826088135790156,False,-0.8029118246855027,2.127925062153497
1ST CHOICE SHREDDING,2020,1180.0,2,1,3.5,411.0,0.03957684836012959,False,-0.9338144576211389,3.1233273677883995
1ST CHOICE SHREDDING,2021,3335.0,2,1,2.0,55.0,0.19642140453734952,False,-0.3890065822501795,-0.045884441888834615
4IMPRINT INC,2018,21.27,1,1,2.0,13.0,0.2047713133331066,False,-0.34226145272775194,-0.38517190992851996
A & J SUPPLYINC,2019,30.64,1,1,0.0,61.0,0.19026030120120535,False,-0.36661266079643035,-0.4155770003178914
A F DAULTON SUPPLY,2016,30.0,2,1,0.0,30.5,0.1954742388648409,False,-0.3094309749625534,-0.6589448748584013
A F DAULTON SUPPLY,2017,383.28000000000003,1,1,4.0,14.0,0.19610112604624425,False,-0.388257495620294,0.038660097718696024
A M DAVIS INC,2018,1052.62,1,1,1.0,0.0,0.20033967874665454,False,-0.30124281912854045,-0.6971947062746229
A M DAVIS INC,2019,4069.31,2,1,2.5,2.5,0.19687658449170126,False,-0.3247148343189169,-0.3632571931372433
A TEAM SOLUTIONS LLC,2017,61410.0,1,1,0.0,1.0,0.15829057425386822,False,-0.2769306270874976,-0.8851562046664406
A TEAM SOLUTIONS LLC,2018,235893.75,2,1,3.5,467.0,-0.07242925457136662,True,-1.000788628937604,3.6190628129858693
A1 ASPHALT PAVING & SEALING LLC,2019,133954.40000000002,1,1,12.0,1.0,0.03970865018045383,False,-0.5402586229690244,1.6235183043201407
AAM SUPPLY LLC,2016,6013.1,12,12,0.8125,29.05263157894737,0.15645215796821516,False,0.32351366682720056,-0.4392767474182391
AAM SUPPLY LLC,2017,1394.72,4,3,2.0,41.75,0.19579253561172605,False,-0.24972313346864863,-0.14123361477778126
ABACUS OFFICE SOLUTIONS LLC,2016,1285.81,5,13,4.125,96.0,0.10293557190782993,False,0.10639941840397767,0.7796794696598112
ABACUS OFFICE SOLUTIONS LLC,2017,439.09,2,2,0.0,18.5,0.1966239139257434,False,-0.2453721405630708,-0.7509715013132227
ABACUS OFFICE SOLUTIONS LLC,2018,182.36,2,2,2.0,37.5,0.19543136812813888,False,-0.3172532949802174,-0.18276392537639866
ABATEMENT TECHNOLOGIES INC,2020,2653.5,3,1,0.0,44.0,0.19202610987888152,False,-0.31528701503383905,-0.5485806686350432
ABC SUPPLY CO INC,2019,50381.28,3,1,0.0,55.666666666666664,0.16156560930403746,False,-0.32930705053845133,-0.44553287026578825
ACCESS OFFICE PRODUCTS LLC,2016,2785.39,10,23,3.945945945945946,8.0,0.11277762456455237,False,0.7717800438112491,0.08594278026309014
ACCESS OFFICE PRODUCTS LLC,2017,2547.88,15,31,2.5064935064935066,26.753424657534246,0.10964724494320888,False,1.2182435057687704,-0.021602357922095482
ACCESS OFFICE PRODUCTS LLC,2018,7821.46,36,45,1.2432432432432432,62.53191489361702,0.04600907624447104,False,2.1315537271171165,0.09418011036759241
ACCESS OFFICE PRODUCTS LLC,2019,2165.52,11,19,0.9375,114.42105263157895,0.08627357709527106,False,0.5121451151147927,0.2993514742144094
ACCESS OFFICE PRODUCTS LLC,2020,1822.8700000000001,11,9,2.3181818181818183,12.333333333333334,0.1799109209899843,False,0.1599341243990964,-0.275484947127832
ACCESS OFFICE PRODUCTS LLC,2021,2103.7200000000003,11,8,0.8888888888888888,26.833333333333332,0.173916998093046,False,0.12418401920722859,-0.46035569626176637
ACCRUENT,2021,22050.0,1,1,3.0,17.0,0.1900613848432603,False,-0.3690341179155659,-0.14085989347004726
ACCRUENT LLC,2017,155083.36000000002,1,4,18.0,1.0,-0.025230211426622295,True,-0.53238332832802,2.8875488588684317
ACCRUENT LLC,2019,105000.0,1,1,7.0,132.0,0.07633648436553458,False,-0.6185938303338884,1.6301070918560638
ACTION MAINTENANCE SUPPLY CO INC,2021,760.4599999999999,2,1,0.3333333333333333,54.0,0.1880900588397756,False,-0.3505674126534462,-0.40086298612708987
ADAMS BUILDING SUPPLY INC,2017,4036.0,1,1,2.0,54.0,0.19574705571805384,False,-0.40091123302853815,-0.05524906942393944
ADVANCE SAFETY EQUIPMENT CO,2016,623.5,2,4,5.0,227.0,0.08596713464099098,False,-0.5626339907838852,1.97060718914801
ADVANCE SAFETY EQUIPMENT CO,2017,451.0,1,1,2.0,51.0,0.19680667968275795,False,-0.39680834432755985,-0.08003743242761382
ADVANCE SAFETY EQUIPMENT CO,2021,645.27,3,2,1.8333333333333333,8.0,0.2009688894890167,False,-0.25776608673462953,-0.4526573791674521
ADVANCED EDUCATIONAL PRODUCTS,2016,2716.11,5,3,1.3333333333333333,24.3,0.20012307072015778,False,-0.19634648282202197,-0.41815848446592296
ADVANCED EDUCATIONAL PRODUCTS,2017,653.98,1,1,4.0,101.0,0.1621406527534997,False,-0.5131820259407907,0.7371171156106125
ADVANTAGE SUPPLY CENTER INC,2016,34619.1,10,10,1.434782608695652,10.0,0.16556710857109386,False,0.2182765954494644,-0.46864195392045555
ADVANTAGE SUPPLY CENTER INC,2017,6784.1900000000005,15,14,1.1,17.733333333333334,0.15817509883811703,False,0.4671522167670214,-0.45735682111712694
ADVANTAGE SUPPLY CENTER INC,2018,7297.04,20,22,2.5660377358490565,37.096774193548384,0.10957552093592271,False,0.848018248992324,0.04409696151175782
ADVANTAGE SUPPLY CENTER INC,2019,5258.06,10,11,1.2727272727272727,22.8,0.17220584167499892,False,0.24862704487884493,-0.4011275834702255
ADVANTAGE SUPPLY CENTER INC,2020,1036.6,6,6,0.42857142857142855,135.5,0.12227995996855429,False,-0.18218095439937196,0.3002618468775071
ADVANTAGE SUPPLY CENTER INC,2021,856.0500000000001,9,6,1.3333333333333333,50.0,0.1813437806737267,False,-0.039430140413008054,-0.19364139889373755
ADVERTISING PROMOTIONS AND DESIGN,2016,625.89,5,7,4.777777777777778,41.0,0.1622679881813,False,-0.11001767918535318,0.4483741411483954
AIR  GAS NATIONAL WELDERS,2017,72.14999999999999,1,1,0.0,104.0,0.17192488763969893,False,-0.42836225594998945,-0.07038077234460265
AIR FORCE ONE HVAC CONTROL  LLC,2022,120.0,1,1,1.0,0.0,0.2001884197881843,False,-0.30129624993157034,-0.6973782321386653
AIR TEC PRODUCTS LLC,2021,3130.0,1,1,0.0,72.0,0.17937210827164318,False,-0.3822321115551587,-0.3266631697949981
AIR WATER & SOIL LABORATORIES INC,2018,4490.0,2,3,4.4,10.0,0.18740820961569088,False,-0.28420850473814213,0.10042813950079521
AIR WATER & SOIL LABORATORIES INC,2019,215.0,1,1,7.0,48.0,0.15502509698079292,False,-0.503965313895006,0.935166088707153
AIRGAS REFRIGERANTS INC,2017,1833.6,3,1,1.6666666666666667,31.0,0.19953773045729828,False,-0.3338153621150616,-0.30665691017890445
AIRGAS USA LLC-SOUTH DIV,2016,616.928,5,3,0.3333333333333333,5.0,0.1920788859876918,False,-0.14645981863309243,-0.7813713878676245
AIRGAS USA LLC-SOUTH DIV,2017,383.24,5,2,0.0,4.25,0.1920825170398805,False,-0.18476831085978435,-0.8609513750055682
AIRGAS USA LLC-SOUTH DIV,2018,296.16,5,1,0.8571428571428571,3.25,0.19416054693510837,False,-0.249245505913208,-0.695049216715698
AIRGAS USA LLC-SOUTH DIV,2019,778.67,4,1,3.1666666666666665,13.0,0.19618392766693538,False,-0.3280807505445374,-0.13808703223932195
AIRGAS USA LLC-SOUTH DIV,2020,127.54999999999998,2,1,0.0,65.0,0.18099917424584666,False,-0.358970574103254,-0.3819724679940482
AIRTEC INC,2016,2618.37,1,1,0.0,59.0,0.18917410581714444,False,-0.36359222215614456,-0.4311230317888429
ALLIANCE BEAUTY SUPPLY LLC,2017,25.0,1,1,0.0,7.0,0.1988253337695502,False,-0.28906399418484063,-0.8490700917806396
"ALLIED 100, LLC",2019,236.0,1,2,2.0,48.0,0.19518918535362934,False,-0.3457100963377273,-0.09993820699292406
AMERICAN CORRECTIONAL ASSOCIATION,2016,212.5,2,3,1.0,0.0,0.1953932575665459,False,-0.19430546955475245,-0.6874362405314319
AMERICAN CORRECTIONAL ASSOCIATION,2019,76.0,1,1,1.0,10.0,0.20478363902298785,False,-0.3156596947635787,-0.6171105978021011
AMERICAN COUNCIL ON EDUCATION,2016,2600.0,1,1,5.0,30.0,0.18359679333901585,False,-0.43339832100262315,0.37540495421267833
AMERICAN PUBLIC SAFETY LLC,2021,810.23,6,3,2.272727272727273,91.6,0.1665100791776159,False,-0.30066320240166955,0.3184694584185559
AMERICAN TANK CLEANING INC,2019,875.0,1,1,0.0,15.0,0.2009229905580583,False,-0.30050403599022774,-0.7846817900041139
AMERICAN WELDING & CONSTRUCTION SUPPLY,2016,2918.51,9,7,0.625,32.0,0.17833581206614463,False,0.04912896627526873,-0.48074726270716356
AMERICAN WELDING & CONSTRUCTION SUPPLY,2017,4149.95,4,4,0.5714285714285714,16.833333333333332,0.19177862995638267,False,-0.13513700901073686,-0.6334410100712273
AMERICAN WELDING & CONSTRUCTION SUPPLY,2018,1012.8,3,2,0.25,32.0,0.19234977777987272,False,-0.25691820161248774,-0.5890440210206073
AMERICAN WELDING & CONSTRUCTION SUPPLY,2019,171.89999999999998,1,1,0.0,14.0,0.2008688257070556,False,-0.2991082249430926,-0.7928477790053216
AMERISYS INC,2016,189.99,1,1,0.0,15.0,0.2008688257070556,False,-0.30054328095000066,-0.7848165898712919
ANALYTICAL SERVICES INC,2021,6322.0,2,3,5.0,43.0,0.1788311189993207,False,-0.3448688038985916,0.4904203586551724
APEX INDUSTRIAL SUPPLY COMPANY,2016,1854.28,6,6,0.47058823529411764,21.3125,0.18355939064476168,False,-0.0190868765525328,-0.6074982756692326
APEX INDUSTRIAL SUPPLY COMPANY,2017,1041.09,7,4,0.3076923076923077,14.76923076923077,0.19053554080241814,False,-0.08632939189473973,-0.7010197564913627
APEX INDUSTRIAL SUPPLY COMPANY,2018,895.2982,6,6,0.0,10.833333333333334,0.18205562154716654,False,0.00639680820213714,-0.7896294167852644
APEX INDUSTRIAL SUPPLY COMPANY,2019,997.3275,5,5,0.16666666666666666,54.75,0.17548819659415882,False,-0.12056398789585906,-0.4081175578211664
APEX INDUSTRIAL SUPPLY COMPANY,2020,6767.6808,14,11,0.22,64.85714285714286,0.13203022416025567,False,0.26530486057894637,-0.2761383891106578
APEX INDUSTRIAL SUPPLY COMPANY,2021,10021.1914,13,4,0.0,26.466666666666665,0.17153653075134356,False,-0.015469517937968746,-0.6604592023149738
ARC3 GASES,2019,2541.5,1,1,1.0,18.0,0.20242758014979445,False,-0.3270071828361544,-0.5524043894469471
ARC3 GASES,2021,4.95,1,1,7.0,0.0,0.15305792806950635,False,-0.43504491256700883,0.5497985481031914
ARCHITECTURAL PRODUCTS OF VIRGINIA,2016,2149.55,3,3,0.1,50.6,0.18296336668568647,False,-0.2334185545219357,-0.4664619839902303
ARCHITECTURAL PRODUCTS OF VIRGINIA,2017,1522.35,2,1,0.3333333333333333,36.0,0.1907624189236754,False,-0.32467409991135365,-0.5452103846075177
ARCHITECTURAL PRODUCTS OF VIRGINIA,2018,985.0,1,2,1.0,202.0,0.1314601638371623,False,-0.544535070085852,0.928597525569987
ARCHITECTURAL PRODUCTS OF VIRGINIA,2019,2288.8,1,1,2.0,65.0,0.18780463780800705,False,-0.41680834842316583,0.03271102955595383
ARCHITECTURAL PRODUCTS OF VIRGINIA,2020,5162.2699999999995,6,4,1.5714285714285714,117.25,0.1604119539680564,False,-0.2748151609565025,0.3836824334758872
ARMY NAVY STORE,2018,359.0,1,1,6.0,5.0,0.1661230705584159,False,-0.41991474545779556,0.3821397963021936
ARROW SAFETY DEVICE COMPANY,2019,19864.16,6,4,5.7272727272727275,63.75,0.12859296988555607,False,-0.2897771312298689,0.8209584520882973
ARROW SAFETY DEVICE COMPANY,2020,386.65,3,4,2.7142857142857144,38.0,0.19188801382897902,False,-0.22689583138970557,-0.02030999902672714
ASSOCIATES POLYGRAPH & DIAGNOSTICS,2017,35890.0,7,2,1.2857142857142858,37.0,0.18077273185928944,False,-0.2316633233933468,-0.32085240092197764
ATLANTIC ELECTRICAL SUPPLY CORP,2018,7660.0513,18,13,0.0,8.5,0.12970796719752853,False,0.49832211970133294,-0.7597590567002185
ATLANTIC ELECTRICAL SUPPLY CORP,2019,42904.3856,13,10,0.0,13.384615384615385,0.13470367957121027,False,0.2860151602676627,-0.7336595998205548
ATLANTIC ELECTRICAL SUPPLY CORP,2020,8389.817,17,8,0.0,31.8125,0.15185817536148233,False,0.21749267858733795,-0.5950683971400252
ATLANTIC ELECTRICAL SUPPLY CORP,2021,14290.4,8,4,0.0,3.0,0.18107527096411552,False,-0.04842914979809635,-0.855375509206063
ATLANTIC FENCE SUPPLY,2017,88312.1102,9,3,0.23529411764705882,28.11111111111111,0.15744466963362647,False,-0.11891641352743994,-0.593066133326742
ATLANTIC FENCE SUPPLY,2018,24900.32,5,2,0.0,9.466666666666667,0.1823908851593416,False,-0.19085531633949154,-0.8142493090553059
ATLANTIC FENCE SUPPLY,2021,165693.6848,7,3,0.0,52.0,0.1291687954555431,False,-0.1703068130552092,-0.43792710696653186
"ATLANTIC SOURCE, INC.",2020,1442.34,4,5,0.0,1.0,0.1801514130254429,False,-0.05301437270725653,-0.875634433248586
ATLANTIC TACTICAL INC,2020,883.2499999999999,1,1,3.0,23.0,0.19995130029767988,False,-0.3788633382071839,-0.09685942202286225
ATLANTIC TACTICAL INC,2021,127.30000000000001,1,1,0.0,31.0,0.19703854967389517,False,-0.32352435096702054,-0.6563868577184773
ATTRONICA COMPUTERS INC,2020,277.0,2,2,3.5,7.0,0.19803342982706684,False,-0.3068825725018412,-0.1157881398312401
ATTRONICA COMPUTERS INC,2021,3048.96,2,2,1.0,12.5,0.20297975760834652,False,-0.25889640910469414,-0.5907571230495131
AUGUSTA COUNTY SERVICE AUTHORITY,2021,500.0,1,1,1.0,25.0,0.20382498069219973,False,-0.33717678938449297,-0.4966127215225551
AUSTIN INDUSTRIAL SERVICES LLC,2019,5275.0,1,1,0.0,147.0,0.1502441829500789,False,-0.48981615238283693,0.2758311312340946
B & G HARDWARE LLC,2016,17741.01,33,27,1.6629213483146068,45.31818181818182,0.0946903058005733,False,1.2649038670317776,-0.035280720516912986
B & G HARDWARE LLC,2017,14115.960000000001,34,28,1.4683544303797469,26.95945945945946,0.10036391689885749,False,1.3555811620731721,-0.21811568525371913
B & G HARDWARE LLC,2018,15792.39,28,22,2.3582089552238807,41.57142857142857,0.09907470973219151,False,0.9537587486418215,0.050288489553130165
B & G HARDWARE LLC,2019,6979.650000000001,19,13,2.4,39.107142857142854,0.13889885237614163,False,0.41421252916658235,-0.013835440333557804
B & G HARDWARE LLC,2020,28503.2,45,30,1.0125,75.87755102040816,0.04660299426049741,False,1.5371101987182014,0.10732815517362337
B & G HARDWARE LLC,2021,24260.21,23,14,1.8222222222222222,47.625,0.12276339921618018,False,0.5161748924979337,-0.05203316541498305
B & G HARDWARE LLC,2023,33198.51,16,9,2.3518518518518516,0.0,0.15300961609668617,False,0.24559747931348183,-0.3539445137589911
B W WILSON PAPER CO INC,2016,21396.72,28,9,2.075,17.647058823529413,0.15052874954200002,False,0.3863205090170125,-0.254451794078719
B W WILSON PAPER CO INC,2017,14509.14,11,4,1.5454545454545454,10.833333333333334,0.18902851807418253,False,-0.05397201109361403,-0.46677619862109343
B W WILSON PAPER CO INC,2018,6248.81,10,7,2.0625,32.8,0.18273392242011205,False,0.02950942179935355,-0.17338666616605727
B W WILSON PAPER CO INC,2019,10020.75,9,6,1.7333333333333334,44.4,0.18154658343243185,False,-0.03977910552409624,-0.153646017063369
B W WILSON PAPER CO INC,2020,19182.98,17,6,1.2222222222222223,20.76923076923077,0.17477672550591955,False,0.11312185355499367,-0.4359854364049356
B W WILSON PAPER CO INC,2021,5261.31,5,3,2.2,24.75,0.20001976733412674,False,-0.2161652063446023,-0.2338941660672462
B W WILSON PAPER CO INC,2022,5973.38,9,3,2.3,6.0,0.19450296401307798,False,-0.13790309616407057,-0.3575856545103078
BACKFLOW SERVICES INC,2020,1400.0,1,1,0.0,17.0,0.19985201283694481,False,-0.30334614298041485,-0.7685232191679546
BACKFLOW SERVICES INC,2021,1400.0,1,1,1.0,12.0,0.20519883399249544,False,-0.3184560261842725,-0.6007947955476043
BALL OFFICE PRODUCTS,2016,395.99,2,7,0.875,4.0,0.1767225246013363,False,-0.010043880218287336,-0.6643752479850757
BALL OFFICE PRODUCTS,2018,4263.95,3,4,1.25,10.75,0.20020636941012382,False,-0.15490074466803178,-0.5426759507012682
BALL OFFICE PRODUCTS,2019,3552.26,1,1,1.0,18.0,0.2043404936873039,False,-0.32694927530846846,-0.5522054867831192
BARBEE FABRICS OF DANVILLE INC,2017,184.5,2,3,1.0,51.0,0.19431970691319012,False,-0.26754778623072595,-0.2780326567909733
BARNES & NOBLE BOOKSELLERS INC,2019,126.22,2,1,0.0,0.0,0.19268023204760615,False,-0.2656246441399831,-0.9037686334888873
BARROW FENCE COMPANY,2018,28.499999999999996,1,1,1.0,53.0,0.19701724763249484,False,-0.377414389395787,-0.2719318856843144
BATEMAN PRODUCE FARMS INC,2016,2700.0,2,1,2.0,4.0,0.20024257163953485,False,-0.3158022495574025,-0.4554184942530201
BATEMAN PRODUCE FARMS INC,2017,8613.0,7,1,0.42857142857142855,2.6,0.18785996337720529,False,-0.21152075159902986,-0.78476632774267
BATEMAN PRODUCE FARMS INC,2019,1260.0,1,1,3.0,0.0,0.19429122973062407,False,-0.3458116285376521,-0.28142075682008494
BATEMAN PRODUCE FARMS INC,2020,4688.0,3,2,0.0,3.5,0.1955313571866235,False,-0.2102064256766546,-0.8690748730994847
BATTERIES PLUS BULBS 218,2016,559.4,3,4,1.0,8.2,0.19644782587770604,False,-0.14587836039221624,-0.6158420487182253
BAXTER COMMUNICATIONS GROUP LLC,2019,42590.0,2,2,1.8,1.0,0.1809466046748655,False,-0.25794827393292985,-0.5090005101998631
BAY DIESEL CORPORATION,2018,133484.0,1,1,1.0,92.0,0.1237819439814119,False,-0.42577618393744177,0.06740773110851869
BEACH MOUNTAIN PRESS INC,2017,251.57,2,1,1.0,6.0,0.20143679096620215,False,-0.29652436233464524,-0.647711620660349
BEAMERS PRODUCE MARKET INC,2016,1634.5,1,1,0.0,6.0,0.19788987234156435,False,-0.28753569179601557,-0.8567809952023143
BELTWAY SUPPLY INC,2016,708.8,4,4,3.0588235294117645,52.0,0.18408080469043636,False,-0.24128163131850697,0.16523304398327518
BELTWAY SUPPLY INC,2021,1239.438,1,1,0.0,8.0,0.1986272370659416,False,-0.2904305101279036,-0.8408034790009714
BENTON THOMAS OFFICE PRODUCTS,2019,1517.9099999999999,6,6,0.7777777777777778,57.666666666666664,0.17481858464296507,False,-0.07816145104848116,-0.2518722586672232
BENTON THOMAS OFFICE PRODUCTS,2021,1304.8600000000001,5,6,2.2222222222222223,54.0,0.1827947620621399,False,-0.11848605430696338,0.017427943114069516
BERRY HOME CENTERS INC,2019,1484.52,2,2,1.0,0.0,0.1987858243389516,False,-0.2410348825243335,-0.6914103478827494
BEST INK STORE INC,2016,14755.35,23,2,3.5483870967741935,7.916666666666667,0.15365653548800418,False,-0.027449086659619003,-0.06454845511445687
BEST INK STORE INC,2017,4495.97,10,3,2.8666666666666667,6.0,0.1843210846726277,False,-0.1372380299698484,-0.2386103859336866
BEST INK STORE INC,2018,7545.64,12,2,1.5384615384615385,16.25,0.1876475424803054,False,-0.14221758730857084,-0.4330910326896748
BEST INK STORE INC,2019,16923.9,20,2,4.0,10.017857142857142,0.15202090645255512,False,-0.0805516719680718,0.04219625281825126
BEST INK STORE INC,2020,6335.900000000001,10,2,1.7272727272727273,9.590909090909092,0.18829285630731046,False,-0.1636942997816963,-0.45048816011340276
BEST INK STORE INC,2021,1883.49,3,1,2.5,3.6666666666666665,0.1966714860038889,False,-0.3131345992093404,-0.352846818068914
"BEST PROMOTIONAL PRODUCTS & APPAREL, LLC",2016,576.998,1,1,1.0,13.0,0.20519883399249544,False,-0.3199392692566327,-0.5929291209168438
"BEST PROMOTIONAL PRODUCTS & APPAREL, LLC",2017,1368.0,3,3,3.1666666666666665,16.0,0.19672394506394386,False,-0.2521315918997769,-0.10691427336722385
"BEST PROMOTIONAL PRODUCTS & APPAREL, LLC",2018,987.5,1,2,0.0,49.0,0.18940535208124837,False,-0.3025224440644055,-0.507495833713861
"BEST PROMOTIONAL PRODUCTS & APPAREL, LLC",2019,641.5,1,1,4.0,23.0,0.195079474055126,False,-0.40116753354093326,0.11095957520609592
BETHANY HALL INC,2017,10250.0,2,2,0.5,7.0,0.1917749407587268,False,-0.23944017295518366,-0.7374253106809064
BFI WASTE SERVICES LLC,2022,3600.0016,3,2,1.0,0.0,0.1995867350416511,False,-0.22753278008292208,-0.689519107587999
BH MEDIA GROUP INC,2019,617.63,2,2,2.0,42.0,0.1972304694487011,False,-0.3236907737047973,-0.14655393885918416
BJS HAULING LLC,2022,1095.05,2,1,0.0,0.0,0.1929089102481093,False,-0.2655691388271017,-0.90357798203078
BKT UNIFORMS,2016,760.0,2,2,0.8571428571428571,61.857142857142854,0.1890252109906207,False,-0.32672462891912574,-0.22468193531021108
BKT UNIFORMS,2017,341.5,1,1,5.0,29.0,0.1861437637658519,False,-0.4320916204946494,0.3669328854266368
BKT UNIFORMS,2018,852.5,1,1,1.0,412.0,0.043347389401134695,False,-0.8929243540353116,2.6101491800360286
BLACK BOX NETWORK SERVICES,2017,3717.63,2,2,0.5,27.0,0.19482883302040405,False,-0.2685362675087821,-0.5781581989982547
BLACKSTONE GLASS & MIRROR,2016,1020.0,2,1,3.0,7.5,0.1971308723655935,False,-0.3432151671894306,-0.21978582090561516
BLUE RIDGE ANALYTICAL LLC,2021,30249.336,3,1,4.0,50.0,0.17084990445246606,False,-0.41148395518383896,0.3364818409646563
BLUE RIDGE BEHAVIORAL HEALTHCARE,2019,388945.0,3,1,8.333333333333334,31.5,0.042280337835309656,False,-0.4609576812315065,1.1593118535919242
BLUE RIDGE SAFETY AND HEALTH,2019,6321.8,3,1,2.2857142857142856,14.857142857142858,0.20280628004017232,False,-0.3241743789459113,-0.3066832661263757
BLUE RIDGE SIGN & STAMP CO INC,2018,545.22,2,2,1.6666666666666667,24.333333333333332,0.20287579471429495,False,-0.29089384130259444,-0.3576784955359176
BLUE RIDGE SIGN & STAMP CO INC,2020,252.69970000000004,1,1,4.0,25.0,0.1943083318629379,False,-0.40406199313329266,0.126938323617667
BLUE RIDGE SOLVENTS & COATINGS,2021,1560.0,1,1,4.0,17.0,0.19452934447992593,False,-0.39249835727308624,0.06297454672968783
BLUE RIDGE SPACE INNOVATORS,2018,1600.0,1,1,1.0,107.0,0.17694178235026686,False,-0.45487334620356346,0.1618693439370291
BLUE RIDGE SPACE INNOVATORS,2019,9163.81,3,3,8.857142857142858,134.0,0.06840925925125141,False,-0.5479865437802869,2.024739850909625
BLUE SPRING FOODS LLC,2019,4908.0,1,1,1.0,85.0,0.1820002437316522,False,-0.42308979447082073,-0.01408753479419419
"BOB BARKER COMPANY, INC.",2016,7267.35,20,15,2.0821917808219177,28.5,0.13866070214668502,False,0.5435313849484358,-0.15506695137365017
"BOB BARKER COMPANY, INC.",2017,216.96999999999997,4,4,1.5,6.0,0.19896005647339882,False,-0.14050284367304125,-0.5281619885863864
"BOB BARKER COMPANY, INC.",2018,687.38,4,3,1.8888888888888888,36.375,0.19420348614198996,False,-0.23956795605085643,-0.2076176018495563
"BOB BARKER COMPANY, INC.",2019,3812.86,7,9,2.5555555555555554,60.95238095238095,0.16492566187074026,False,0.031411928715001355,0.15864462999212217
"BOB BARKER COMPANY, INC.",2020,33777.06,10,10,0.16666666666666666,18.666666666666668,0.14203071497138853,False,0.23404896203934036,-0.6628337791200889
"BOB BARKER COMPANY, INC.",2021,9483.85,8,6,2.25,52.666666666666664,0.1818799302484418,False,-0.07657914488298014,0.018532847544171702
BOOKWORM CENTRAL,2016,10.4,1,1,0.0,51.0,0.19084154079323756,False,-0.3522528963431255,-0.4958572761392039
BOXLEY CONCRETE PRODUCTS OF VA INC,2021,5360.0,1,1,6.0,7.0,0.16578799882822787,False,-0.422500417593099,0.39917917793744934
BOXWOOD SALES LLC,2017,838.34516,1,1,0.0,19.0,0.19985201283694481,False,-0.3062505055953123,-0.7525784859810271
BOXWOOD SALES LLC,2018,65605.95,3,2,0.8888888888888888,21.0,0.173956860088608,False,-0.2516616280263885,-0.5318333217506166
BOXWOOD SALES LLC,2019,24099.0,1,1,0.0,22.0,0.18644246819331523,False,-0.30922615486518307,-0.7239182442324096
BOXWOOD SALES LLC,2021,9890.0,1,1,0.0,42.0,0.18932446977536443,False,-0.33876205180931895,-0.5661617801379322
BRANDON E CHROSTOWSKI,2017,2000.0,1,1,0.0,45.0,0.19388822689981894,False,-0.34352235560408395,-0.543631527929528
BREATHE 4 ME CPR LLC,2021,1380.0,1,1,2.0,34.0,0.20041115994392084,False,-0.3723415500762729,-0.21632431683538753
BRIGHT IDEAS LLC,2020,3890.9,2,3,1.2857142857142858,63.57142857142857,0.18729742479126305,False,-0.2917578457090742,-0.11699407513219459
BROWN MOTOR PARTS INC,2016,2223.5499999999997,2,2,5.142857142857143,27.0,0.17831589364441452,False,-0.3721127534629494,0.38664257767264687
BROWN MOTOR PARTS INC,2019,6.98,1,1,0.0,14.0,0.1993256761015217,False,-0.29911767338729894,-0.7928802328294924
BROWN'S TOWING & AUTO REPAIR,2018,380.0,1,1,1.0,27.0,0.20334177982347512,False,-0.34005584911851366,-0.48058107717554127
BRUNER DETENTION & SECURITY LLC,2016,84139.0,2,1,0.0,32.0,0.15689868180745886,False,-0.30676641847925523,-0.6303520199553548
BRUNER DETENTION & SECURITY LLC,2018,1245.0,2,3,4.0,60.0,0.17745992152112583,False,-0.34728289631573256,0.4180244077630916
"BUFORD SATELLITE SYSTEMS,LP",2019,20608.800000000003,1,1,3.0,600.0,-0.039794901701008745,True,-1.2063585564525605,4.5389643749776845
BUILDING INDUSTRIAL SUPPLIES,2021,3177.79,2,6,2.0,44.0,0.18415666732906288,False,-0.13920713073451058,-0.11309719002156313
BUSINESS SERVICES,2020,229.98,1,1,0.0,60.0,0.19036500230778775,False,-0.36516514799093036,-0.42356540243403773
BUSINESS SERVICES,2021,279.98,1,1,1.0,119.0,0.1736675925286949,False,-0.4721820803989365,0.25794113493071147
C & H DISTRIBUTORS LLC,2016,40.13,1,2,0.0,1.0,0.19098333928774036,False,-0.2336442845923515,-0.8930084680216627
C & H DISTRIBUTORS LLC,2017,5485.84,8,6,1.4705882352941178,61.6,0.18114770305730415,False,-0.07226393000443733,-0.07255406375518508
C AND D SALES INC,2018,724.4399999999999,1,1,11.0,16.0,0.11537512268331684,False,-0.5471425515152138,1.509848482003287
C AND D SALES INC,2020,390.0,1,1,0.0,8.0,0.19867485274197833,False,-0.29047917534467366,-0.8409706358739746
C AND D SALES INC,2021,833.76,2,3,2.6666666666666665,20.0,0.1997001861234291,False,-0.26014230031073765,-0.18031711650831933
C&C BOILER SALES & SERVICE INC,2020,3576.0,1,1,7.0,419.0,0.010431625377985365,False,-1.0365630399050638,3.91407795008345
C-TECH ASSOCIATES INC,2020,18015.0,1,1,75.0,92.0,-0.07182691560326215,True,-2.0818770731572767,15.426811319310925
CALIPER INC,2017,111887.07250000001,8,2,1.2,262.0,0.0717369480771205,False,-0.5351386546707194,1.4839771024378428
CANN ENTERPRISES INC,2016,399.0,2,2,9.333333333333334,21.333333333333332,0.12339768635208376,False,-0.4574865878537871,1.211853546483613
CANON SOLUTIONS AMERICA INC,2019,190548.58,6,6,2.935483870967742,92.16666666666667,0.11149178713501412,False,-0.1649728821991889,0.5107943650959706
CANON SOLUTIONS AMERICA INC,2020,13387.119999999999,2,2,1.6666666666666667,124.0,0.1571147131140065,False,-0.43328865781670034,0.4449356534717392
CANTWELL CLEARY CO INC,2019,116.16,1,1,2.0,24.0,0.20438995733581156,False,-0.3580530328047226,-0.2968493147991836
CAPITAL ELECTRIC SUPPLY,2020,598.0,1,1,0.0,55.0,0.1924795665372983,False,-0.3579636017169085,-0.46363112796856093
CAPITAL JANITORIAL SUPPLY & SERVICE LLC,2017,279.19,1,1,0.0,21.0,0.20041627530231154,False,-0.30915472500085356,-0.7366332608939343
CAPITAL JANITORIAL SUPPLY & SERVICE LLC,2019,861.86,1,1,0.0,6.0,0.19887983268118198,False,-0.2875799571727531,-0.8569330393613435
CAPITAL OFFICE SYSTEMS INC,2016,4260.8,10,10,5.533333333333333,20.0,0.12834634422814462,False,0.11081830122275603,0.4576119545406318
CAPITAL OFFICE SYSTEMS INC,2018,95.0,1,1,0.0,54.0,0.19242402116863117,False,-0.3565563267255235,-0.4717577402403457
CAPITAL OFFICE SYSTEMS INC,2019,1877.9,2,3,2.8,1.0,0.19081096647079454,False,-0.23576877078888395,-0.30492105896421273
CAPITAL OFFICE SYSTEMS INC,2021,25120.0,2,2,1.3333333333333333,98.0,0.1678087670546733,False,-0.38784795096408303,0.16923729305218016
CAPITAL WASTE SERVICES INC.,2022,1871.6100000000001,3,1,0.0,0.0,0.19281771908974094,False,-0.25214374464444733,-0.9019502217638274
CAPITOL SHEDS INC,2019,10300.0,1,1,0.0,9.0,0.19477526079882362,False,-0.2913475131868426,-0.8309928647132045
CARDIO PARTNERS INC,2021,212.93,2,2,1.8,68.0,0.18604731195318996,False,-0.3565942928240591,0.020511469643657954
CAROUSEL INDUSTRIES,2016,10252.08,1,1,4.0,4.0,0.18770379628098688,False,-0.3733311774276375,-0.039674160849556696
CAROUSEL INDUSTRIES,2018,26517.0,5,3,2.0,32.0,0.18550373718392615,False,-0.2209010458741686,-0.21308436137045902
CAROUSEL INDUSTRIES,2019,17450.0,3,3,4.571428571428571,24.0,0.17844817379919437,False,-0.2940116038436343,0.25247450030544316
CAROUSEL INDUSTRIES,2020,62902.82,13,3,3.3859649122807016,98.0,0.12963530046475574,False,-0.23744496422167335,0.6237946947602574
CAROUSEL INDUSTRIES,2021,26179.89,6,3,1.5769230769230769,53.0,0.18184852258976109,False,-0.2282668648272329,-0.13103908874690312
CARRERAS TECHNOLOGIES INC,2016,879.45,3,2,2.75,3.0,0.19573253577384625,False,-0.2710050247463609,-0.3022050865482248
CARRERAS TECHNOLOGIES INC,2017,485.5,2,3,2.0,10.333333333333334,0.19996444789056256,False,-0.231419795799446,-0.3965637787753716
CARRERAS TECHNOLOGIES INC,2018,731.5,3,3,3.25,82.5,0.1718429922304161,False,-0.3495257312015868,0.4441200346939273
CARRERAS TECHNOLOGIES INC,2019,636.5,3,4,0.0,8.0,0.18982462107227416,False,-0.12329637955358896,-0.8252989724970903
CARRERAS TECHNOLOGIES INC,2020,598.0,4,5,0.2857142857142857,54.0,0.17714265320059447,False,-0.13554431324668204,-0.3909457860154449
CARTER MACHINERY COMPANY INC,2017,81217.17000000001,7,3,2.0,3.0,0.17392763711513948,False,-0.14935872617191512,-0.4321715344514309
CARTER MACHINERY COMPANY INC,2018,82848.54000000001,4,5,2.6,11.0,0.16717147599711651,False,-0.12066634552647691,-0.23888551840977673
CATER NATION,2016,2197.18,7,2,1.4285714285714286,2.0,0.19971557750854124,False,-0.18651472223940818,-0.578754451892432
CATER NATION,2018,1481.14,4,3,3.142857142857143,10.75,0.19375387931178195,False,-0.23067399814446787,-0.15251132218902824
CATER NATION,2019,839.18,3,3,1.375,25.5,0.20015477956956335,False,-0.22586789787752612,-0.4031834638005435
CATER NATION,2020,224.85000000000002,1,1,4.0,1.0,0.18800266566664953,False,-0.3695973710133386,-0.06573025972326287
CATER NATION,2021,244.98,1,1,1.0,2.0,0.20217229118491892,False,-0.30416127449786334,-0.6812983793400068
CDWG,2016,28800.879999999997,5,2,1.5714285714285714,1.0,0.18347237526656845,False,-0.21350061872672557,-0.5548015304308997
CDWG,2018,0.0,1,1,3.0,4.0,0.19491532138161494,False,-0.3516281849029191,-0.24955818908563737
CDWG,2020,113.69999999999999,1,1,1.0,10.0,0.20478363902298785,False,-0.3156575348900244,-0.6171031789980068
CEDAR VIEW FARMS,2020,750.0,1,1,0.0,41.0,0.19450331824365302,False,-0.33784959983885227,-0.5759880266527448
CEIA USA LTD,2021,2380.0,2,1,0.0,143.0,0.14707425340563962,False,-0.47085673621225027,0.2446258654769679
CELLEBRITE USA INC,2021,289.0,2,2,6.5,25.5,0.15964094780148913,False,-0.4003206301031745,0.6563250736268657
CENTER FOR PSYCHOLOGICAL ASSESSMENT AND,2017,63050.0,3,3,1.0,139.0,0.13106467791041054,False,-0.376941381302858,0.4422446687471831
CHARLES BERRIER & SON LLC,2018,3024.0,1,1,0.0,7.0,0.19617071239545814,False,-0.2888921782487824,-0.8484799328024247
CHECKERED PIG,2019,490.56,3,1,4.0,284.44444444444446,0.08755791684987818,False,-0.7498727529401612,2.21265884146927
CHECKERED PIG BBQ & RIBS,2019,328.42,4,1,2.3,30.0,0.19500384369890006,False,-0.3332018175059573,-0.18185696427996145
CHEMTREAT INC,2020,2907.3,2,2,0.6666666666666666,21.666666666666668,0.19458208909427294,False,-0.26463859024236813,-0.5864872545229597
CHESAPEAKE FARMS INC,2020,125708.25,24,2,0.12,7.833333333333333,0.11928630729382289,False,0.0688280348482887,-0.7545556515081665
CHESAPEAKE FARMS INC,2021,178302.75,34,2,0.6,6.4,0.11785926539726127,False,0.1970093059852147,-0.6411866973600583
CHESAPEAKE FARMS INC,2022,158893.75,26,3,0.43333333333333335,1.3333333333333333,0.10555379615052296,False,0.14664365710311117,-0.7278989879853627
"CHESTERFIELD TRADING CO., INC.",2016,5842.24,12,10,0.0,9.0,0.15274290416302838,False,0.27680763869476,-0.7776258951656717
"CHESTERFIELD TRADING CO., INC.",2017,3440.25,8,7,0.0,5.857142857142857,0.1751482210463372,False,0.08725297737798908,-0.8219013086606475
"CHESTERFIELD TRADING CO., INC.",2018,1814.96,9,7,0.0,24.9,0.17417648168158467,False,0.07319346452631101,-0.6678771993152108
CHS INDUSTRIAL SUPPLY LLC,2016,28.95,1,1,1.0,155.0,0.15916750391177065,False,-0.5238957886665101,0.5468863903242188
CLARKSVILLE AUTO SUPPLY INC,2017,115.32,1,3,1.0,17.0,0.19980076233001504,False,-0.23210551216834122,-0.5524606109229943
CLAYS GARDEN CENTER INC,2016,514.0,1,2,3.0,78.0,0.1787781094865472,False,-0.4110672867089074,0.34881194803534005
CLAYS GARDEN CENTER INC,2017,80.0,1,1,4.0,58.0,0.18184321604793308,False,-0.45146293656631536,0.3918161053928656
CLAYS GARDEN CENTER INC,2019,415.0,1,1,1.0,84.0,0.18385366455626684,False,-0.42191111087152383,-0.02299932023139306
CLEARVIEW COUNSELING PLLC,2019,88016.0,3,1,9.0,25.0,0.1046618327309613,False,-0.4837238568823159,1.1864915867426737
"CLOVER GLASS SHOP, INC.",2018,750.0,1,1,6.0,21.0,0.17093722951025414,False,-0.442869823086676,0.5106588079571175
"CLOVER GLASS SHOP, INC.",2019,262.93,1,1,0.0,5.0,0.198927412300823,False,-0.28617817811426116,-0.8650785292425913
CMC SUPPLY INC,2018,25197.25,2,1,0.0,42.0,0.18164951765874754,False,-0.3245041787657375,-0.5616745943414171
COASTLINE LTD,2021,6000.0,1,1,1.0,52.0,0.19574991555361249,False,-0.37563618333470933,-0.27878441182590474
"COBB TECHNOLOGIES, INC",2019,63243.49,2,2,9.0,20.0,0.10456686627659434,False,-0.444541254477138,1.1442280530350992
"COBB TECHNOLOGIES, INC",2020,13092.130000000001,4,3,7.0,108.0,0.10325873711723477,False,-0.4556458240111808,1.432231553728516
"COBB TECHNOLOGIES, INC",2021,2715.8,2,2,5.0,40.0,0.1800276662552468,False,-0.38756941813212564,0.4614034016733694
COCA COLA BOTTLING CO CONSOLIDATED,2019,288.0,1,1,1.0,7.0,0.20232326670684836,False,-0.31133927184812477,-0.6411517671944776
COFFEE'S CUSTOM EMBROIDERY,2018,41.0,1,1,0.0,48.0,0.19343053957769035,False,-0.34794286602880564,-0.5199341423767451
COFFEYS LOCKSHOP,2018,447.53,1,1,5.0,9.0,0.18694187305774063,False,-0.40336369787253745,0.20640116479164705
COLEMAN ONE INC,2017,300.0,1,1,0.0,173.0,0.1373724187085698,False,-0.5274395779486611,0.4835704861011883
COLONIAL FORD TRUCK SALES INC,2020,41756.4,1,1,0.0,114.0,0.14370707335560506,False,-0.44033504445194876,0.018098366287625095
COLONIAL POWERLIFT INC,2016,2184.34,4,8,0.5833333333333334,53.8,0.16693029226442768,False,-0.0013933778643669048,-0.3177008265460378
COLONIAL REFRIGERATION & A C CO INC,2017,4104.750059999999,8,6,0.037037037037037035,15.142857142857142,0.18299484411381095,False,0.026328046858988548,-0.7437539331565275
COLONIAL REFRIGERATION & A C CO INC,2018,5646.71,11,6,0.0,27.454545454545453,0.170845184595586,False,0.049703946372729235,-0.6478907562171821
COLONIAL REFRIGERATION & A C CO INC,2019,1230.90002,5,5,0.0,1.8823529411764706,0.1816950516790407,False,-0.0409127224613777,-0.8671178944955076
COLONIAL REFRIGERATION & A C CO INC,2020,10014.49016,6,3,0.0,29.2,0.18560801333890958,False,-0.1598638390306358,-0.653067369396353
COLONIAL REFRIGERATION & A C CO INC,2021,304.1298,1,1,1.0,17.0,0.2044907222481272,False,-0.325699271779209,-0.5608723001999182
COLONIAL SCIENTIFIC INC,2016,56265.159999999996,21,3,1.8909090909090909,9.5,0.15482300252917347,False,0.029641478890170946,-0.3869292588740202
COLONIAL SCIENTIFIC INC,2017,30107.760000000002,5,3,6.2,38.5,0.13045525870599767,False,-0.32364937789521225,0.712841431896768
COLONIAL SCIENTIFIC INC,2018,21945.100000000002,6,4,9.833333333333334,26.8,0.10183948283932492,False,-0.3281198060553115,1.3782597828331715
COLONIAL SCIENTIFIC INC,2019,28763.54,4,4,5.375,4.0,0.15143903267531933,False,-0.2223702828776992,0.2668832558772172
COLONIAL SCIENTIFIC INC,2020,1205.6399999999999,3,2,1.625,10.875,0.2044301032393312,False,-0.257218926271587,-0.47277320783921023
COLONIAL SCIENTIFIC INC,2021,5473.99,12,10,5.806451612903226,33.35,0.12187683418848255,False,0.11238988032328759,0.6247415928641773
COLONIAL TIRE DISTRIBUTORS INC,2020,3594.0200000000004,3,2,0.0,18.75,0.19667231525998863,False,-0.2321695101052939,-0.746868805578355
COLONIAL TRUCK SALES,2021,6210.87,2,1,0.5,1.0,0.18915079606513147,False,-0.27785731300672234,-0.7906103497692643
"COLONY CONSTRUCTION, INC.",2017,8236.55,1,1,0.0,0.0,0.1910715745415955,False,-0.27854089883480954,-0.903647584845567
COLT PLUMBING CO,2017,1739.68,3,3,1.5,6.0,0.20222097640592568,False,-0.20059879856775212,-0.5335617085519817
COLT PLUMBING CO,2018,602.9,3,2,6.25,92.75,0.1259273523679138,False,-0.4779263699715137,1.145753216382115
COLT PLUMBING CO,2019,3569.35,1,1,0.0,147.0,0.15220145047833522,False,-0.4899138709061237,0.27549548446477445
COLT PLUMBING CO,2021,144.70000000000002,1,2,0.0,61.0,0.18572733037392525,False,-0.31980383781262745,-0.41133013286103076
COMMERCIAL BUSINESS SYS,2016,2795.4300000000003,14,13,1.52,42.625,0.15338267408522888,False,0.3616318254516986,-0.1767160853025217
COMMERCIAL BUSINESS SYS,2017,84.55,1,2,0.0,57.0,0.18812275882945156,False,-0.31406291426096056,-0.4434524866491928
COMMERCIAL BUSINESS SYS,2018,11.95,1,1,0.0,28.0,0.1980127155318674,False,-0.3192226822852007,-0.6804924447639114
COMMERCIAL BUSINESS SYS,2020,791.0,3,2,1.0,32.0,0.20036609247503495,False,-0.2736486676852277,-0.43318774044187985
COMMERCIAL BUSINESS SYS,2021,2711.9,9,8,2.742857142857143,77.0,0.15410242850023453,False,-0.01591250721409696,0.3249115197888135
COMMERCIAL FYR-FYTERS,2016,1014.4,2,2,1.0,0.0,0.1987858243389516,False,-0.2410618162048469,-0.69150286056659
COMMERCIAL FYR-FYTERS,2019,8246.1498,8,2,0.3333333333333333,40.125,0.18531260335528538,False,-0.20312505363501646,-0.49769917874744507
COMMERCIAL FYR-FYTERS,2020,1476.0500000000002,3,3,2.8,101.0,0.1664908153516052,False,-0.36602012922953037,0.49923773646861275
COMMERCIAL LAUNDRY EQUIPMENT,2016,1655.8,7,3,2.25,18.0,0.19708353776382043,False,-0.18103085498534274,-0.2754469570467372
COMMERCIAL LAUNDRY EQUIPMENT,2019,16.59,1,2,8.0,0.0,0.13257065460889111,False,-0.4105323025513765,0.7618918308785184
COMMON CENTS EMS SUPPLY LLC,2019,3956.0391999999997,2,2,1.0,44.0,0.1979922267398621,False,-0.30408135223930394,-0.33770830064184965
COMMONWEALTH BUILDING MATERIALS INC,2020,1047.15,1,1,0.0,6.0,0.19887983268118198,False,-0.2875693417093345,-0.856896577021539
COMMONWEALTH OF VIRGINIA STATE POLICE,2017,250.0,5,1,3.5,3.125,0.18994606051287832,False,-0.3079788369903303,-0.14670010452867474
COMMONWEALTH SUPPLY COMPANY LLC,2018,648.74,2,2,0.0,14.0,0.19800965818462113,False,-0.23889771367794319,-0.7870545770841115
COMMONWEALTH SUPPLY COMPANY LLC,2019,9607.5,25,22,0.0,10.347826086956522,0.09697589096950326,False,1.010666966975354,-0.6961977525512828
COMMONWEALTH SUPPLY COMPANY LLC,2020,8107.522,34,33,0.6428571428571429,38.35,0.07244883652552142,False,1.5912911247989858,-0.2783301994973822
COMMUNICATIONS SPECIALISTS INC,2019,13917.58,4,6,0.9090909090909091,44.8,0.1829561183476916,False,-0.08866216184882106,-0.32837529584193437
COMPANION CORPORATION,2016,1589.0,2,2,3.5,16.0,0.2004192466894672,False,-0.31973223823271746,-0.04328129397836411
COMPLETE COMBUSTION LLC,2019,765.0,1,1,4.0,4.0,0.1919993934514308,False,-0.37387470244619647,-0.04154107830172178
COMPLETE COMBUSTION LLC,2020,3976.02,2,2,0.3333333333333333,5.333333333333333,0.19747863563108015,False,-0.23369107114489582,-0.786683747923869
COMPLETE COMBUSTION LLC,2021,1156.08,3,2,3.2857142857142856,15.714285714285714,0.19953477930666458,False,-0.3011893217989958,-0.08872798635156894
COMPLETE FACILITIES SUPPLY INC,2017,8700.89,5,4,0.2727272727272727,91.25,0.15580487809168203,False,-0.221706431090134,-0.09577110900377765
COMPLETE FACILITIES SUPPLY INC,2018,615.22,2,2,0.0,7.0,0.1975734137406997,False,-0.228846987257527,-0.8432545783472751
COMPLETE FACILITIES SUPPLY INC,2020,6144.42,2,3,0.6666666666666666,43.0,0.18840751540136902,False,-0.2482874817109656,-0.41036972341532074
COMPLETE FACILITIES SUPPLY INC,2021,36917.2,3,2,0.25,64.0,0.1671160432984301,False,-0.3008161567926868,-0.32509442728846666
COMPLETE PRODUCTS,2020,407.81,2,1,2.375,26.0,0.20005881782999696,False,-0.3558864838986005,-0.20131175531834666
COMPUTER AID INC,2017,1674730.2,20,4,2.55,9.0,-0.0066248236194391685,True,0.14181314848041154,0.06729942531507754
COMPUTER AID INC,2019,808547.4,7,4,10.571428571428571,64.33333333333333,-0.049896284920543876,True,-0.3400273424053099,1.9892554728263196
CONSOLIDATED CONTAINER SYSTEMS LTD,2021,2500.0,1,1,0.0,105.0,0.17026563833687525,False,-0.4296592542142915,-0.06187537797571336
CONSOLIDATED SALES & SERVICE LLC,2019,29679.97,3,3,0.2857142857142857,32.0,0.1746230510887843,False,-0.20926962399960372,-0.571754516472199
CONSOLIDATED SALES & SERVICE LLC,2020,48229.409999999996,4,9,1.5,82.57692307692308,0.1433235435750871,False,-0.01371225495450579,0.11713941282802429
CONSOLIDATED SALES & SERVICE LLC,2021,8523.96,5,6,2.1578947368421053,20.25,0.1928998714018274,False,-0.06817046386299801,-0.26545546669826053
CONTAINER AND PACKAGING SUPPLY INC,2020,1237.032,2,1,0.0,23.0,0.19891148814258414,False,-0.29859112978234753,-0.7189145684249252
"CONTROL EQUIPMENT COMPANY, INC.",2018,3947.4,3,2,2.3333333333333335,1.0,0.19346194005919076,False,-0.25866942994561515,-0.40426768866436136
"CONTROL EQUIPMENT COMPANY, INC.",2020,2225.0,2,2,2.0,12.0,0.20240642348374144,False,-0.2805159136743997,-0.38706651080795973
"CONTROL EQUIPMENT COMPANY, INC.",2021,18214.39,17,6,4.589285714285714,28.52,0.14887134969185967,False,0.026882533583435463,0.3259442007366163
CONTROLLING FACTOR LP,2020,43.68,1,1,0.0,2.0,0.19711742017413436,False,-0.28188246197520767,-0.8892045622759666
COOKS DIRECT INC,2021,266.88,1,1,1.0,71.0,0.18533305860445842,False,-0.40325039559357784,-0.1273876488173782
CORTECH LLC,2019,854690.87,30,1,2.9574468085106385,35.5,0.009779500783425599,False,0.04109581161270182,0.20543070449573844
"COUNSELING AND FORENSIC SERVICES, INC.",2019,196115.25,8,4,3.111111111111111,48.0,0.13600731796098953,False,-0.17198410733421318,0.18834425392406814
COUNTRY BOY CUSTOMS LLC,2020,278.85,3,3,1.6666666666666667,61.666666666666664,0.188668189211265,False,-0.28434002569661915,-0.05233338626938649
COUNTRY BOY CUSTOMS LLC,2021,298.47,2,2,1.5,35.0,0.19977208004426444,False,-0.3025112392991491,-0.3067434348945558
COWLING BROS INC,2018,1973.925,2,2,1.5,1.0,0.19937511814989234,False,-0.2535881089959909,-0.579353125874384
COWLING BROS INC,2019,497.0,1,1,1.0,0.0,0.2001884197881843,False,-0.30127465119602714,-0.6973040440977225
CRAFTMASTER HARDWARE LLC,2019,1396.0,1,2,0.0,22.0,0.19740396560271545,False,-0.2637245457933489,-0.7241614377343581
CREATIVE ENGRAVERS,2018,47.5,1,1,0.0,10.0,0.20034659815020578,False,-0.2933709823430402,-0.824982776246085
CREATIVE MAINTENANCE SOLUTIONS LLC,2018,631.35,1,1,0.0,4.0,0.19920610402616928,False,-0.2847209785336799,-0.8730336589079083
CREST FOOD SERVICE EQUIPMENT CO,2016,3158.52,4,4,1.0,34.0,0.1948774632185763,False,-0.1693997337702807,-0.4067427998674248
CREST FOOD SERVICE EQUIPMENT CO,2018,194.34,3,3,1.6666666666666667,218.0,0.1063238738945192,False,-0.5088539796178808,1.20263602888743
CREST FOOD SERVICE EQUIPMENT CO,2019,11921.16,6,6,0.7142857142857143,86.11111111111111,0.15106056582993116,False,-0.11699902821044283,-0.03468147460765909
CREST FOOD SERVICE EQUIPMENT CO,2020,10038.75,1,1,3.0,82.0,0.17173868530735525,False,-0.4630682615091046,0.37857237341241284
CREST FOOD SERVICE EQUIPMENT CO,2021,408.0,1,1,1.0,42.0,0.19854715969272624,False,-0.36159563100540965,-0.3601611278567733
CROP PRODUCTION SERVICES,2018,40.72,1,1,2.0,72.0,0.1855317855315063,False,-0.42698979016192473,0.0884620455824735
CROPKING INC,2016,797.9,2,2,1.0,10.0,0.20395044229932885,False,-0.25543514374741555,-0.6112691716864254
CROPKING INC,2017,706.63,2,3,0.0,10.0,0.19370401571549783,False,-0.18634773912399202,-0.8149292802101002
CROPKING INC,2018,1201.88,4,4,1.1666666666666667,3.0,0.19465816300704591,False,-0.12870802484019384,-0.6213399173757921
CROPKING INC,2019,2620.8,3,3,0.0,7.0,0.19318028082784638,False,-0.16854889283329466,-0.837160542936116
CROPKING INC,2020,1583.5,3,3,0.6666666666666666,9.0,0.19201511377173114,False,-0.18634073581519628,-0.6827316963268919
CROPKING INC,2021,538.9,4,3,1.3333333333333333,24.666666666666668,0.2012265303215372,False,-0.21037868896410947,-0.4171184079270255
"CROWN ORCHARD COMPANY, LLP",2016,66798.0,16,1,0.8260869565217391,12.5,0.1586579041531599,False,-0.11083720546591086,-0.5979381560214607
"CROWN ORCHARD COMPANY, LLP",2017,82346.0,14,1,0.8333333333333334,5.111111111111111,0.1580863465294653,False,-0.1262586493152375,-0.6556374096668435
"CROWN ORCHARD COMPANY, LLP",2018,17430.0,5,1,0.2,18.75,0.1904710560161667,False,-0.2558753808847209,-0.7038473074313745
"CROWN ORCHARD COMPANY, LLP",2019,77516.0,20,1,0.75,9.61111111111111,0.14145665350361808,False,-0.05085482690461147,-0.6289360965602
"CROWN ORCHARD COMPANY, LLP",2020,33400.0,10,1,0.5454545454545454,19.166666666666668,0.16358905181835975,False,-0.1963545941901594,-0.6181766263548184
"CROWN ORCHARD COMPANY, LLP",2021,22781.0,5,1,0.3333333333333333,20.0,0.18911623792151272,False,-0.2603359778705006,-0.6650442302483988
CRYSTAL ICE COMPANY INC,2017,375.24,1,1,1.0,31.0,0.20084705143276443,False,-0.345800491433905,-0.44847149671824815
CRYSTAL ICE COMPANY INC,2018,2322.95,1,1,2.0,12.0,0.20277043259270444,False,-0.34069349460214116,-0.3927466025327419
CRYSTAL ICE COMPANY INC,2020,2052.4,2,2,0.0,29.0,0.1959905650751238,False,-0.26035868252362604,-0.6663639181621518
CRYSTAL ICE COMPANY INC,2021,2886.8,2,2,0.0,106.0,0.1617147642266274,False,-0.3708899938400669,-0.048072265310040926
CSC SALES TEAM LLC.,2020,543.6700000000001,4,4,0.0,7.0,0.18939090131657643,False,-0.10848470125677954,-0.8318699246513149
CSC SALES TEAM LLC.,2021,38525.25,18,20,1.2571428571428571,24.454545454545453,0.11667474377322584,False,0.7767720888989611,-0.3347191356289733
CSC SALES TEAM LLC.,2022,23602.98,26,23,0.05263157894736842,0.0,0.07951140292636832,False,1.085339234029782,-0.7598724475952766
CSC SALES TEAM LLC.,2023,5447.17,23,14,0.0,0.0,0.113794527507178,False,0.6241089362604172,-0.8168302223852286
CSS & ASSOCIATES LLC,2019,46800.0,8,1,5.2,31.5,0.14488579737995538,False,-0.34381193352882566,0.44804223337521937
CUMBERLAND BUILDING SUPPLY INC,2017,959.2800000000001,3,3,0.0,1.0,0.18678355913337624,False,-0.1600275286866042,-0.885653281304813
CUMBERLAND BUILDING SUPPLY INC,2018,7776.9800000000005,12,9,0.0,10.285714285714286,0.15676585576840024,False,0.22826978914941587,-0.7711483513361358
CUMBERLAND BUILDING SUPPLY INC,2019,4375.9,2,2,0.0,18.0,0.19759723292738118,False,-0.24442855028206611,-0.7542106097998826
CUMBERLAND BUILDING SUPPLY INC,2020,4876.75,6,4,0.0,38.0,0.18570785265616707,False,-0.12599351046913587,-0.5792108410292773
CUMBERLAND BUILDING SUPPLY INC,2021,850.35,3,3,0.0,0.0,0.1876567318100114,False,-0.15859767700101365,-0.8937023464113604
CUNNINGHAM ENTERPRISES LLC,2019,337.9,1,1,1.0,8.0,0.2020732805664432,False,-0.3127725054259145,-0.6331143183215026
CURTIS BAY ENERGY INC,2018,780.0,1,1,0.0,551.0,-0.01698490278374931,True,-1.0702550063651173,3.518108814180732
CURTIS BAY MED WASTE SVCS VA,2021,800.0,2,1,3.5,0.0,0.19386599133531535,False,-0.3436022508156775,-0.1761030482953088
CUSTOM PAK,2018,26202.5,44,2,0.17333333333333334,4.298245614035087,0.13590186239160584,False,0.33463322209354174,-0.7619301782943345
CUSTOM PAK,2019,9840.0,23,1,0.35135135135135137,10.966666666666667,0.1540567412922994,False,-0.0076500321058555094,-0.7098127310888676
CUSTOM PAK,2020,3580.0,9,2,0.2727272727272727,5.4,0.18960452472785982,False,-0.13879223946279418,-0.7884998645096388
CVA SHREDDING INC.,2017,1160.0,1,1,1.0,279.0,0.10747589904851285,False,-0.7019064475013238,1.542534996094554
City and County of Denver - Manager of Finance,2016,2500.0,1,1,6.0,22.0,0.16845867982814944,False,-0.44420565610664897,0.5190308114412507
D M JEFFERS INC,2018,1052.2,1,2,0.0,18.0,0.19716458394118985,False,-0.2579998728553076,-0.7563396096599564
D&G AUTO SUPPLY INC,2021,7.99,1,1,0.0,5.0,0.19727266681986239,False,-0.28619278390110303,-0.8651286976753707
DAHMER POWERTRAIN INC,2016,7475.0,2,1,0.0,0.0,0.19175421971553747,False,-0.2652036246286176,-0.9023225019463978
DALY COMPUTERS INC,2016,74238.95,141,62,2.473170731707317,19.395604395604394,-0.059026276507550435,True,4.370524921830712,0.2433129626746641
DALY COMPUTERS INC,2017,70302.61,65,31,2.3736263736263736,19.216666666666665,0.04506669770721655,False,1.9049555935294136,-0.022642925023125773
DALY COMPUTERS INC,2018,101638.96,63,30,2.7419354838709675,61.52564102564103,0.027031922601667202,False,1.7642174560695254,0.3925492082483548
DALY COMPUTERS INC,2019,26048.05,42,23,2.6779661016949152,42.95348837209303,0.0874318862769548,False,1.179368991187982,0.15474178530820198
DALY COMPUTERS INC,2020,36413.85,51,32,2.289855072463768,47.407407407407405,0.05703937698847383,False,1.7238664818540095,0.16315502591067796
DALY COMPUTERS INC,2021,51817.5,46,28,2.5277777777777777,63.30909090909091,0.050741018967908114,False,1.4424956328536258,0.319022821937425
DALY COMPUTERS INC,2022,60591.81,38,38,4.271428571428571,6.0,0.02926266629747043,False,1.8474085442699295,0.25358471356428564
DANDREA PRODUCE INC,2016,23906.75,17,2,1.0909090909090908,1.2857142857142858,0.17166511882944274,False,-0.04290952501140087,-0.635655614428153
DANDREA PRODUCE INC,2017,32922.0,32,2,0.47058823529411764,2.0,0.13734400087364373,False,0.171121917461392,-0.7349673231921636
DANDREA PRODUCE INC,2018,24470.5,18,3,0.2916666666666667,4.5,0.16420140035411657,False,0.03050534367528566,-0.7701779971350737
DANDREA PRODUCE INC,2019,16603.25,18,2,0.5652173913043478,3.142857142857143,0.16488858571580678,False,-0.020896225443919537,-0.7299831669392259
DANDREA PRODUCE INC,2020,4545.5,5,3,0.4,2.4,0.18886622701251665,False,-0.14398692928520018,-0.7876123676400253
DANNYS REPAIR AND INSTALLATION,2016,2197.21,2,3,4.0,37.0,0.18357032697425463,False,-0.314198217923772,0.23357631500841755
DAVE LUDLUM PRODUCE LLC,2016,60078.55,14,1,0.7142857142857143,4.8,0.15547682999243623,False,-0.12443397865035691,-0.6872628203952932
DAVE LUDLUM PRODUCE LLC,2017,97901.0,18,2,0.48,5.947368421052632,0.14312008755489908,False,-0.018366602162167196,-0.7091852384787392
DAVE LUDLUM PRODUCE LLC,2018,29060.0,9,2,0.4,9.666666666666666,0.17138772984788475,False,-0.14629674346504903,-0.7227788126455583
DAVE LUDLUM PRODUCE LLC,2019,41831.5,9,1,0.0,6.8,0.16487851424693195,False,-0.17933440254842375,-0.8306491572187594
DAVE LUDLUM PRODUCE LLC,2020,54187.4,7,1,0.4444444444444444,9.0,0.1671874621098534,False,-0.218454551577359,-0.7211216610261841
DAVE LUDLUM PRODUCE LLC,2021,21440.0,4,1,0.5,8.0,0.18608649136517924,False,-0.2602756581343495,-0.728470187105671
DAVENPORT ENERGY INC,2018,109460.16,4,3,0.5,2.0,0.15912528248853686,False,-0.15301175734145006,-0.7508660489910286
DAVENPORT ENERGY INC,2020,8310.0,2,2,2.3333333333333335,119.0,0.16342975950335165,False,-0.441259299614808,0.542376118052737
DAVENPORT ENERGY INC,2021,5438.17,1,1,1.0,0.0,0.1987138309333265,False,-0.30099156625145485,-0.6963316947017953
DEERE & COMPANY,2016,12861.31,2,2,0.5,7.0,0.18856260238740458,False,-0.23929056819626804,-0.7369114433780046
DEERE & COMPANY,2017,27957.77,3,3,0.0,7.0,0.17748894274340038,False,-0.1670973105667303,-0.8321746008466654
DEERE & COMPANY,2019,3300.75,1,1,3.0,8.0,0.19717217288004107,False,-0.3571834509946361,-0.21679813300177558
DELL MARKETING LP,2016,2187.37,3,1,1.0,68.5,0.18491830895102962,False,-0.37278832919961574,-0.14412890850647148
DELL MARKETING LP,2017,20211.199999999997,2,1,6.5,18.5,0.1512135860525512,False,-0.43592890738107243,0.5998276416716958
DELL MARKETING LP,2018,808.0,1,1,4.0,29.0,0.19076415917851602,False,-0.4097745489916338,0.15915811568362542
DEMCO INC,2017,29.04,1,1,4.0,29.0,0.19073794996577287,False,-0.4098191764479698,0.15900482784178807
DENTAL HEALTH PRODUCTS INC,2017,2235.43,4,1,0.5681818181818182,48.72727272727273,0.18623499702350987,False,-0.3213838318098297,-0.3911331952168614
DENTAL HEALTH PRODUCTS INC,2018,2005.7099600000001,3,2,1.435897435897436,42.02564102564103,0.19850300330662185,False,-0.2976931268767425,-0.26185806899728514
DENTAL HEALTH PRODUCTS INC,2020,4577.32,3,3,2.3333333333333335,63.666666666666664,0.18421630801624317,False,-0.30182617667547285,0.10314546119718655
DEPARTMENT OF CRIMINAL JUSTICE SERVICES,2017,3.5,1,1,0.0,34.0,0.19497950575048734,False,-0.3278397208095968,-0.6323283318666547
DEPARTMENT OF GENERAL SERVICES,2019,94995.59,57,67,1.927007299270073,46.79459459459459,-0.007898940255230524,True,3.454556268784834,0.2510441352051713
DEPARTMENT OF GENERAL SERVICES,2020,338127.91000000003,201,79,1.593386405388855,80.30902777777777,-0.1586919541015025,True,5.916269951716464,0.7616669089456081
DEPARTMENT OF GENERAL SERVICES,2021,441804.67,253,83,1.7135199523525908,31.2125748502994,-0.15815536967089094,True,6.873055102776149,0.506507404836926
DEPARTMENT OF GENERAL SERVICES - SURPLUS,2020,9000.0,1,1,0.0,28.0,0.19521212926114628,False,-0.3187077472321539,-0.6787237290572943
DEPARTMENT OF GENERAL SERVICES - SURPLUS,2021,1070.0,3,2,0.6,5.0,0.19587660746847496,False,-0.22594205052199745,-0.7330254561785262
DEPARTMENT OF HEALTH & HUMAN SERVICES,2018,300.0,2,2,8.5,99.5,0.09527984116634636,False,-0.5511715281163455,1.6661049457625632
DEPT OF LABOR AND INDUSTRY,2021,180.0,4,2,2.5,42.5,0.19028141827860062,False,-0.30881725635779295,-0.03574306889415103
DEPT OF PROFESSIONAL AND OCCUPATION REG,2020,540.0,5,2,3.6,34.0,0.1886121237231329,False,-0.30772832166247727,0.12622109662324804
DEPT OF PROFESSIONAL AND OCCUPATION REG,2021,800.0,6,1,1.875,120.0,0.1600190774277921,False,-0.4261879112358847,0.4553290688423594
DIAMOND BUSINESS SERVICES,2017,6882.98,3,5,0.0,18.714285714285715,0.18933271600187224,False,-0.09152292794342684,-0.7338350214015754
DIAMOND DRUGS INC,2016,8946.89,6,4,1.2857142857142858,0.0,0.18885572344198087,False,-0.0998478317544338,-0.6162027918130513
DIAMOND DRUGS INC,2018,5500.0,3,2,1.0,273.5,0.09958734806913766,False,-0.6201951992056572,1.506411394560956
DIAMOND DRUGS INC,2020,25141.56,5,3,3.875,212.0,0.08080517614060195,False,-0.5212708760359023,1.6213680631692478
DIAMOND DRUGS INC,2021,78597.14,4,3,0.7142857142857143,3.5,0.16533331488892733,False,-0.16171057410697806,-0.7003551558605525
DIRECTV LLC,2017,1909.7599999999998,2,1,9.666666666666666,110.33333333333333,0.08557218572777547,False,-0.6394446620436453,1.9916742830331078
DIRECTV LLC,2019,3952.4999999999995,2,1,5.592592592592593,253.0,0.08801829485017554,False,-0.7533976298095746,2.290487572043878
DIVERSIFIED EDUCATIONAL SYSTEMS INC,2016,1315.0,1,1,4.0,49.0,0.18705987541859098,False,-0.43846735046560253,0.319810471583175
DIXIE GAS AND OIL CORPORATION,2019,60357.27,3,3,0.3333333333333333,1.0,0.162342882725454,False,-0.16405466901648202,-0.8046757760384036
DOCUMENT DESTRUCTION OF VIRGINIA LLC,2019,998.75,1,1,2.0,2.0,0.20242141974493727,False,-0.3264084354199208,-0.4732834784544989
DOMINION OFFICE PRODUCTS,2016,2602.79,15,7,1.175,3.7142857142857144,0.17436428549656424,False,0.15775751320142387,-0.5847003384079826
DOMINION OFFICE PRODUCTS,2017,782.35,7,8,1.3333333333333333,28.0,0.18963409085545546,False,0.05900243836661647,-0.3647647914780538
DOMINION OFFICE PRODUCTS,2018,93.29,3,2,1.25,7.5,0.201604869917498,False,-0.24407696268525228,-0.5780353145407481
DOMINION OFFICE PRODUCTS,2019,81.33,2,6,1.0,4.0,0.18481357223409023,False,-0.05965048894390246,-0.6426782693059581
DOMINION OFFICE PRODUCTS,2020,63.06999999999999,2,2,0.5,202.0,0.12063042928787532,False,-0.5200618116142842,0.825957763017926
DOMINION OFFICE PRODUCTS,2021,87.66,1,1,1.0,12.0,0.2050497897787124,False,-0.3185312115545714,-0.6010530447084814
DORCUS HOME LLC,2020,447642.29,1,1,5.0,2.0,0.05114251654653451,False,-0.3676907822024177,0.23820909442331648
DOUBLETREE BY HILTON CHARLOTTESVILLE,2019,532.21,1,1,2.0,0.0,0.20043904590647627,False,-0.3235629791934476,-0.4894305452246811
DOUGLAS EQUIPMENT,2019,9746.52,2,1,0.0,101.0,0.16541210315307325,False,-0.41011881945355744,-0.0910849421387267
DOVE MEDICAL SUPPLY LLC,2016,2020.06,4,2,1.0909090909090908,26.6,0.20106235524019517,False,-0.25446884533714265,-0.45592317209173183
DR DAVID SPRUILL,2017,2420.0,1,1,0.0,0.0,0.19292598733850613,False,-0.27887413524123805,-0.9047921961175699
DR DAVID SPRUILL,2018,5870.0,2,1,1.0,86.0,0.18007576721242835,False,-0.4110898686335542,-0.004395653380872867
DR W DAVID SPRUILL,2019,6095.0,2,1,14.0,112.0,0.02352011724936509,False,-0.7381898684162321,2.9066323956445697
DUTT & WAGNER OF VA INC,2016,170470.5,31,1,1.1818181818181819,3.8095238095238093,0.11790793440945813,False,0.10036682196919727,-0.5512320576124388
DUTT & WAGNER OF VA INC,2017,191095.836,53,3,1.0843373493975903,3.098360655737705,0.09349506123019208,False,0.49272711673944225,-0.5322476281880093
DUTT & WAGNER OF VA INC,2018,86275.9,17,2,0.14285714285714285,6.142857142857143,0.1461535418966476,False,-0.025179230066580825,-0.781459249797592
DUTT & WAGNER OF VA INC,2019,92263.4,19,2,0.65,3.4,0.1458420436587019,False,-0.005439784356690575,-0.6939317027549514
DUTT & WAGNER OF VA INC,2020,86727.55,24,4,0.32142857142857145,5.8125,0.13373911119752502,False,0.15861155634383026,-0.7281298688149965
DUTT & WAGNER OF VA INC,2021,95083.07,33,3,0.9069767441860465,4.038461538461538,0.13587354744600555,False,0.22221171497797368,-0.6099609782633894
DUTT & WAGNER OF VA INC,2022,161544.9,30,3,0.8648648648648649,2.1666666666666665,0.11069522944177107,False,0.18950343075984816,-0.6250868315110142
DUTT & WAGNER OF VA INC,2023,152543.4,32,5,0.8,0.0,0.10010762387987404,False,0.3139115040879676,-0.6463358940678727
DYNAMITE DETAILING & POWER WASHING SVC,2018,12.49,1,1,2.0,48.0,0.1956768645385678,False,-0.3925251898297669,-0.1042066125958886
E A HARPER & CO INC,2017,6183.36,1,2,2.0,20.0,0.20193748434769376,False,-0.30515877841658895,-0.32354147432751423
E A HARPER & CO INC,2021,108.32,1,1,9.0,12.0,0.1352071303514109,False,-0.4968527896505177,1.061883581388724
E A HOLSTEN INC,2017,212.0,1,1,1.0,53.0,0.19701724763249484,False,-0.37740387648339396,-0.2718957755901155
E A HOLSTEN INC,2020,1570.01,3,2,1.25,77.66666666666667,0.1856882900003169,False,-0.34475817671441283,-0.014472729390610556
E A HOLSTEN INC,2021,1360.9099999999999,2,1,1.0,35.0,0.19836395509453947,False,-0.33810748672427954,-0.4146920695316245
E A PARKER & SONS LLC,2016,22654.899999999998,9,2,0.5833333333333334,10.0,0.18493209920717835,False,-0.15122895929121252,-0.6832544942710564
E A PARKER & SONS LLC,2017,64760.55,17,2,1.037037037037037,5.304347826086956,0.16222607535673328,False,-0.04513926927982511,-0.6065542877494234
E A PARKER & SONS LLC,2019,7777.7,5,1,0.0,3.4,0.1924002745272005,False,-0.22992628411369007,-0.8705441613388469
E A PARKER & SONS LLC,2020,17757.6,2,1,0.0,10.5,0.19005260361058562,False,-0.2796934936394198,-0.8160089303564312
E A PARKER & SONS LLC,2021,72782.1,5,2,0.4,14.333333333333334,0.16812031178531578,False,-0.20401723876814237,-0.6826124568948452
E INSTRUMENTS INTERNATIONAL LLC,2019,225.0,1,1,1.0,90.0,0.18299550059219027,False,-0.4305385505907152,0.02512906630291085
E WOODSON IRBY,2019,7530.0,1,2,4.0,0.0,0.18532810602464567,False,-0.32094047034543144,-0.06809592107946943
EAHEART INDUSTRIAL SERVICE INC,2016,1540.09,5,6,0.5294117647058824,44.0,0.17714848630380092,False,-0.06637832421892018,-0.41468076355106165
EAHEART INDUSTRIAL SERVICE INC,2017,1058.8200000000002,3,3,0.125,12.833333333333334,0.19173707298551457,False,-0.17980187918082044,-0.7646567587920341
EAHEART INDUSTRIAL SERVICE INC,2018,2876.2799999999997,3,3,0.75,239.45454545454547,0.10051191663345566,False,-0.5190782216677787,1.1848485767089332
EAHEART INDUSTRIAL SERVICE INC,2019,431.82000000000005,2,6,0.0,74.3,0.1601833079492631,False,-0.13829735967206072,-0.2861335291053787
EAHEART INDUSTRIAL SERVICE INC,2020,1501.37,2,2,0.0,30.666666666666668,0.19531567636742353,False,-0.26278373896252144,-0.6530929705929731
EAST COAST VALVE SERVICES INC,2019,9612.0,3,2,3.0,14.0,0.1978636931836401,False,-0.2918743302943524,-0.16021608478153435
EAST POINT REPAIR SERVICES INC.,2021,20000.0,1,1,6.0,112.0,0.11980486629087883,False,-0.5724513785037962,1.2449611893846768
EASTERN SHORE COMMNITY SERVICES BOARD,2017,34800.0,1,1,1.0,0.0,0.18306938791474997,False,-0.29930939542590324,-0.6905537195129591
EASTERN SHORE COMMUNITY SERVICES BOARD,2021,7469.87,1,1,1.0,3.0,0.20009979509124975,False,-0.30518344518033536,-0.6718489982339197
EDMUNDS WASTE REMOVAL INC,2016,2770.0,4,2,1.2,108.0,0.1715639717969341,False,-0.37375547605228093,0.220349782246316
EDMUNDS WASTE REMOVAL INC,2018,1270.0,2,1,0.5,43.0,0.1879364357539458,False,-0.33845626166761605,-0.45442221000101646
EDMUNDS WASTE REMOVAL INC,2020,3624.5600000000004,2,2,1.5,0.0,0.20024403311174177,False,-0.25205744993876644,-0.5870559345346156
EDS AWARDS & ENGRAVING,2016,60.0,1,1,1.0,6.0,0.20232326670684836,False,-0.30991624181091926,-0.6492242635212776
EDWARDS TRUE VALUE HARDWARE CO INC,2018,2601.5699999999997,1,2,0.0,26.0,0.19605729223972967,False,-0.26939984700107455,-0.6918136821799982
ELAINE HERNANDEZ,2018,1680.0,1,1,1.0,20.0,0.2034947914251748,False,-0.329928723902815,-0.5365186613661378
ELECTRIC CONNECTION INC,2018,37976.8105,3,4,0.75,95.0,0.155495482838092,False,-0.2628149109244897,0.03635272567907944
ELECTRIC CONNECTION INC,2019,9070.7965,7,5,0.5,33.0,0.18171947536249977,False,-0.06953474704072003,-0.5088910090927384
ELECTRONIC SYSTEMS INC,2017,2659.8999999999996,3,1,0.3333333333333333,42.0,0.1900798814636218,False,-0.3198445786380845,-0.4953458110988899
EMC MECHANICAL SERVICES LLC,2021,39784.0,2,2,0.0,41.0,0.16763268445420582,False,-0.2754301074009311,-0.5626073441885309
EMPIRE EMPOWERMENT CENTERS OF VA LLC,2019,167774.74,4,3,4.5,410.0,-0.03607923281953007,True,-0.8247579333952131,3.367348430552336
"EMS, INC.",2019,5050.0,6,3,5.115384615384615,0.0,0.1634700228668179,False,-0.23223805085074573,0.1748663714711705
ENCOMPASS SUPPLY,2018,6366.56,2,2,0.0,30.0,0.19461855598410177,False,-0.2615476120589032,-0.657487325799866
ENVIROMATION INC,2018,1209.0,2,1,2.3333333333333335,21.0,0.20159890286136106,False,-0.34773135646530456,-0.2499533464701925
"ENVIRONMENTAL OPTIONS, INC.",2016,2297.775,5,5,0.9375,22.0,0.19304361600026326,False,-0.09063959878301163,-0.5105360270451696
"ENVIRONMENTAL OPTIONS, INC.",2017,377.2,2,3,2.5,57.0,0.18862498180449977,False,-0.3095888184795372,0.08197089455657035
"ENVIRONMENTAL OPTIONS, INC.",2019,2364.8,6,5,0.5,12.833333333333334,0.18653387525719728,False,-0.0543386482357221,-0.673576119020644
"ENVIRONMENTAL OPTIONS, INC.",2020,1380.7275,3,2,0.0,102.33333333333333,0.16745450932692146,False,-0.3523297019864094,-0.07632833418602025
"ENVIRONMENTAL OPTIONS, INC.",2021,6839.25,3,3,1.6,38.5,0.1976427230597797,False,-0.24920867631860766,-0.25087357948009475
ENVIRONMENTAL WASTE SPECIALISTS INC,2018,2838.0,1,1,5.0,2.0,0.18060197420032115,False,-0.3931740984575078,0.1506781690175143
EPSON ACCESSORIES INC,2021,15.89,1,1,3.0,0.0,0.19224291317869324,False,-0.34588290493785523,-0.2816655793230482
ESITECH INC,2018,1765.0,1,1,1.0,49.0,0.1965124564891645,False,-0.3715705338329434,-0.30370068524499744
ESSENTIAL EDUCATION,2017,26000.0,1,1,9.0,0.0,0.1137938504734769,False,-0.47813631862173317,0.9706471307613784
ESSENTIAL EDUCATION,2019,54000.0,1,1,6.0,8.0,0.13790643691568144,False,-0.4211498720729701,0.416778442004609
EVERBRIDGE,2021,8006.25,1,1,1.0,8.0,0.19914750496108263,False,-0.312333177405484,-0.6316053001152357
EVIDENT INC,2020,36.29,1,1,0.0,27.0,0.1995619517623929,False,-0.31778519541795014,-0.6885152842995932
"F & R ELECTRIC, INC.",2017,9150.0,2,2,4.25,10.0,0.18921358790306125,False,-0.3274002649066055,0.06594075114634944
"F & R ELECTRIC, INC.",2018,11315.0,4,4,3.4,14.75,0.19228698169503672,False,-0.19478449002843082,-0.06078982052967073
"F & R ELECTRIC, INC.",2019,7130.0,3,4,3.5,25.25,0.19607876931481033,False,-0.2257131621527131,0.04198845300913633
"F & R ELECTRIC, INC.",2020,5925.0,1,1,1.0,77.0,0.1853977304478343,False,-0.4115427902270807,-0.07810843850058734
"F & R ELECTRIC, INC.",2021,13545.0,4,3,5.6,67.2,0.13779436657721789,False,-0.3658208252783656,0.8137801987947259
F3 TACTICAL INC,2019,229.89,1,2,1.0,55.0,0.19532972809044336,False,-0.33347274798727755,-0.25161257439362683
FACTORY DIRECT FOOD SERVICE EQUIPMENT CO,2020,94474.0,1,1,1.0,100.0,0.14330662973484992,False,-0.4394998480206803,0.12395217264108131
FARMER BOY AG INC,2019,350.0,1,2,1.0,15.0,0.20369981193919412,False,-0.27602217065746526,-0.5726941100677565
FARMERS MARKET LLC,2016,1524.0,5,2,1.5,8.0,0.2008951046561343,False,-0.22352381982580435,-0.5188234253293993
FARMERS MARKET LLC,2017,1715.7,6,2,0.2857142857142857,6.714285714285714,0.19264087885152997,False,-0.18121868062170793,-0.7800414010499516
FARMERS MARKET LLC,2018,30.0,3,1,0.25,12.25,0.19515155047530414,False,-0.2754139706966667,-0.7520075221527825
FARMERS MARKET LLC,2019,1756.0,7,2,0.8571428571428571,83.66666666666667,0.16979745679113672,False,-0.2910835373275134,-0.04203244154051503
FARMERS MARKET LLC,2020,896.0,7,2,0.7142857142857143,20.333333333333332,0.19291959119297813,False,-0.1969959537987844,-0.5803134227767568
FARMERS MARKET LLC,2021,3691.5,3,2,1.0,23.0,0.20487100811861075,False,-0.2605576632979178,-0.5048656284102176
FARMVILLE WHOLESALE ELECTRIC SUPPLY CO,2020,31262.86,2,2,0.0,32.225806451612904,0.1707671644419555,False,-0.2633177399851975,-0.634720152006397
FASTENAL COMPANY,2017,6990.4307,21,22,0.2682926829268293,13.833333333333334,0.10802564721695945,False,0.9460075683636596,-0.6188630922078183
FASTENAL COMPANY,2019,1941.2166,8,11,0.0,13.0,0.16353982695250713,False,0.26411844672203566,-0.7479583986012768
FASTENAL COMPANY,2020,13483.350400000001,14,16,0.1111111111111111,39.8,0.1270937305392325,False,0.538112593741221,-0.4774785474501718
FASTENAL COMPANY,2021,945.0949999999999,2,2,2.0,6.666666666666667,0.2027322353311723,False,-0.2729300813288302,-0.4301324001125805
FASTENAL COMPANY,2022,731.211,6,5,0.0,0.0,0.18089271529520956,False,-0.02485721320036834,-0.8808521128191504
FAYES OFFICE SUPPLY,2016,4456.05,13,41,0.6705882352941176,4.980769230769231,0.06720938154199213,False,1.7318044093871776,-0.5383386644005411
FAYES OFFICE SUPPLY,2017,1592.07,13,21,0.9310344827586207,16.0,0.12339592377588865,False,0.7739644912630382,-0.4807943282389589
FAYES OFFICE SUPPLY,2018,2291.82,14,15,1.8214285714285714,20.615384615384617,0.15307921096611216,False,0.48009644434038923,-0.2823944538970869
FAYES OFFICE SUPPLY,2019,4511.43,26,16,1.1627906976744187,43.142857142857146,0.12466346576660237,False,0.6699264806823939,-0.21610050619895854
FAYES OFFICE SUPPLY,2020,2376.6,18,17,1.575,13.208333333333334,0.14358771355370264,False,0.6433596831039222,-0.37871447106678774
FAYES OFFICE SUPPLY,2021,1403.03,12,14,1.3636363636363635,8.454545454545455,0.15867232111559,False,0.4341498628671867,-0.4825260708731568
FELTON BROTHERS TRANSIT MIX INC,2016,4882.0,3,2,0.25,42.5,0.19067462606738644,False,-0.2717755012082568,-0.5039925119817857
FERGUSON ENTERPRISES INC,2016,1123.45,3,2,2.3333333333333335,99.0,0.1739441451388245,False,-0.3995682725207064,0.3818842699162862
FERRELLGAS LP,2019,131200.01,4,2,3.5,8.0,0.1552703430274282,False,-0.2740561363762509,-0.0790469032815922
FERRELLGAS LP,2020,126128.92831,2,2,4.0,0.0,0.14716709193078553,False,-0.3007649059394472,-0.043282456080043365
FERRELLGAS LP,2021,81153.68828,3,2,2.0,23.5,0.17634181477529282,False,-0.2791281626218373,-0.27774182726758245
FIRE AND SAFETY EQUIPMENT CO INC,2018,41.0,1,1,1.0,3.0,0.20217229118491892,False,-0.30560905313395464,-0.6733108903074414
FIRE AND SAFETY EQUIPMENT CO INC,2019,76.0,1,1,6.0,17.0,0.17124581788885485,False,-0.4371640676618344,0.47841565754048676
FIRE SOLUTIONS,2016,4684.2,2,2,0.0,315.0,0.08119710920539297,False,-0.6709303309763365,1.6300559578605966
FIRE SOLUTIONS,2017,1820.11996,1,1,0.0,63.0,0.18936530423065862,False,-0.3693823243694936,-0.39916959847100614
FIRE SOLUTIONS,2019,12944.619999999999,5,4,1.0,164.33333333333334,0.12216716346923873,False,-0.34262888313765516,0.6429255889917569
FIRE-X CORP,2016,25.75,1,1,4.0,16.0,0.19610112604624425,False,-0.39115016370352856,0.054644999664210575
FIREKING INTERNATIONAL LLC,2020,35.0,1,1,5.0,219.0,0.11215611730941039,False,-0.7049667366782213,1.892122135613607
FIRST AID SUPPLIES,2016,1260.74,1,1,0.0,18.0,0.19985201283694481,False,-0.30479021373808607,-0.7605229941937186
FIRST PIEDMONT CORPORATION,2019,2903.26,1,1,0.0,186.0,0.12804272088262159,False,-0.5459596356149853,0.5884419500368813
FIRST SOURCE SUPPLY INC,2019,703.9200000000001,1,1,0.0,25.0,0.2000658671564161,False,-0.3148747613721376,-0.7044391631376904
FIRST SOURCE SUPPLY INC,2020,989.0999999999999,2,1,0.0,119.0,0.1604007216901528,False,-0.4364702047102317,0.051689053935870324
FITZGERALD FARMS,2017,2688.0,1,1,1.0,0.0,0.19809819209212975,False,-0.3011491264491437,-0.6968728876051353
FITZGERALDS ORCHARDS,2016,16128.0,5,1,0.0,5.0,0.1897533937400641,False,-0.2317456342881265,-0.8560567385662389
FITZGERALDS ORCHARDS,2017,18312.0,7,1,1.2857142857142858,4.666666666666667,0.19521136941316702,False,-0.23303901993945064,-0.5880959279265622
FITZGERALDS ORCHARDS,2018,11340.0,3,1,0.3333333333333333,4.333333333333333,0.19122659324154345,False,-0.265254472545519,-0.7960117319552951
FITZGERALDS ORCHARDS,2019,9828.0,3,1,0.0,6.0,0.19414599831900897,False,-0.2603044689173752,-0.8522187458002003
FITZGERALDS ORCHARDS,2020,4200.0,1,1,1.0,2.0,0.20073586046911612,False,-0.3039346871476037,-0.6805200897227947
FITZGERALDS ORCHARDS,2021,10584.0,3,1,0.3333333333333333,6.0,0.19360554572427563,False,-0.267691271936203,-0.782781119459729
FLEMINGS ENGRAVING & AWARDS INC,2016,126.75,1,1,2.0,34.0,0.20038569124706412,False,-0.372413350116908,-0.2165709379555769
FLEXRN STAFFING SOLUTIONS,2021,512548.61,8,3,6.0,129.0,-0.018342993945530184,True,-0.38137540333703945,1.4971306480908653
FLOWERS BAKING CO OF LYNCHBURG,2018,13.559999999999999,1,1,1.0,2.0,0.2006352123298087,False,-0.3041745327986044,-0.6813439193836007
FLOWERS BAKING CO OF LYNCHBURG,2020,1773.0300000000002,5,2,1.5,26.5,0.2020569805228859,False,-0.2500772620748728,-0.37026327805511483
FLOWERS BAKING CO OF LYNCHBURG,2021,40040.22,3,2,2.2,63.333333333333336,0.1737948017377407,False,-0.3431460138540234,0.07550819576307638
FMB LAUNDRY INC,2018,17222.5,1,1,2.0,61.0,0.18571709719099444,False,-0.4102084110759453,0.003539244355823413
FMB LAUNDRY INC,2020,5005.56,2,2,0.6,219.0,0.11388152997556233,False,-0.5464212564090628,0.9841867270860073
FMB LAUNDRY INC,2021,13504.0,1,1,2.0,112.0,0.17134965309820577,False,-0.4836621604668313,0.4122165921145874
FOCUS HEALTHCARE PRODUCTS LLC,2020,6620.75,1,2,0.0,160.0,0.1364080829590525,False,-0.4616059657860715,0.38467955787514785
FOOD FIRST LLC,2020,150.0,1,1,1.0,120.0,0.170116462305751,False,-0.4736256194954251,0.2659431860721089
FORMAL DESIGN,2019,104.57799999999999,1,2,0.0,9.0,0.1967411369284131,False,-0.24512933151684582,-0.8287747512953718
FRANK DONIO INC,2016,27330.65,12,2,1.25,5.222222222222222,0.18089641584042548,False,-0.11881726764604075,-0.5776860569361967
FRANK DONIO INC,2017,39079.5,12,2,0.85,3.325,0.17471014120061762,False,-0.10650343888556554,-0.6737508812031047
FROEHLING AND ROBERTSON INC,2019,117988.32999999999,5,6,7.0,19.0,0.10111504987418041,False,-0.1680362147395069,0.7525627835413765
FUEL CREATIVE INC,2023,337.5,1,1,2.0,0.0,0.19997530667553837,False,-0.32357413433879945,-0.4894688612815827
GEMEINSCHAFT HOME,2018,1020360.0,2,1,3.5,8.0,0.027535561417625032,False,-0.29667930088323125,0.08875236008251529
GEMEINSCHAFT HOME,2019,953995.0,2,1,1.0,8.0,0.026238705426011144,False,-0.2447555600823192,-0.44397371849227724
GEMEINSCHAFT HOME,2020,1077770.0,2,1,3.0,2.0,0.01993118512245773,False,-0.2736284932037425,-0.052049259221998156
GENERAL PRODUCE LLC,2016,6044.15,4,2,2.1,15.0,0.20052333087184865,False,-0.26007261374181984,-0.33849552411107153
GENERAL SALES OF VA,2021,14400.0,2,2,1.0,12.5,0.19509895081114492,False,-0.2582460958126525,-0.5885234057543893
GENSCO EQUIPMENT INC,2016,745.92,1,2,1.0,10.0,0.20308239309501874,False,-0.26881902596243096,-0.6127543452936798
GENSERV LLC,2017,9258.470000000001,3,3,6.4,11.0,0.15050595573257197,False,-0.3165711925723056,0.5266022182102363
GENSERV LLC,2019,1775.0,1,1,0.0,410.0,0.04518876410096978,False,-0.8677089729968364,2.386408885791511
"GLENWOOD FOODS, LLC",2016,67995.9,13,1,0.7647058823529411,8.0,0.15406241296680606,False,-0.14308066801694808,-0.6510106662481042
"GLENWOOD FOODS, LLC",2017,54068.1,32,1,0.475,6.166666666666667,0.12729425851927983,False,0.11944905381186074,-0.7006649908856876
"GLENWOOD FOODS, LLC",2018,29398.2,15,2,0.4666666666666667,6.181818181818182,0.1653156808975882,False,-0.06247340085541464,-0.7279798920404357
"GLENWOOD FOODS, LLC",2019,51325.6598,24,2,0.9666666666666667,10.578947368421053,0.1524715795379517,False,0.04175112850259532,-0.571158580818823
"GLENWOOD FOODS, LLC",2020,21534.0,9,1,0.3333333333333333,13.25,0.18281429851457498,False,-0.1971901792256556,-0.7135763403210827
"GLENWOOD FOODS, LLC",2021,23645.601,9,1,0.36363636363636365,16.5,0.17949332248850103,False,-0.20241196864746408,-0.6807720262207512
GLOBAL COMMODITY OF VIRGINIA INC,2018,3007.0987999999998,3,3,0.0,1.0,0.187392169560889,False,-0.15991020694469035,-0.8852503007611058
GLOBAL TELLINK CORPORATION,2022,148495.0,2,2,4.5,0.0,0.12656768578812067,False,-0.31062870224098976,0.06505214206152589
GOALTEX CORP,2019,208.79999999999998,1,1,1.0,8.0,0.2020732805664432,False,-0.31277990170378894,-0.6331397232978572
GOOCHLAND AUTO PARTS,2017,35.98,1,1,0.0,0.0,0.19533116246191395,False,-0.2790107183115553,-0.9052613360999785
GOOCHLAND AUTO PARTS,2018,93.78,1,1,0.0,0.0,0.19533116246191395,False,-0.27900740688737913,-0.9052499619122688
"GREAT LAKES PACKERS, INC.",2016,12000.0,4,1,0.25,4.5,0.19106203990922999,False,-0.2502175761763779,-0.810391184934829
"GREAT LAKES PACKERS, INC.",2017,9120.0,2,1,0.5,0.0,0.18743255366635436,False,-0.2762545534171707,-0.7980655051706466
"GREAT LAKES PACKERS, INC.",2018,14445.0,3,2,0.0,8.0,0.18836655111160783,False,-0.21610985246204442,-0.8310305075719351
"GREAT LAKES PACKERS, INC.",2019,17600.0,3,1,0.3333333333333333,9.666666666666666,0.1895881604998556,False,-0.27255498989139426,-0.7519658333887163
"GREAT LAKES PACKERS, INC.",2020,12000.0,2,1,0.0,7.0,0.19101591750777464,False,-0.274997029328298,-0.8452386436483983
"GREAT LAKES PACKERS, INC.",2021,12600.0,2,2,0.0,16.0,0.1895123257997966,False,-0.24108519794137354,-0.7686474867659855
GREATER UNIVERSAL TRANSITION SERVICES,2017,185500.0,1,1,5.0,0.0,0.11495872114701017,False,-0.3798370111809995,0.1705680985955768
GREEN MOUNTAIN TECHNOLOGIES INC,2021,665.0,1,1,6.0,0.0,0.1615702743836933,False,-0.41271675237628935,0.34206186614618644
GREYHOUND LINES INC,2021,165.0,6,1,3.0,12.8,0.19465833653043163,False,-0.2973518238926429,-0.17150785822878653
GROWING TECHNOLOGIES LLC,2016,80.52,1,1,0.0,16.0,0.2008688257070556,False,-0.3019856450065265,-0.7768105026643247
GT TONER,2021,7.5,1,1,3.0,9.0,0.19665848124111301,False,-0.35880821723219003,-0.20941856675234796
GUERNSEY OFFICE PRODUCTS INC,2016,4352.98,18,28,2.257142857142857,9.634146341463415,0.1089488205199503,False,1.1482257470524628,-0.2187544573588477
GUERNSEY OFFICE PRODUCTS INC,2017,6398.82,11,11,1.9666666666666666,7.666666666666667,0.17300759378667918,False,0.26833802084525765,-0.37666614226643425
GUERNSEY OFFICE PRODUCTS INC,2018,1170.6,9,14,2.2333333333333334,7.416666666666667,0.1624531355615535,False,0.376098478181689,-0.31454742386864654
GUERNSEY OFFICE PRODUCTS INC,2019,357.45,10,13,1.5333333333333334,5.6,0.16393197179784613,False,0.36084265065382076,-0.47754704280558086
GUERNSEY OFFICE PRODUCTS INC,2020,9773.289999999999,40,43,1.4444444444444444,55.92307692307692,0.055468654264952066,False,2.0965906474955522,0.08078483863771316
GUERNSEY OFFICE PRODUCTS INC,2021,6688.43,42,53,1.2313432835820894,61.56565656565657,0.03467970618639371,False,2.587845437321173,0.12637182462219582
"GUERNSEY OFFICE PRODUCTS, INC.",2016,823.19,2,3,0.625,4.0,0.19165762916912532,False,-0.19165597262152353,-0.7331555123633495
"GUERNSEY, INC.",2020,680.06,3,10,0.8333333333333334,18.583333333333332,0.173361341659879,False,0.12374591395496583,-0.5417626493872633
H C KUHLMAN SUPPLY INC,2017,14541.43,3,2,1.7777777777777777,8.0,0.1967339567928718,False,-0.2557316082679626,-0.46147096256676745
H C KUHLMAN SUPPLY INC,2019,1028.94,1,1,1.0,48.0,0.1967273940039062,False,-0.37017661109966377,-0.3118731602881934
H C KUHLMAN SUPPLY INC,2020,623.3199999999999,3,7,1.7727272727272727,18.0,0.19232349550319783,False,-0.03676589646677931,-0.36386126900564547
H&E EQUIPMENT SERVICES,2018,498.0,1,1,3.0,46.0,0.1923409563192719,False,-0.41191553485085913,0.0877002400996974
H&E EQUIPMENT SERVICES,2019,6840.0,1,1,0.0,0.0,0.19355115677508972,False,-0.2786209086865942,-0.9039224052927249
HACKWORTH REPROGRAPHICS INC,2016,1500.0,1,1,0.0,362.0,0.06275873179059405,False,-0.7987922927242063,2.0010285639852703
HACKWORTH REPROGRAPHICS INC,2018,1782.0,1,1,0.0,353.0,0.06855780417571367,False,-0.7858513050186464,1.928835393828051
HAJOCA CORPORATION,2019,1798.608,1,1,5.0,28.0,0.1881113797591224,False,-0.4305720488074342,0.3591919935064598
HALIFAX SECURITY INC,2016,45255.92,12,9,9.328947368421053,65.54545454545455,0.060323323170759835,False,-0.056886552556649594,1.6190079525924443
HALIFAX SECURITY INC,2017,18888.31,6,4,2.466666666666667,35.0,0.18616959409859313,False,-0.1758653474502239,-0.08779892100343697
HALIFAX SECURITY INC,2018,34131.32,4,3,3.764705882352941,33.5,0.17154900131429296,False,-0.27533575944185956,0.16580388268882418
"HALL AUTOMOTIVE, LLC",2021,916.5600000000001,2,1,9.0,96.0,0.09492661436031141,False,-0.604057342293873,1.7378384360697365
HAMPTON ROADS TRANSIT,2017,11.0,1,1,2.0,195.0,0.13621227804443237,False,-0.6036308583562242,1.0758545996441784
HANDY RENTALS INC,2019,2978.1,4,2,1.5714285714285714,97.0,0.17554249028215801,False,-0.366225808432582,0.20929439424795193
HANDY RENTALS INC,2020,150.0,2,2,0.0,3.0,0.19504421600769334,False,-0.2231292706018985,-0.8754566439384734
HAPPY SMITH,2019,14040.0,1,1,3.0,386.0,0.05250704007280116,False,-0.8994111159426011,2.8197590641998937
HARLAND TECHNOLOGY SERVICES,2017,9158.27,1,2,4.0,83.0,0.16233705000723647,False,-0.4400428544104036,0.5985177294152803
HARPOS HARDWARE & BUILDING SUPPLY INC,2017,1034.5,2,2,0.0,7.0,0.1975734137406997,False,-0.22882296625530277,-0.8431720702257727
HARPOS HARDWARE LLC,2017,58.129999999999995,4,3,0.0,1.6666666666666667,0.18845139523088805,False,-0.1476556472495599,-0.8790039167679864
HARPOS HARDWARE LLC,2018,44.79,1,1,0.0,7.0,0.1988253337695502,False,-0.2890628603944522,-0.8490661974004532
HARRIS GROUP PROMOTIONS AND SUPPLY LLC,2017,403.0956,2,2,0.0,30.0,0.19486045667453977,False,-0.26188926534934504,-0.6586608476594609
HAYNSWORTHS INC - OFFICE PLUS BUSINESS,2022,57.98,1,1,1.0,0.0,0.2001884197881843,False,-0.30129980312408583,-0.6973904367601488
HAZELDEN PUBLISHING AND EDU MATERIALS,2018,85.0,1,1,15.0,56.0,0.05155323300241599,False,-0.6937842626841609,2.6622941014481265
HEALTHFORCE OF VIRGINIA INC,2016,78143.01,5,1,1.3333333333333333,2.0,0.17253975302359204,False,-0.2536049107358397,-0.5907805601552222
HEALTHFORCE OF VIRGINIA INC,2017,79893.97,4,1,0.25,1.0,0.16138953500102954,False,-0.24130153419213185,-0.825127355280773
HEALTHFORCE OF VIRGINIA INC,2018,45530.770000000004,3,1,3.3333333333333335,2.5,0.18171097131963315,False,-0.32753384613022046,-0.18040110274970636
HEC SOFTWARE INC,2019,2500.0,1,1,1.0,92.0,0.17988045819417253,False,-0.43328039819840747,0.041632011334427545
HENDERSON SEWING MACHINE CO INC,2019,33.9,1,2,0.0,93.0,0.171047955901038,False,-0.36576514254278314,-0.154467799426391
HENRY SCHEIN INC,2016,10453.23,12,6,1.1666666666666667,23.923076923076923,0.1873490779281482,False,0.042426333674223674,-0.43130828105338453
HENRY SCHEIN INC,2017,7916.47,7,3,2.4545454545454546,8.333333333333334,0.19380497798864127,False,-0.17134933670340355,-0.3092972039070874
HENRY SCHEIN INC,2018,21991.06,14,7,1.5714285714285714,115.18181818181819,0.13865503586676464,False,-0.023426822388148895,0.3948643183306499
HENRY SCHEIN INC,2019,9589.83,18,11,2.142857142857143,73.61538461538461,0.12899846782293234,False,0.2635513674783309,0.2003223841426413
HENRY SCHEIN INC,2020,25430.510000000002,10,9,1.5416666666666667,90.5,0.1409439502492716,False,0.05295996193145407,0.19376722519872105
HENRY SCHEIN INC,2021,26343.03,9,9,0.7317073170731707,48.25,0.15321024451270776,False,0.11836051447674806,-0.31505895837282605
HERITAGE ELECTRICAL CORP,2020,4316.7,2,2,3.5,21.0,0.19935959100891537,False,-0.32675642737783833,-0.002606376395811596
HERITAGE ELECTRICAL CORP,2021,18558.03,3,2,3.0,24.0,0.19060492368504456,False,-0.3057227266369842,-0.0781793451035494
HERITAGE FOOD SERVICE GROUP INC,2017,2065.67,8,6,1.5833333333333333,42.54545454545455,0.18762855043560922,False,-0.04760891441983225,-0.2027539931332921
HERITAGE FOOD SERVICE GROUP INC,2018,7396.17,8,9,0.9523809523809523,39.4,0.17223785521953566,False,0.11168465051181298,-0.3454362132800702
HERITAGE FOOD SERVICE GROUP INC,2019,18136.92,9,7,3.3846153846153846,79.92307692307692,0.15000342099474312,False,-0.08033390090432618,0.4805879765900654
HERITAGE FOOD SERVICE GROUP INC,2020,19059.154,20,5,0.37735849056603776,55.06666666666667,0.15161906195205177,False,0.07603320086407428,-0.3361012166682722
HERITAGE FOOD SERVICE GROUP INC,2021,2652.96,5,2,0.875,25.666666666666668,0.19602084929250568,False,-0.23489864050977635,-0.5066964181702559
"HERITAGE HOME CENTER DBA CAHILL, INC.",2016,11760.02,9,13,2.0434782608695654,59.529411764705884,0.14928049833452472,False,0.25929608688017247,0.06218927185542577
HERTLESS BROTHERS ROOFING INC,2017,1275.0,1,1,7.0,75.0,0.14285754319758137,False,-0.5426790802213807,1.1521206718738684
HHM PORTA TOILET LLC,2019,376.0,1,1,0.0,4.0,0.19925363707267907,False,-0.28473560780986273,-0.8730839080226422
HIGH-TECH MACHINE MFG INC,2016,21839.4435,16,7,0.125,77.0,0.13345030640349698,False,0.09040031098029593,-0.20938925606228792
HIGH-TECH MACHINE MFG INC,2017,9344.1,12,6,0.14285714285714285,21.375,0.17289112260488881,False,0.06884313205489795,-0.6647973325338231
HIGH-TECH MACHINE MFG INC,2018,8092.87,10,6,0.6153846153846154,21.75,0.17850524907632292,False,0.03093830415473631,-0.5667604196085533
HIGH-TECH MACHINE MFG INC,2019,60.0,1,1,0.0,7.0,0.1988253337695502,False,-0.28906198899719066,-0.8490632042967324
HIGH-TECH MACHINE MFG INC,2020,342.0,1,1,0.0,4.0,0.19925363707267907,False,-0.28473755570643694,-0.8730905987212948
HIGHLANDS COMMUNITY SERVICES BOARD,2020,270000.0,1,1,6.0,415.0,-0.06775764819360841,True,-0.9932646075236959,3.7265291775063014
HOLIDAY INN TANGLEWOOD,2017,5451.5,3,1,1.8,0.3333333333333333,0.19864201556673056,False,-0.2925399677520619,-0.5244100496539239
HOLIDAY INN TANGLEWOOD,2019,1032.6,1,2,3.0,12.0,0.19883875932906625,False,-0.3162554769941742,-0.18090953219090836
HOLIDAY INN VALLEY VIEW,2017,18500.22,3,1,4.454545454545454,23.0,0.18059007834938678,False,-0.3835145549097779,0.21190860196026015
HOLIDAY INN VALLEY VIEW,2018,25087.0,4,1,2.0952380952380953,327.0,0.0612694962953777,False,-0.7537386018133171,2.16465790312999
HOLLAND INDUSTRIAL,2019,15248.0,1,1,4.0,163.0,0.13576431706389686,False,-0.6013836477890371,1.2377020194544637
HOME CARE ADVANTAGE INC,2018,7000.0,1,1,2.0,493.0,0.009025702923676437,False,-1.031185986963458,3.4694634598431042
HONEYBAKED HAM & CAFE,2021,191.55,1,1,1.0,16.0,0.20554675201799066,False,-0.32426962919458663,-0.5689220835332879
HOWARD UNIFORM COMPANY,2016,937.07,5,4,1.3333333333333333,30.333333333333332,0.19550422416281515,False,-0.1583105417352033,-0.36585078779872077
HOWARD UNIFORM COMPANY,2017,52.0,2,2,8.0,39.0,0.1292571215197108,False,-0.45315697334572697,1.0764512860163762
HOWARD UNIFORM COMPANY,2018,308.75,1,2,1.0,68.0,0.18643603359842048,False,-0.35213743124512736,-0.14723787515436765
HOWARD UNIFORM COMPANY,2020,122.0,1,1,2.0,95.0,0.18070568062921344,False,-0.46001525880004845,0.27311351392981026
HTF MECHANICAL SERVICES INC,2016,132.6,2,2,1.0,1.0,0.1972888185217041,False,-0.24254842787787673,-0.6836487565152229
HUMANE RESTRAINT CO INC,2020,384.0,2,2,4.0,11.0,0.19313114086848132,False,-0.32376598457470906,0.02027671837821029
HVAC SERVICES OF VIRGINIA LLC,2018,375.0,1,1,4.0,31.0,0.19007311985563247,False,-0.4126715408323523,0.1751281662459836
HYDRAULIC SERVICE CO INC,2018,1670.84,2,1,1.0,0.0,0.1992004659853887,False,-0.2878264964148142,-0.6955981049848663
HYDROLOGIX,2020,2525.38,1,1,1.0,16.0,0.20349025826616424,False,-0.32413592156335946,-0.5684628202028019
I-CON SYSTEMS INC,2016,2496.82,2,2,1.0,18.0,0.2025622302817775,False,-0.2668265500128099,-0.5467138149716583
I-CON SYSTEMS INC,2017,304.38,1,1,3.0,15.0,0.20046772863277074,False,-0.36740776307243916,-0.161194369413338
ID NETWORKS INC,2017,1595.0,1,1,4.0,43.0,0.18782253227576712,False,-0.4298347545495971,0.27169979572177516
ID NETWORKS INC,2018,28284.0,1,2,4.0,238.0,0.09792528286993374,False,-0.6615414431474366,1.846563930820939
IDEAGEN INCORPORATED,2017,896.98,2,1,1.5,48.5,0.1983772095719536,False,-0.3686664858144466,-0.20247708368414635
IMC INSULATION MATERIALS OF VA,2018,14095.31,10,6,0.0,3.727272727272727,0.1671848633710739,False,0.07088162762499937,-0.8381768905140601
IMC INSULATION MATERIALS OF VA,2020,646.542,1,3,0.0,8.0,0.1932226233892429,False,-0.19685990105011397,-0.8324713079297503
INGE EQUIPMENT CO INC,2019,487.0,1,1,2.0,26.0,0.20406006868556414,False,-0.36090397178714134,-0.2807210803778562
INTEGRATED SECURITY CORP.,2021,6370.0,1,1,0.0,65.0,0.18179608228177968,False,-0.37199384165258015,-0.38221899059188436
INTEGRITY BUSINESS SOLUTIONS LLC,2018,9659.15,4,3,0.0,9.88888888888889,0.18911334064872776,False,-0.158913465350569,-0.8111096256739874
INTEGRITY BUSINESS SOLUTIONS LLC,2019,7829.42,17,11,0.0,23.0625,0.1412055788203383,False,0.370433246453097,-0.6527471648908766
INTEGRITY BUSINESS SOLUTIONS LLC,2020,12932.060000000001,24,21,0.0,23.94736842105263,0.09974608251324163,False,0.9311440425823801,-0.5920708106509345
INTEGRITY BUSINESS SOLUTIONS LLC,2021,1225.68,3,3,0.2,42.0,0.18667265421462237,False,-0.22335012388845038,-0.5148947428603478
INTERLINK COMPUTERS INC,2017,65.6,1,1,5.0,39.0,0.18111173474838094,False,-0.44646835112711525,0.4471548852626847
INTOPRINT TECHNOLOGIES INC,2016,2873.9,2,2,2.5806451612903225,26.225806451612904,0.19864153905755177,False,-0.3138510911527835,-0.15204259822708116
INTOXIMETERS INC,2016,2903.0,6,1,3.0,31.0,0.19009253663151715,False,-0.3233318426522579,-0.024866207146267277
INTOXIMETERS INC,2018,325.0,1,1,3.0,6.0,0.19726419130858464,False,-0.35448175010824856,-0.23343897530037594
INTOXIMETERS INC,2019,30.0,1,1,4.0,8.0,0.1924501941578282,False,-0.37966118099671503,-0.009575198308666998
INTOXIMETERS INC,2020,120.0,1,1,4.0,8.0,0.1924501941578282,False,-0.3796560247999011,-0.009557487635762986
IRVING FARMS MARKETING,2016,18928.0,4,1,0.5,6.333333333333333,0.18693080742705354,False,-0.25802608597909005,-0.7423438938129095
IRVING FARMS MARKETING,2017,15036.0,3,1,0.3333333333333333,10.666666666666666,0.19173502430067202,False,-0.27413797661198575,-0.7444427614924516
IRVING FARMS MARKETING,2018,3300.0,1,1,0.0,8.0,0.19836570292879407,False,-0.29031245831435387,-0.8403979907834093
IRVING FARMS MARKETING,2019,21836.0,4,1,0.25,8.666666666666666,0.18927383581246016,False,-0.25563777949929734,-0.775007149801767
IRVING FARMS MARKETING,2020,16058.75,2,1,1.5,17.0,0.1976013462383845,False,-0.32256094102372657,-0.4523637935126297
IRVING FARMS MARKETING,2021,26624.5,4,2,0.5,14.0,0.18327532339048058,False,-0.22179289860342347,-0.6750597560903783
J & J ENTERPRISES OF SUFFOLK CORPORATION,2016,4400.0,1,1,0.0,77.0,0.18345391957239654,False,-0.3893398139013439,-0.28627510607791534
J & J ENTERPRISES OF SUFFOLK CORPORATION,2017,4400.0,1,1,0.0,160.0,0.14575996755595877,False,-0.5085354833061646,0.3800181248905061
J & J ENTERPRISES OF SUFFOLK CORPORATION,2019,4400.0,1,1,1.0,114.0,0.1742801232911746,False,-0.46476557800884577,0.21861374767103353
J & N TOOL AND SUPPLY LLC,2017,272.5,1,1,0.0,14.0,0.20097027853008304,False,-0.2991024614608761,-0.7928279824087202
J & N TOOL AND SUPPLY LLC,2018,761.5,2,3,0.0,34.75,0.191045945611524,False,-0.22188788252374383,-0.6162346577059762
J & N TOOL AND SUPPLY LLC,2020,82.0,2,3,0.0,11.333333333333334,0.19327783645928842,False,-0.1882983147185706,-0.804348692465244
J & N TOOL AND SUPPLY LLC,2021,77.25,2,3,2.3333333333333335,10.666666666666666,0.19691890991480093,False,-0.23935199742065982,-0.32467938323784795
J J KELLER & ASSOCIATES INC,2021,230.88,1,2,0.0,3.0,0.1957698242702553,False,-0.23650554112459504,-0.8769156726568165
J K LOGUE LLC,2019,220000.0,2,1,3.5,77.0,0.1080260842578532,False,-0.44162316200978013,0.4851597347246187
J K LOGUE LLC,2020,25000.0,1,1,7.0,91.0,0.12180295124983054,False,-0.564297327889614,1.2852314706570576
J K LOGUE LLC,2021,58227.5,2,1,3.5,242.0,0.09011389289107047,False,-0.687846528962456,1.7778841247907358
J K LOGUE LLC,2022,36967.67,3,1,0.8,0.0,0.1813955956661284,False,-0.267965329786777,-0.7287505786137536
JAMES RIVER COMMUNICATIONS INC,2016,108189.34000000001,12,11,7.32258064516129,36.0,0.06895688778411724,False,0.12747615719268562,0.9856046406102116
JAMES RIVER COMMUNICATIONS INC,2017,75171.63,7,6,2.8444444444444446,45.0,0.1605897224953628,False,-0.08843705565685878,0.0920042592184021
JAMES RIVER COMMUNICATIONS INC,2018,21255.190000000002,5,4,9.833333333333334,8.0,0.09789067014142228,False,-0.3145416987998625,1.2257296433795288
JAMES RIVER COMMUNICATIONS INC,2019,2884.91,3,3,1.6666666666666667,43.0,0.1943132172896821,False,-0.2573836635364537,-0.20166963214622582
JAMES RIVER COMMUNICATIONS INC,2021,115902.2445,13,6,1.95,65.85714285714286,0.14170508601189025,False,-0.015833438539323685,0.09037742391718141
JAMES RIVER COMMUNICATIONS INC,2022,37318.64,11,4,2.5,0.0,0.16837455265662366,False,-0.05838471031514663,-0.35083551971378435
JAMES RIVER EQUIPMENT VIRGINIA LLC,2018,1681.02,3,4,2.625,36.0,0.19291378294645734,False,-0.2219592813407985,-0.05467005985873185
JAMES RIVER EQUIPMENT VIRGINIA LLC,2019,109.64,3,2,0.6666666666666666,5.0,0.19524152217264623,False,-0.22748309359388055,-0.7193566695279126
JAMES RIVER EQUIPMENT VIRGINIA LLC,2020,146.32,3,1,2.0,38.333333333333336,0.1950044093823941,False,-0.3518734875581164,-0.17883080386399788
JAMES RIVER EQUIPMENT VIRGINIA LLC,2021,3890.46,4,5,2.4285714285714284,16.0,0.19548724495262754,False,-0.12854919884105023,-0.24991942698658964
JAMES RIVER EQUIPMENT-DANVILLE,2019,1270.06,2,2,10.5,3.0,0.10682180010022618,False,-0.45711372592969923,1.3073627530280956
JAMES RIVER SOLUTIONS,2016,180545.89,9,3,2.6666666666666665,66.0,0.1304752538752495,False,-0.2222403200038883,0.23464314098041886
JAMES RIVER SOLUTIONS,2018,138500.0,4,1,1.25,493.0,-0.04532322825629698,True,-0.9667917389205782,3.343865627389517
JAMES RIVER SOLUTIONS,2019,287881.26,9,4,1.9090909090909092,153.28571428571428,0.0678472960310123,False,-0.27775239879691027,0.8032122634130224
JAMES RIVER SOLUTIONS,2020,18250.0,2,3,0.6666666666666666,0.0,0.1791797992383682,False,-0.18584196670454484,-0.7531755831916491
JD CONSULTING,2017,4950.0,1,1,0.0,62.0,0.18824711138496225,False,-0.36776691777268705,-0.40658131351958837
JD CONSULTING,2019,4950.0,1,1,3.0,158.0,0.14983037782611353,False,-0.572502824058177,0.9876708083956159
JD Consulting,2016,4950.0,1,1,4.0,22.0,0.19356677819615487,False,-0.3994846025387636,0.10377979518628894
JDM SERVICES INC,2018,13099.36,1,1,14.0,380.0,-0.06641245387781247,True,-1.1360422491834121,5.057940455091993
JDM SERVICES INC,2019,26198.72,2,1,2.5,370.0,0.05720033773064659,False,-0.8512109745220471,2.591251312066556
JDM SERVICES INC,2020,4299.360000000001,1,1,1.0,388.0,0.06290749720354527,False,-0.8582606620588603,2.41816436832769
JDM SERVICES INC,2021,27798.72,2,1,3.142857142857143,0.0,0.18065877339262165,False,-0.33409462752683694,-0.24502815904643543
JENKINS AUTO SERVICE & TIRE,2021,775.41,1,1,3.0,44.0,0.19288847478789373,False,-0.40902745692861053,0.07169957171959304
JENKINS SECURITY SERVICES INC,2017,1060.43,5,2,2.4285714285714284,2.75,0.19252018447525016,False,-0.23670907083757006,-0.3680407449191122
JENKINS SECURITY SERVICES INC,2020,177.0,2,2,3.0,13.0,0.19898044917090485,False,-0.30435968341612046,-0.17157532765614775
JETT AND COMPANY,2020,5377.5,2,3,0.0,40.333333333333336,0.18944547973871295,False,-0.2296416094987053,-0.5705053667755845
JN HOOVER & ASSOCIATES,2019,107962.0,13,1,0.14285714285714285,2.6,0.14092740771511486,False,-0.11917484510702009,-0.8157566898257881
JOHNSON ASSOCIATED FRUIT CO INC,2017,8683.2,4,1,1.7142857142857142,8.0,0.19671443189041826,False,-0.2880733566915073,-0.47857113073358026
JOHNSON CONTROLS  INC,2019,108875.8,3,3,4.666666666666667,126.0,0.10601309665755809,False,-0.43737803648616774,1.1090807532771383
JUNE SMALL BUSINESS SERVICES LLC,2016,6793.530000000001,12,16,2.409090909090909,47.0,0.14619347733789134,False,0.44940488998980754,0.05372721468261463
JUNE SMALL BUSINESS SERVICES LLC,2018,1281.46,5,6,1.5714285714285714,59.285714285714285,0.18316027202789503,False,-0.11157175390476518,-0.07542315085883802
JUNE SMALL BUSINESS SERVICES LLC,2019,673.22,3,4,0.0,15.25,0.1907321225653224,False,-0.13370594574317984,-0.7670914341989183
JUPITER ASSOCIATES LLC,2016,23038.21,30,11,4.638629283489097,77.53472222222223,0.08169935544467538,False,0.36363253677836765,0.7709187474404076
JUPITER ASSOCIATES LLC,2017,26891.18,45,14,1.6261682242990654,23.963636363636365,0.11970580309878959,False,0.8490555323921278,-0.24976437353532926
JUPITER ASSOCIATES LLC,2018,15409.2,30,27,1.3621621621621622,67.56875,0.08121914745361869,False,1.1993777166236044,0.07593711191709367
JUPITER ASSOCIATES LLC,2019,26741.15,25,17,0.5277777777777778,49.62,0.10075628043287971,False,0.7094743109471616,-0.28897840356831384
JUPITER ASSOCIATES LLC,2020,30671.95,23,23,0.4,42.096774193548384,0.0887184549774806,False,0.9774036906403306,-0.35276263295206
JUPITER ASSOCIATES LLC,2021,17877.85,44,45,2.5037037037037035,75.8395061728395,0.026242840880154383,False,2.1919700727909226,0.4767946194444445
KARENMICHAEL PLC,2016,3500.0,1,1,1.0,34.0,0.20045294503864108,False,-0.3499297477795686,-0.4237737021601002
KAVEH OFOGH M D,2017,35466.75,1,1,0.0,1.0,0.16981966987364633,False,-0.2784169437874442,-0.890261453719983
KEEFE SUPPLY COMPANY,2017,9017.96,1,1,2.0,6.0,0.19854706293810798,False,-0.33169337586253705,-0.43959489901873705
KEENS STORAGE TRAILERS AND CONTAINERS L,2019,7000.0,1,1,5.0,43.0,0.18211255220959305,False,-0.45181544150157377,0.4806299900865237
KENBRIDGE OFFICE & SCHOOL SUPPLY,2016,9367.13,23,57,1.8091286307053942,30.517241379310345,0.05650373998222241,False,2.5526802344169472,-0.013370216458564677
KENBRIDGE OFFICE & SCHOOL SUPPLY,2017,3916.04,13,21,1.462686567164179,28.757575757575758,0.13556316394639523,False,0.7439258678885876,-0.2674112211529039
KENBRIDGE OFFICE & SCHOOL SUPPLY,2018,1725.65,3,4,2.72972972972973,45.5945945945946,0.19119866641712152,False,-0.23806991067221922,0.044130380951349926
KENBRIDGE OFFICE & SCHOOL SUPPLY,2019,596.93,2,2,0.06666666666666667,58.666666666666664,0.18576478821844455,False,-0.30453216558654694,-0.4146395596251958
KENBRIDGE OFFICE & SCHOOL SUPPLY,2020,232.20000000000002,2,2,0.5,69.5,0.17642080813677818,False,-0.3297698786476765,-0.23766983545482423
KIP KILLMON FORD,2017,148768.32,1,1,0.0,112.0,0.10917091360420489,False,-0.4313320316362844,0.023101475620714667
KITCHEN MASTER LLC,2020,50.0,1,1,1.0,124.0,0.1681838803557189,False,-0.4793757182128672,0.29803402470176465
KITCHEN SPECIALTIES,2017,1365.0,2,2,15.0,12.0,0.04292631144736625,False,-0.5703396718100637,2.315029664708182
KITCHEN SPECIALTIES,2020,838.0,2,1,0.5806451612903226,154.0,0.1438617824770682,False,-0.4996848765714171,0.4533230628928938
KITCHENS WELDING INC,2016,12625.73,3,2,13.666666666666666,10.0,0.053782311278444406,False,-0.5237209831569725,2.0255098697068377
LA PRILLAMAN CO INC,2018,228.0,1,1,0.0,5.0,0.198927412300823,False,-0.2861801792915358,-0.8650854029515307
LABORATORY CORP OF AMERICA HOLDIN,2018,15256.02,2,1,2.5,244.5,0.11586654204525898,False,-0.6716082970665346,1.5816304743208423
LABORATORY CORP OF AMERICA HOLDINGS,2017,8441.27,2,2,0.0,1.0,0.18687483726936943,False,-0.2197820700196505,-0.8898803028390324
LABORATORY CORP OF AMERICA HOLDINGS,2018,2000.0,1,1,4.0,148.0,0.1435237209167054,False,-0.5806012539230443,1.1146805690713404
LABORATORY CORP OF AMERICA HOLDINGS,2020,27807.25,4,2,1.75,0.0,0.18407997198419201,False,-0.2294827754693233,-0.5273806057932081
LAERDAL MEDICAL CORPORATION,2019,21376.96,2,3,5.0,17.0,0.1733352792774277,False,-0.30666788658124056,0.28466459128192595
LAWRENCEVILLE BUILDING SUPPLY INC,2018,4390.92,4,4,2.5416666666666665,21.285714285714285,0.1990131258559223,False,-0.1854345213397872,-0.18810489192330393
LEADERSHIP SUCCESS INTERNATIONAL LLC,2016,3176.23,1,1,2.0,48.0,0.19593600547547163,False,-0.3923439357618961,-0.10358403521484909
LEBANON BLOCK & SUPPLY CO INC,2021,50.0,1,1,1.0,135.0,0.1646713409841895,False,-0.49517273464001205,0.3863379468783026
LEE HARTMAN AND SONS INC,2016,12008.2,5,2,0.38461538461538464,73.83333333333333,0.17009762790878857,False,-0.29260361043319955,-0.22012586882225824
LEE HARTMAN AND SONS INC,2020,571.4200000000001,2,2,4.5,109.5,0.15133004412219075,False,-0.4763555213324677,0.9149683698471741
LEE-MICHAELS INC,2016,71.76,1,1,1.0,18.0,0.2044907222481272,False,-0.3271486768974815,-0.5528903978613707
LEGENDWHITE ANIMAL HEALTH CORP,2021,1987.1999999999998,1,1,6.0,1.0,0.15952743288919635,False,-0.41407709451845154,0.35034968489844914
LESS LETHAL LLC,2019,19.0,1,1,4.0,4.0,0.19152385725672438,False,-0.373917441588677,-0.04168788010157112
LEWIS BOILER SUPPLY,2016,12459.17607,10,11,3.057142857142857,124.0,0.11009688726654038,False,0.06393181404929983,0.7836059211139952
LEWIS BOILER SUPPLY,2017,16732.9525,8,5,5.315789473684211,29.5,0.15141142498405985,False,-0.15803415610462096,0.46703667247083624
LEWIS SUPPLY CO INC,2016,3091.3,7,7,0.0,0.0,0.16821155226419432,False,0.0822634797895306,-0.8704638931334739
LEWIS SUPPLY CO INC,2017,1023.3199999999999,9,7,0.0,17.5,0.17258617153885009,False,0.08377519439739606,-0.7274374391310187
LEWIS SUPPLY CO INC,2018,136.42000000000002,4,4,0.7142857142857143,63.0,0.1770846140243023,False,-0.20485088273998114,-0.23392670380028996
LEWIS SUPPLY CO INC,2019,495.03999999999996,1,1,0.0,17.0,0.19989945368413553,False,-0.3033979891122904,-0.7687013019518575
LEWIS SUPPLY CO INC,2020,13246.97,5,2,0.1111111111111111,15.0,0.18944710209603882,False,-0.20194603228097474,-0.749026682206794
LINDA HANCOCK,2019,675.0,1,1,1.0,56.0,0.19700158816067043,False,-0.3816856279227427,-0.2477217761509582
LINKOUS SUPPLY INC,2018,949.15,1,1,1.0,56.0,0.19655880845233265,False,-0.38166992157433643,-0.2476678274734398
LONESOME TRAILS ENTERPRISES INC,2016,1892.37,2,2,0.1111111111111111,203.0,0.12013546023410027,False,-0.5127246338678769,0.7535083721033169
LORENE BUILDING SUPPLY INC,2017,1959.98,2,3,0.4444444444444444,54.77777777777778,0.1794232068600965,False,-0.2604877799163911,-0.3628380967854167
LYNCHBURG CAMERA SHOP INC,2016,279.97,1,1,3.0,4.0,0.19643180491328116,False,-0.3516121451204523,-0.24950309511793783
M & M COMBUSTION LLC,2020,27051.0,10,6,1.5,52.392857142857146,0.16721218334886062,False,-0.03169992082348548,-0.1331582758540183
M & M COMBUSTION LLC,2021,2017.0,2,2,4.666666666666667,33.888888888888886,0.18608591482815595,False,-0.3714032178264646,0.3429192969069338
MACK GLOBAL,2017,1819.0,4,2,0.0,24.333333333333332,0.19402435654830108,False,-0.22690848126604773,-0.7009222284353868
MAESTRO TURNER AND ASSOCIATES,2019,1500.0,1,1,6.0,109.0,0.13144706774943504,False,-0.5692029861970516,1.2172377743102873
MAJOR SAFETY SERVICE INC,2017,1773.98,4,4,5.0,65.85714285714286,0.15727825755219627,False,-0.30439023724250297,0.6801883563899741
MAJOR SAFETY SERVICE INC,2018,432.94,4,4,3.8333333333333335,69.16666666666667,0.16359548315463063,False,-0.28321444611308877,0.46398109134925897
MAJOR SAFETY SERVICE INC,2019,144.0,2,3,5.0,7.0,0.1817707689161694,False,-0.293523421675498,0.20020996495699278
MAJOR SAFETY SERVICE INC,2020,602.0,4,3,0.7777777777777778,10.444444444444445,0.1952180062806133,False,-0.17756712349758214,-0.6467581462535232
"MANAKIN AUTO CENTER, INC.",2020,112.38,1,1,0.0,3.0,0.19847976446811377,False,-0.28331461848077405,-0.881163413840207
"MANAKIN AUTO CENTER, INC.",2021,825.24,1,1,2.0,5.0,0.2025722813004866,False,-0.33072665320187056,-0.4492347347976771
MARKS SEAMLESS GUTTERS,2016,1533.0,1,1,0.0,34.0,0.19610720498838025,False,-0.32775209410929634,-0.6320273488199124
MARSH LP GAS COMPANY,2021,3195.151312,3,1,3.0,1.3333333333333333,0.193044612011113,False,-0.32085374305748054,-0.26738655243885656
MARSH LP GAS COMPANY,2022,4648.74572,2,1,1.0,0.0,0.19922812244799826,False,-0.28765588899274863,-0.6950120970499095
MARTIN CONTROL & EQUIPMENT CO INC,2017,8130.0,1,1,3.0,102.0,0.1652077875234224,False,-0.49189946389922284,0.5387493453334288
MARTIN CONTROL & EQUIPMENT CO INC,2019,2465.0,1,1,7.0,36.0,0.15538515438104533,False,-0.48660330014504316,0.8392773040644412
MARTIN CONTROL & EQUIPMENT CO INC,2020,4800.0,2,1,3.0,56.0,0.1882291773029171,False,-0.41264908844292636,0.17029804786200006
MARTINSVILLE GLASS CO INC,2018,42.0,1,1,1.0,96.0,0.1806463073059973,False,-0.43916558927237664,0.07325883033399634
MARYLAND FIRE EQUIPMENT CORP,2016,234.0,1,1,1.0,76.0,0.18848825945510805,False,-0.41043274133648583,-0.08725597267266494
MATT'S PRODUCE LLC,2016,34643.25,6,1,0.3333333333333333,4.333333333333333,0.17779805290018846,False,-0.2237766916107503,-0.7870011618444278
MATT'S PRODUCE LLC,2017,38503.35,9,1,0.5555555555555556,1.8333333333333333,0.16884166853466126,False,-0.18477600869657163,-0.7556932190509495
MATTHEWS SANITATION SERVICES LLC,2018,250.0,1,1,1.0,27.0,0.20334177982347512,False,-0.34006329695835624,-0.48060665925862506
MATTHEWS SANITATION SERVICES LLC,2019,78.18,1,1,1.0,71.0,0.18533305860445842,False,-0.4032612064195645,-0.12742478219490036
MCCORMICK INSULATION SPLY INC,2017,626.56,1,1,0.0,20.0,0.1996776340518987,False,-0.30769873139741605,-0.7445925328888584
MCKESSON MEDICAL SURGICAL GOVT LLC,2021,150.0,1,1,1.0,3.0,0.20217229118491892,False,-0.3056028084067021,-0.673289440714702
MCKESSON MEDICAL-SURGICAL MINNESOTA SUPL,2018,147.3,5,5,0.5,26.4,0.18656262150874148,False,-0.08732958234782388,-0.5665792643478045
MCKESSON MEDICAL-SURGICAL MINNESOTA SUPL,2019,147.73,7,5,1.8888888888888888,21.428571428571427,0.19817750193660721,False,-0.08438713126229454,-0.3148345063840976
MCKESSON MEDICAL-SURGICAL MINNESOTA SUPL,2020,1654.71,7,6,0.25,75.5,0.15838202612934232,False,-0.07861867505099454,-0.21691836117429672
MCKESSON MEDICAL-SURGICAL MINNESOTA SUPL,2021,515303.04,5,3,1.0909090909090908,29.22222222222222,0.0626764470632612,False,-0.1686448720909616,-0.3281670554939015
MCKESSON MEDICAL-SURGICAL MINNESOTA SUPL,2022,6411.21,12,13,0.7058823529411765,18.0,0.1541333691234144,False,0.3885879077379401,-0.5458626566934872
MECC BOOKSTORE,2020,1970.2,1,1,6.0,24.0,0.16985528266989552,False,-0.44710819372349614,0.5349818131909743
MEDICAL HOUSE SUPPLY GROUP,2016,777.6,1,1,1.0,15.0,0.20569556982553816,False,-0.32279996135719835,-0.5768343868236703
MEDIKO PC,2016,49047.7,1,1,1.0,393.0,0.03167596994446398,False,-0.862877443536305,2.4671083282464674
MEDIKO PC,2018,86823.1935,2,1,1.5,267.5,0.07728999703817735,False,-0.6782479167516652,1.5724827423487755
MEDLINE INDUSTRIES INC,2017,962.56,1,1,0.0,3.0,0.19853431987181985,False,-0.2832659107540258,-0.8809961109525446
MICROWAVE SPECIALTIES INC,2018,3060.0,2,1,2.0,73.0,0.1823067743734884,False,-0.41487200054041906,0.09855876936415163
MICROWAVE SPECIALTIES INC,2019,1645.0,2,2,0.0,69.0,0.18063871027923323,False,-0.3178257190065796,-0.34533891692378454
MICROWAVE SPECIALTIES INC,2020,1590.0,2,3,2.0,20.333333333333332,0.20191425973645805,False,-0.24571744183100006,-0.3160701365740259
MID ATLANTIC TRANSPORT REFRIGERATION,2016,5979.5,2,2,2.6666666666666665,18.0,0.20159937917566934,False,-0.303777598889579,-0.1995841914611669
MIDDLE PENINSULA NORTHERN NECK COMMUNITY,2016,37175.0,1,1,1.0,301.0,0.07648738082998313,False,-0.7314371422638721,1.7262300613880792
MILES AHEAD DISTRIBUTION INC,2018,4999.0,1,1,6.0,29.0,0.16869380506377035,False,-0.45411513252572033,0.575715982813654
MINE SAFETY APPLIANCES COMPANY LLC,2020,2760.0,1,2,1.0,396.0,0.04310671335527855,False,-0.8230353045052016,2.486306901419282
MOBILE-TEL,2017,339.95,1,2,12.0,1.0,0.08090099751088192,False,-0.5011112501763876,1.6014493729041104
MOBILE-TEL,2019,489.85,1,1,4.0,236.0,0.11779441913044247,False,-0.7070639034581889,1.8208147712315752
MOJOHNS,2019,1195.0,3,1,1.3333333333333333,48.5,0.1958934004985723,False,-0.3515534501671305,-0.2355879213769158
MORRIS TILE DISTRIBUTORS,2017,3.36,1,1,0.0,0.0,0.19380970795554786,False,-0.279012587146445,-0.9052677552349799
MORSE WATCHMAN'S INC,2016,694.65,2,4,0.0,10.0,0.18853930224309717,False,-0.1395461371073718,-0.8107072155667155
MORSE WATCHMAN'S INC,2017,3797.65,3,2,1.0,1.0,0.1984442683208773,False,-0.22895754899594117,-0.6814525840085291
MORSE WATCHMAN'S INC,2018,1519.0,7,3,3.5,29.833333333333332,0.18997876094782118,False,-0.22589538402061354,0.07935294856125512
MORSE WATCHMAN'S INC,2019,90.2,1,1,1.0,20.0,0.20431877731910486,False,-0.3300198052549808,-0.5368315105637258
MORSE WATCHMAN'S INC,2021,15.0,1,1,2.0,27.0,0.20208558259423454,False,-0.3623671055773447,-0.27278633372919925
MRS ROWES RESTAURANT & CATERING,2021,350.0,1,2,1.0,8.0,0.2014452623892653,False,-0.26596952384019124,-0.6288875150891898
MSC INDUSTRIAL SUPPLY CO,2016,22959.663,17,54,1.9124087591240877,16.615384615384617,0.07295991263384766,False,2.350428875976079,-0.12234880751982907
MSC INDUSTRIAL SUPPLY CO,2017,26318.37,11,9,1.4285714285714286,49.875,0.16460204631666076,False,0.12725391836053684,-0.154214271425488
MSC INDUSTRIAL SUPPLY CO,2018,14953.0,7,44,1.896551724137931,28.069767441860463,0.10546118533567428,False,1.7320421463857667,-0.09226267755178173
MSC INDUSTRIAL SUPPLY CO,2019,16294.91,8,10,1.0,40.93333333333333,0.1677518127086392,False,0.1557333039018497,-0.31725321065937795
MSC INDUSTRIAL SUPPLY CO,2020,7995.174,10,43,1.8362068965517242,19.547826086956523,0.09449964311188702,False,1.7385673516335691,-0.17438612146276503
MSC INDUSTRIAL SUPPLY CO,2021,12335.61,10,51,2.346774193548387,31.442105263157895,0.08226622496943337,False,2.084772321526795,0.061876126083376386
MURRAY AUTOMOTIVE,2021,3.46,1,1,2.0,0.0,0.19847482712190118,False,-0.32359327184972997,-0.48953459542799255
NATIONAL HARDWARE AND SUPPLY CO INC,2016,27389.68,32,34,1.2266666666666666,32.2,0.08062290266263744,False,1.608254952735707,-0.20127665925781382
NATIONAL HARDWARE AND SUPPLY CO INC,2017,9806.1,12,9,0.5806451612903226,10.583333333333334,0.16922587423806235,False,0.2150158500705725,-0.6476631569551694
NATIONAL HARDWARE AND SUPPLY CO INC,2018,8255.86,12,9,0.10344827586206896,9.666666666666666,0.16028800623690515,False,0.2268803365012467,-0.7545201613287729
NATIONAL HARDWARE AND SUPPLY CO INC,2019,1325.76,5,5,0.6,13.75,0.18954616510335037,False,-0.07132453273714422,-0.6471102142933938
NATIONAL SECURITY & DOOR CORP,2017,339.0,1,1,0.0,7.0,0.198927412300823,False,-0.28904600478706727,-0.8490083012107298
NATURAL BRIDGE HOTEL AND CONFERENCE CENT,2018,541.3199999999999,1,1,1.0,103.0,0.17743034172455924,False,-0.4491896295097266,0.12955049416870132
NATURES WAY FARMS INC,2016,76807.2,22,1,0.5,5.181818181818182,0.13638700624976952,False,-0.012200166141165009,-0.7136490526929492
NATURES WAY FARMS INC,2017,143702.25,43,1,0.3673469387755102,9.147058823529411,0.09529450267767114,False,0.2698937425251555,-0.6652539092831549
NATURES WAY FARMS INC,2018,49636.0,12,2,0.25,10.5,0.16243850066180698,False,-0.1028284015028075,-0.7387952195556529
NATURES WAY FARMS INC,2019,90621.0,25,1,0.48148148148148145,12.047619047619047,0.13370950461986225,False,0.019286813705632715,-0.6552391432212077
NAVIGATORS BASEBALL LP,2017,100.0,1,1,0.0,1.0,0.19447743889641989,False,-0.2804431429393559,-0.8972211086192097
NCS PEARSON INC CERTIPORT BUSINESS GROUP,2018,1043.25,1,1,3.0,79.0,0.1810721712090444,False,-0.4592753461732622,0.35271930378932137
NELSON AUTO PARTS LLC,2018,97.91,4,3,2.1666666666666665,22.4,0.19914623021353683,False,-0.22572409865682416,-0.2621790062574365
NELSON EQUIPMENT INC,2019,366.0,1,1,0.0,166.0,0.1426458997760559,False,-0.51738314992039,0.42739006890655173
NEW READERS PRESS,2017,219.0,1,1,7.0,28.0,0.1632692143218154,False,-0.47524323668134877,0.7746142900726481
NEW READERS PRESS,2021,8697.050000000001,1,1,21.0,103.0,-0.016767326881547695,True,-0.8945292832887425,4.288486822856919
NEXTIRAONE FEDERAL LLC,2018,175958.69,6,3,1.8181818181818181,49.0,0.1458105040429643,False,-0.21931924727570035,-0.08352571958336348
NEXTIRAONE FEDERAL LLC,2019,4521.82,1,1,0.0,109.0,0.16583829907196163,False,-0.4352877915814679,-0.029366996457376164
NICKEY GREGORY COMPANY,2019,1170.0,2,2,0.0,3.0,0.19549918772988195,False,-0.22307083370467298,-0.8752559229788939
NORFOLK BANANA DISTRIBUTORS,2016,34131.75,43,2,0.723404255319149,3.375,0.136321926465233,False,0.3107711883981977,-0.6549148812115987
NORFOLK BANANA DISTRIBUTORS,2017,82136.5,75,2,0.6881720430107527,4.055555555555555,0.0745673867581445,False,0.7415183648740419,-0.6001303749728029
NORFOLK BANANA DISTRIBUTORS,2018,50416.0,58,3,0.4090909090909091,6.275,0.1089393876339318,False,0.5620614673613847,-0.6674169004229744
NORFOLK BANANA DISTRIBUTORS,2019,58632.399999999994,60,1,0.6268656716417911,4.208333333333333,0.10033827312644522,False,0.49380307514004335,-0.6426213298254663
NORFOLK BANANA DISTRIBUTORS,2020,75954.59999999999,66,2,0.9259259259259259,4.203389830508475,0.09693537866873353,False,0.6152241393432478,-0.56401354120854
NORFOLK BANANA DISTRIBUTORS,2021,87194.65,69,3,1.05,3.3389830508474576,0.08904246373159991,False,0.7012888090026252,-0.5343006938190509
NORFOLK BANANA DISTRIBUTORS,2022,99007.37984,60,3,0.7375,1.2,0.0882735516721963,False,0.5915749451665364,-0.6273798912910521
NORFOLK BEARINGS & SUPPLY CO.,2016,7645.05,3,2,4.875,45.0,0.18143978451847398,False,-0.37830028073259003,0.47800317528464104
NORFOLK WIRE & ELECTRONICS,2017,184.75,1,1,4.0,34.0,0.19007311985563247,False,-0.41699071766690937,0.19917361571764544
NORIX GROUP INC,2016,970.0,1,2,4.0,35.0,0.1867486183425358,False,-0.37157953388846743,0.21158019275824327
NORTH CAROLINA CORRECTIONAL ENTERPRISES,2018,10455.0,2,1,4.0,24.0,0.18898440220351465,False,-0.38866049574700856,0.12239330129953357
NORTH CAROLINA CORRECTIONAL ENTERPRISES,2019,2760.0,3,1,1.75,17.5,0.20133728811343687,False,-0.31623256899722485,-0.3975253895456042
NORTH CAROLINA CORRECTIONAL ENTERPRISES,2020,6015.0,5,1,1.8,13.5,0.20102460213075973,False,-0.2846544257469236,-0.41565215277468104
NORTH CAROLINA CORRECTIONAL ENTERPRISES,2021,8366.5,3,2,4.333333333333333,19.5,0.1901300790816408,False,-0.32956465483098496,0.1608462070245754
NORTHERN TOOL & EQUIPMENT,2022,454.99,1,1,1.0,0.0,0.2001884197881843,False,-0.30127705799411775,-0.6973123110462637
NUKUMERS LOGISTICS LLC,2019,50461.802500000005,7,4,0.0,1.625,0.1605285727605592,False,-0.05776312841039266,-0.8607704455416412
NUKUMERS LOGISTICS LLC,2020,233.6,1,1,0.0,0.0,0.1954343108930764,False,-0.2789993964491732,-0.9052224473979861
NUKUMERS LOGISTICS LLC,2021,187.89999999999998,1,1,0.0,6.0,0.1988253337695502,False,-0.28761856906613936,-0.8570656647514594
NYS DOCCS OFFICE OF NUTRITIONAL SERVICES,2021,27697.92,5,1,2.5,31.25,0.1782563754086423,False,-0.32450606973070156,-0.12338825492366061
Norfolk City Sheriff's Dept.,2017,0.0,1,1,1.0,231.0,0.12619361508656896,False,-0.6330404698306985,1.1569805193380898
"O.O. STIFF SEPTIC TANK SERVICE, INC.",2016,225.0,1,1,0.0,80.0,0.18367993133385174,False,-0.3938872813498417,-0.2630137966490817
OAK HALL INDUSTRIES LP,2016,77.5,1,1,5.0,5.0,0.18449614424643174,False,-0.39764052767941194,0.17421783118882372
OCI VIRGINIA CROSSINGS LLC,2018,3607.92,1,3,1.0,4.0,0.19867298136170514,False,-0.2132362161252317,-0.6561324994972534
OD TARAGIN & BROS LLC,2017,2221.3,1,1,0.0,56.0,0.19027829671373347,False,-0.359306693516174,-0.45528405717617154
OD TARAGIN & BROS LLC,2018,2822.7000000000003,1,1,1.0,180.0,0.13878184090210527,False,-0.5596380417854346,0.7481268913483539
OFFICE DEPOT INC,2016,2151.43,14,16,1.0294117647058822,24.0,0.1491960598230298,False,0.5396843972097343,-0.41566103790212067
OLD DOMINION TRADING LLC,2019,2885.19,3,6,0.0,72.0,0.15940726287704116,False,-0.12147288671506713,-0.3026393447200301
OLD DOMINION TRADING LLC,2021,50.0,1,1,3.0,3.0,0.19584082807269548,False,-0.35018922794666585,-0.25757597911168906
OLD HICKORY BUILDINGS LLC,2017,3295.0,1,1,7.0,0.0,0.15580076700320067,False,-0.4348564220633649,0.5504459814297257
ON THE SPOT INC,2018,673.6,1,1,0.0,18.0,0.19985201283694481,False,-0.30482385162027914,-0.7606385346880395
ONESOURCE MARKETING INC,2017,386.44,2,4,1.6666666666666667,73.0,0.17478066313505825,False,-0.26718819150561024,0.04141706188328151
ONESOURCE MARKETING INC,2018,1337.38,5,6,0.0,31.0,0.1792732572706548,False,-0.035919965463987444,-0.6291268423251528
ONESOURCE MARKETING INC,2019,4468.59,7,7,1.5384615384615385,18.0,0.19346434505284255,False,0.022199884176629853,-0.4059008123966064
ONESOURCE MARKETING INC,2020,4009.85,3,4,2.2,12.5,0.1998361747477383,False,-0.17860429199007505,-0.33120436101805634
ONESOURCE MARKETING INC,2021,2178.25,4,5,2.0,26.4,0.1993155496312095,False,-0.13402964908680257,-0.25585469294857793
OPHTHALMIC INSTRUMENT CO INC,2019,23977.0,3,3,0.6666666666666666,46.0,0.1823939103477611,False,-0.23819320700256147,-0.38130270204575667
OPTIMAL PHONE INTERPRETERS INC,2017,544.1089,4,2,0.2,57.0,0.1834941228370831,False,-0.2783519420057662,-0.3973639040920793
PAGE COUNTY COUNSELING PLC,2019,150835.0,2,1,5.0,1.0,0.12231375469471073,False,-0.3698781944980984,0.17324911174719007
PARCHMENT INC,2019,6500.0,2,1,0.0,0.0,0.19342515996882942,False,-0.2652594834274361,-0.9025143675695254
PARKER SAFETY INC,2017,153.85,2,2,2.5,93.0,0.17214214918490583,False,-0.4081032292938425,0.3666971748351883
PARKER SAFETY INC,2018,552.2,4,2,1.8,26.8,0.19988820117804162,False,-0.27064604024933253,-0.30721020430117735
PARKER SAFETY INC,2019,12662.34,10,5,0.20588235294117646,19.176470588235293,0.17422250598371852,False,-0.0027784215248003903,-0.6758668082315227
PARKER SAFETY INC,2020,1926.93,2,3,0.0,23.0,0.19573664680697211,False,-0.20494702805638187,-0.710329962409956
PARTS TOWN LLC,2018,11117.310000000001,4,3,2.75,31.75,0.190863377712016,False,-0.251522950716319,-0.06369671776991971
PARTS TOWN LLC,2020,30627.52,3,3,3.2,0.0,0.17512676463078453,False,-0.22822081559190438,-0.22266961422938558
PARTS TOWN LLC,2021,13562.66,10,2,0.6666666666666666,71.28571428571429,0.15539831211422256,False,-0.2282384367100756,-0.17426755916802578
PATTERSON DENTAL SUPPLY INC,2016,8904.62,12,5,2.533333333333333,21.82758620689655,0.18470645046383755,False,-0.0319188297207609,-0.16857495702352593
PATTERSON DENTAL SUPPLY INC,2017,5823.72,6,3,0.5,9.969696969696969,0.190272026583506,False,-0.14363261329028895,-0.7043325099747829
PATTERSON DENTAL SUPPLY INC,2018,1922.5100000000002,2,1,1.0,61.0,0.19096275370599036,False,-0.37541371452032085,-0.20586319342452283
PATTERSON DENTAL SUPPLY INC,2019,1985.27,4,2,0.3,52.0,0.1865617497122255,False,-0.27331794884535493,-0.41643179427571275
PAXEN PUBLISHING LLC,2021,931.74,1,2,3.0,99.0,0.16903799644533962,False,-0.441201294386762,0.5174743681718499
PAYNE INDUSTRIAL & FARM EQUIPMENT INC,2017,1937.4499999999998,2,2,0.0,11.5,0.19785307826451182,False,-0.235233651089594,-0.8068700511807381
PAYNE INDUSTRIAL & FARM EQUIPMENT INC,2018,2058.6,5,6,0.0,16.4,0.1821978296533714,False,-0.014911696918334263,-0.7461883044800417
PAYNE INDUSTRIAL & FARM EQUIPMENT INC,2019,927.74,2,2,0.25,7.0,0.19630983165464733,False,-0.23440166895459474,-0.7912264365034842
PAYNE INDUSTRIAL & FARM EQUIPMENT INC,2020,74.72,2,2,0.0,6.0,0.1971212448273329,False,-0.2274418606814812,-0.851388570066103
PEELE BROTHERS INC,2016,4500.0,4,1,1.25,5.666666666666667,0.20090278588782218,False,-0.27461304559662114,-0.5946349367756993
PEELE BROTHERS INC,2017,8505.0,7,1,0.8571428571428571,5.166666666666667,0.19490970105690225,False,-0.22476591462752937,-0.6750976591576258
PEELE BROTHERS INC,2019,3640.0,3,1,0.0,5.5,0.19751747730225705,False,-0.2599409398926428,-0.8574502675993715
PEELE BROTHERS INC,2020,4160.0,3,1,0.6666666666666666,6.333333333333333,0.19554692961272435,False,-0.2759681223461269,-0.7120805348169025
PEELE BROTHERS INC,2021,3520.0,2,1,1.0,5.0,0.20210816990848585,False,-0.29490101806159047,-0.6550960711197931
PENINSULA THERAPY CENTER PLC,2016,144625.75,6,3,2.0,317.0,0.026681875599310234,False,-0.6100398990141541,2.0995069910666957
PERFORMANCE FOOD GROUP INC,2021,19514.38,10,2,2.4,1.0,0.177484977098734,False,-0.16559727435595253,-0.37702195223772683
PERFORMANCE FOOD GROUP INC,2022,7286.38,8,2,1.75,0.0,0.19239994600522636,False,-0.17713482128655464,-0.5255190315796061
PERFORMANCE FOOD GROUP INC.,2021,4359.38,20,1,2.238095238095238,4.833333333333333,0.16097214018518002,False,-0.08135487456418744,-0.3723612163968937
PET DAIRY,2016,28092.0,24,2,2.5384615384615383,14.428571428571429,0.15735264635676022,False,-0.00014421902655010406,-0.21810365877470705
PET DAIRY,2017,14443.800000000001,16,2,2.95,23.6,0.17880372074448037,False,-0.13031772615391113,-0.07341906389341338
PET DAIRY,2018,26614.8,26,2,1.5757575757575757,23.17391304347826,0.15808927235673198,False,0.0354328440657282,-0.3453540707595244
PET DAIRY,2019,16743.4,18,2,3.0,12.318181818181818,0.16755900488610953,False,-0.08833695503028412,-0.15018957266653635
PET DAIRY,2020,1579.4,3,2,2.6666666666666665,13.0,0.20129787979310199,False,-0.2834683191145776,-0.23911326799360236
PIEDMONT FRESH LLC,2016,162045.7,127,2,2.0441176470588234,7.7228260869565215,0.0019551417810603766,False,1.4064124336395136,-0.1964130475740924
PIEDMONT FRESH LLC,2017,158316.05,118,2,1.3092485549132948,6.366153846153846,0.017349223022998572,False,1.3040994124051801,-0.3740670695320774
PIEDMONT FRESH LLC,2018,98988.6,136,3,1.639240506329114,16.203333333333333,0.005836198531301573,False,1.566876310148505,-0.2074048847129183
PIEDMONT FRESH LLC,2019,82961.69,117,2,1.7304347826086957,11.854651162790697,0.03077790759233412,False,1.2691310001233205,-0.2587604828315805
PIEDMONT FRESH LLC,2020,109826.25,123,3,1.5,12.232758620689655,0.026230952457602874,False,1.4023512869838997,-0.28526422454716666
PIEDMONT FRESH LLC,2021,79309.25,125,3,1.9318181818181819,13.09765625,0.018690460108468865,False,1.4164972944184966,-0.19161598885221706
PIEDMONT FRESH LLC,2022,79185.45,108,3,1.2222222222222223,1.0,0.026526423083723327,False,1.2222053210917263,-0.4613311888227592
PIEDMONT FRESH LLC,2023,13388.9,31,3,1.4090909090909092,0.0,0.15330308013298838,False,0.18537686550890506,-0.5570335986049341
PITNEY BOWES GLOBAL FINANCIAL SERVICES,2019,3631.68,1,1,3.0,492.0,0.002848183574273966,False,-1.0522332144533262,3.6686395649101557
PITNEY BOWES INC,2016,10863.65,12,8,0.9285714285714286,31.5,0.17262697088889434,False,0.13048048719155542,-0.4114459830681416
PITNEY BOWES INC,2017,9364.74,4,3,0.4,14.0,0.18834865721147281,False,-0.17375040593501495,-0.6950184572301005
PITNEY BOWES INC,2018,14218.61,9,5,2.1818181818181817,38.5,0.18601398194507224,False,-0.08786483089511944,-0.11118236786914765
PITNEY BOWES INC,2019,9211.95,5,4,3.8333333333333335,139.66666666666666,0.11742659005168798,False,-0.37057509733558286,1.0331314806347225
PITNEY BOWES INC,2021,18158.72,12,5,1.0,44.0,0.17674207452510626,False,-0.029051758038166436,-0.3074907089967241
PMC ASSOCIATES INC,2016,1115.3,3,3,3.5,13.4,0.19627742922680053,False,-0.2558423441802585,-0.05854698046377449
POINT SECURITY INC,2017,38060.0,1,3,9.0,57.0,0.10083015913596582,False,-0.4656980784619005,1.4390440746522337
POINT SECURITY INC,2018,13950.0,1,1,0.0,66.0,0.17418091692109977,False,-0.37299566770115644,-0.3726997290740756
POINT SECURITY INC,2020,775.0,1,1,2.0,151.0,0.1621530774869525,False,-0.5403990222658012,0.722789254872457
POINT SECURITY INC,2021,49845.0,2,3,3.5,34.0,0.17295090322655632,False,-0.2960149749639058,0.11493652459099982
POLYMERSHAPES LLC,2019,339.9,1,1,0.0,7.0,0.198927412300823,False,-0.2890459532250991,-0.8490081241040007
POTOMAC ENVIRONMENTAL INC,2016,1020.0,1,1,0.0,329.0,0.07359208619138913,False,-0.751428743159113,1.7360223405335016
POTOMAC ENVIRONMENTAL INC,2017,0.0,1,1,0.0,0.0,0.19380970795554786,False,-0.27901277964445925,-0.9052684164334351
POWER & HEAT SYSTEMS LLC,2016,258677.35,8,6,4.7272727272727275,204.0,0.011821981122027814,False,-0.3348504957334144,1.7973605378255118
POWER & HEAT SYSTEMS LLC,2017,6515.0,5,4,2.4,45.22222222222222,0.19077386327620033,False,-0.2031491645703899,-0.02350631150051983
POWER & HEAT SYSTEMS LLC,2018,7174.0,7,3,3.142857142857143,60.75,0.1795653988269978,False,-0.26200975551988026,0.2544152472828326
POWER & HEAT SYSTEMS LLC,2019,9887.75,11,7,3.393939393939394,28.482758620689655,0.1784087435801726,False,0.01962051863039681,0.07090889500095393
POWER MECHANICAL INC,2018,779.63,2,2,3.0,5.666666666666667,0.19876539469221405,False,-0.29379381381040126,-0.23032602040925976
POWERHOUSE RECYCLING INC,2019,35.1,3,4,5.32258064516129,49.0,0.16378525923416548,False,-0.3008527829293884,0.6101020642906211
POWERHOUSE RECYCLING INC,2021,-1.3499999999999999,4,1,0.574468085106383,39.0,0.18551403384750337,False,-0.3076828399416611,-0.4683535952396497
POWHATAN AUTO AND TRACTOR PARTS INC,2017,1352.54,3,4,0.0,10.666666666666666,0.19022541751110467,False,-0.1270849365916506,-0.8037510549467292
POWHATAN AUTO AND TRACTOR PARTS INC,2018,1056.52,3,3,0.0,44.666666666666664,0.18651033735847566,False,-0.22273132594349235,-0.5350943336301072
POWHATAN AUTO AND TRACTOR PARTS INC,2019,8097.400000000001,3,2,0.0,0.2,0.18784490702669715,False,-0.2052719925549811,-0.8948951301057884
POWHATAN AUTO AND TRACTOR PARTS INC,2020,12463.880000000001,7,3,0.0,21.375,0.18841948693124466,False,-0.1351051835776561,-0.7139266200682913
POWHATAN AUTO AND TRACTOR PARTS INC,2021,207.01,2,2,0.0,1.0,0.19019008561630474,False,-0.2202538196327368,-0.8915006837886675
POWHATAN AUTO AND TRACTOR PARTS INC,2022,537.29,2,1,0.0,0.0,0.1931383938050198,False,-0.2656010934974905,-0.9036877409743244
POWHATAN COLLISION & GLASS,2019,16.0,2,2,0.0,1.0,0.1890114083930015,False,-0.2202647628011084,-0.8915382717401276
POWHATAN COLLISION & GLASS,2020,600.0,1,1,0.0,7.0,0.19887983268118198,False,-0.28903105181630656,-0.848956940259308
PRESTIGE EVENTS LLC,2017,5571.04015,1,1,0.0,0.0,0.19355115677508972,False,-0.2786936087614351,-0.9041721178797444
PRO-TEC FIRE SOLUTIONS INC,2021,2200.0,1,1,3.0,232.0,0.1181854607610534,False,-0.6789312122989941,1.5811742163152058
PROCESS & TECHNOLOGY SOLUTIONS INC,2021,450.0,1,1,0.0,15.0,0.20097027853008304,False,-0.300528384697405,-0.7847654237372722
"PROCUREMENT SPECIALISTS, LLC",2019,568.46,3,8,4.0,36.38461538461539,0.17078322367914522,False,-0.06601543554915096,0.250912776826237
"PROCUREMENT SPECIALISTS, LLC",2021,5375.47,17,14,2.1176470588235294,61.833333333333336,0.1325192710121666,False,0.4078179389343957,0.1108691082672485
PROFESSIONAL POLYGRAPH AND INVESTIGATION,2017,63749.96,10,4,1.9,20.0,0.17160238058393112,False,-0.08559897670441421,-0.3112765266538244
PROFESSIONAL POLYGRAPH AND INVESTIGATION,2019,19575.0,4,2,6.0,5.0,0.14991436897650812,False,-0.3318688391085205,0.39457047801238065
PROFFITT TRUSS & BUILDING SUPPLY LLC,2017,3608.7700000000004,1,2,1.0,68.0,0.1869448611592076,False,-0.3519483695494587,-0.14658847987884618
PROPIO LS LLC,2021,1502.67,4,2,1.25,8.0,0.20017385417527922,False,-0.23133335976530014,-0.5722692099846614
PUMPERNICKEL PICKLE CATERING CO,2018,1019.8399999999999,3,1,1.2727272727272727,133.125,0.162124414229807,False,-0.4717418748176799,0.4311177643373037
PURPLE COMMUNICATIONS INC,2019,39265.6,10,3,5.533333333333333,214.0,0.0451317989869624,False,-0.4933941807548742,1.9922895101244371
Parker Oil Company,2017,1077.57,1,1,1.0,4.0,0.20290223481097514,False,-0.30698575932607236,-0.6650792793274187
QUALITY LOGO PRODUCTS INC,2018,1240.19,1,2,0.0,16.0,0.1975632630623183,False,-0.2551169179010492,-0.7723578745775173
QUANTA SYSTEMS LLC,2016,29991.76,3,2,1.6666666666666667,20.0,0.18893413348829702,False,-0.26960284604775925,-0.3851952995431444
QUARLES PETROLEUM INC,2017,87197.32,5,3,1.2,1.0,0.16958266942627104,False,-0.1550734644174078,-0.6162931331601826
QUARLES PETROLEUM INC,2019,30560.17,2,1,1.0,10.0,0.1890975951070723,False,-0.3005323196472134,-0.6096368179410149
R&D TRAINING & TECHNICAL SERVICES INC,2017,8325.0,1,1,0.0,93.0,0.17053148267296558,False,-0.4120924248686607,-0.1570606553336243
RAGSDALE BUILDING SUPPLY CTR INC,2016,842.77,2,3,0.3333333333333333,8.0,0.19264127578066148,False,-0.19089786978407475,-0.7616688917550294
RAGSDALE BUILDING SUPPLY CTR INC,2017,6437.98,3,3,0.1111111111111111,35.625,0.18779918139439739,False,-0.21191505252957135,-0.5835222042444725
RAGSDALE BUILDING SUPPLY CTR INC,2018,566.38,3,4,0.3333333333333333,91.0,0.16061857270817775,False,-0.24992618128070385,-0.08973068342263656
RAGSDALE BUILDING SUPPLY CTR INC,2021,741.15,1,1,2.0,83.0,0.18606899907108826,False,-0.44274667820090924,0.17690380205481368
RAWLINGS BROTHERS GARAGE & TOWING INC,2021,500.0,1,1,1.0,0.0,0.2001884197881843,False,-0.3012744793228,-0.6973034537419591
RAY ALLEN MANUFACTURING LLC,2019,786.98,1,1,7.0,37.0,0.1568319533682881,False,-0.4881355281183761,0.8469747237604782
RBM HOSPITALITY GROUP INC,2021,41.68,1,1,1.0,1.0,0.19934700584432397,False,-0.30273682937108776,-0.6893660150710206
RE REPLACEMENT PARTS,2016,13264.710000000001,56,96,1.1043956043956045,8.918367346938776,-0.04448844704216093,True,4.866489337915548,-0.11905578244366001
RE REPLACEMENT PARTS,2017,5704.99,25,31,0.4186046511627907,18.0625,0.08595739314391915,False,1.4112541564752838,-0.5100014544903316
RE REPLACEMENT PARTS,2018,10254.36,29,33,0.8461538461538461,14.325,0.08023086849772676,False,1.5544801646043729,-0.4358876622270297
RE REPLACEMENT PARTS,2019,17545.58,52,96,1.471502590673575,13.60958904109589,-0.035246858041351525,True,4.798291007374545,-0.010144490433800168
RE REPLACEMENT PARTS,2020,7281.33,43,46,0.12121212121212122,44.59574468085106,0.0382500609992677,False,2.3227598592517107,-0.2685948303235044
RE REPLACEMENT PARTS,2021,8765.18,32,38,0.4307692307692308,28.88372093023256,0.06069740794142897,False,1.8169004003303473,-0.3801063268202615
REDWINE INTERNATIONAL INC,2016,1605.0,3,2,6.0,28.0,0.16486114206801916,False,-0.37930938922070967,0.5741947759213248
REDWINE INTERNATIONAL INC,2018,796.05,1,1,1.0,7.0,0.20247355307099224,False,-0.3113101651171097,-0.6410517904459342
RELIABLE PARTS AND SUPPLY LLC,2019,1454.8600000000001,3,4,1.2,139.5,0.1422649230392603,False,-0.3388440600128103,0.4799352042349164
RELIABLE PARTS AND SUPPLY LLC,2020,4746.67,6,3,0.0,32.36363636363637,0.18868943071263583,False,-0.16470891226024453,-0.6287074987953803
RENDALL & ASSOCIATES INC,2018,11400.0,1,1,3.0,349.0,0.07601622642961875,False,-0.8464269454911734,2.5222172674433225
RENNIES ADVERTISING IDEAS INC,2018,2589.44,2,2,1.5,21.0,0.2039489955236617,False,-0.2822746935288789,-0.41867941582294343
RENNIES ADVERTISING IDEAS INC,2019,4927.4,2,2,2.5,15.5,0.20076290781642753,False,-0.29653258628813284,-0.2545047307933945
RESTAURANT EQUIPMENT REPAIR INC,2016,7889.78,7,6,0.6666666666666666,38.666666666666664,0.18165106849665946,False,-0.03465303486608033,-0.42476466594741075
RESTAURANT EQUIPMENT REPAIR INC,2018,204.15,1,2,5.0,73.0,0.16547172252237047,False,-0.44848526676877054,0.7243459678088174
REVOLUTION MOTORSPORTS,2022,2250.0,1,1,0.0,0.0,0.19292598733850613,False,-0.27888387472410897,-0.9048256496108331
RICHMOND CLEANING INDUSTRIES COOPERATIVE,2020,2392.31,1,2,0.0,4.0,0.19564999319386145,False,-0.2378178028772881,-0.8684627058154284
RILEY FIRE PROTECTION LLC,2022,135890.72,7,1,0.125,0.0,0.14382068763365813,False,-0.19372832191910425,-0.8436941369990489
RIVER CITY INDUSTRIAL INC,2018,1200.0,1,1,0.0,0.0,0.1951582703991998,False,-0.27894403035360577,-0.9050322741280472
ROANOKE AIRPORT HOTEL PARTNERS LLC,2018,2565.0,2,1,2.0,92.0,0.1758574759378101,False,-0.4421861152697827,0.2509863171499262
ROANOKE AIRPORT HOTEL PARTNERS LLC,2019,15259.0,2,1,1.0,69.5,0.1800025903410709,False,-0.38685643808298364,-0.13500391989127483
ROANOKE AIRPORT HOTEL PARTNERS LLC,2020,7879.0,4,1,5.5,36.5,0.16142488902920443,False,-0.4134329419633816,0.5369814931094683
ROANOKE STAMP AND SEAL CO,2016,185.02,5,4,2.5714285714285716,14.2,0.19651145116507535,False,-0.1627822403298844,-0.23815258878590076
ROANOKE STAMP AND SEAL CO,2017,30.5,1,1,2.0,5.0,0.20211152391042264,False,-0.3307721847113814,-0.44939112791083036
ROANOKE STAMP AND SEAL CO,2019,19.03,1,2,0.0,12.0,0.19771803427526685,False,-0.24944250986119387,-0.8047086980139946
ROANOKE STAMP AND SEAL CO,2020,188.575,2,2,1.4,22.4,0.20478493881237797,False,-0.2821937365092015,-0.4286998466551006
ROBERT S LOVELACE COMPANY,2018,50.0,1,1,0.0,11.0,0.20037716243545883,False,-0.29480693151781867,-0.8169546549941724
ROBERTS OXYGEN COMPANY INC,2018,280.16,1,2,0.0,407.0,0.03983836275160452,False,-0.8166840484173421,2.3662562575860946
ROBERTS OXYGEN COMPANY INC,2020,108.0,2,1,0.0,3.0,0.19601295529025248,False,-0.2699339651907857,-0.8796893310498958
ROBERTS OXYGEN COMPANY INC,2021,465.0,1,1,1.0,61.0,0.19410832379512816,False,-0.3888781210609807,-0.20762495461052016
RODZINA INDUSTRIES INC,2016,295.6,11,3,1.4375,14.166666666666666,0.1897833498531471,False,-0.10396923904263956,-0.4694790126284867
RODZINA INDUSTRIES INC,2017,67.25,3,3,0.75,45.75,0.19073709443637804,False,-0.24106152796744845,-0.3706924814344688
RODZINA INDUSTRIES INC,2018,67.3,3,2,0.4,27.4,0.19323088162608182,False,-0.25370989705565067,-0.594977190697463
RODZINA INDUSTRIES INC,2019,107.35,1,1,0.0,96.0,0.17641010188398665,False,-0.41687150008438256,-0.13459487981385393
RODZINA INDUSTRIES INC,2020,560.1,10,3,0.6470588235294118,25.25,0.18079981299870046,False,-0.11563247387540533,-0.5462353125449411
RODZINA INDUSTRIES INC,2021,109.0,5,4,1.5,20.5,0.20061835608857065,False,-0.14795146500136772,-0.41030766609333336
ROGERS SERVICE CENTER,2021,300.0,1,1,4.0,14.0,0.19610112604624425,False,-0.3882622668210793,0.038643709442702165
ROSCHER ELECTRIC INC,2020,6079.0,1,1,3.0,15.0,0.19944433992349553,False,-0.3670769288808152,-0.16005800934705608
RRS FOODSERVICE,2018,1821.31,1,1,4.0,15.0,0.1955734533734087,False,-0.3896112017371567,0.04697071010698616
RUSSELL COUNTY BOARD OF SUPERVISORS,2021,1326.84,2,1,1.5,42.0,0.19899660450188755,False,-0.3593072580566013,-0.2545720839516964
RVA SECURITY INTEGRATORS INC,2020,4122.71,2,2,0.4,25.0,0.19464298209194553,False,-0.26341184071327794,-0.6149204008113414
S & K OFFICE PRODUCTS INC,2016,4054.93,22,52,0.8018018018018018,2.5,0.04591231353947023,False,2.3676725569658466,-0.4713142347959904
S & K OFFICE PRODUCTS INC,2017,711.31,10,14,3.473684210526316,6.2,0.15164982444909403,False,0.36355246570291777,-0.06510232710820081
S & K OFFICE PRODUCTS INC,2018,2335.98,21,18,1.3958333333333333,18.083333333333332,0.13851190480343295,False,0.7272950933680389,-0.3681812759109712
S & K OFFICE PRODUCTS INC,2019,1404.38,18,16,0.9347826086956522,15.456521739130435,0.1358459927267029,False,0.6075437555872922,-0.49816238189048184
S & K OFFICE PRODUCTS INC,2020,3532.3,20,12,0.05128205128205128,39.19444444444444,0.12893984436891925,False,0.4328220033840741,-0.5047824246707481
S & K OFFICE PRODUCTS INC,2021,3353.37,23,35,1.2833333333333334,24.5,0.09426013635443287,False,1.5430468289560355,-0.26509037078156295
S & K OFFICE PRODUCTS INC,2023,6768.08,10,21,0.9803921568627451,0.0,0.11510880394319489,False,0.7559955966137645,-0.6023828581210912
S B COX READY MIX INC,2023,30848.5,7,2,0.0,0.0,0.16965486839334865,False,-0.15015772218227288,-0.8861237961212173
S E BURKS SALES CO INC,2017,62850.0,4,3,0.0,46.6,0.15617586258832167,False,-0.2085866520888868,-0.5059392599411373
S E BURKS SALES CO INC,2019,1986.0,2,2,2.6666666666666665,1.0,0.194422633733509,False,-0.27959281995848073,-0.3368397512841667
S&S WORLDWIDE INC,2018,19.18,1,1,0.0,11.0,0.20037716243545883,False,-0.2948086972287721,-0.8169607199157162
S. B. COX INC.,2021,110.0,1,1,5.0,140.0,0.13927729257878296,False,-0.5915111400525931,1.2579541806943766
SCHAAL'S CATERING & EVENTS,2018,352.5,2,1,2.5,20.0,0.19961556026944022,False,-0.3500593914052163,-0.22350509398540067
SD ENTERPRISES,2020,3216.16,2,1,0.0,42.0,0.1944028147712607,False,-0.32576349905714386,-0.5660001487310302
SEARS COMMERCIAL,2019,555.0,1,1,3.0,79.0,0.1815353808404549,False,-0.45930331854097817,0.3526232233888168
SECOM SYSTEMS INC,2016,5489.72,4,4,1.1428571428571428,12.4,0.200957662023508,False,-0.14143091595216503,-0.5499856224248332
SECOM SYSTEMS INC,2018,4788.0,1,1,5.0,46.0,0.18199993656048913,False,-0.45625044656845043,0.5042775889699206
SECOM SYSTEMS INC,2019,0.0,1,1,3.0,24.0,0.19798419379315246,False,-0.3803500329522735,-0.08900560331011412
SECOM SYSTEMS INC,2020,12656.0,1,1,5.0,76.0,0.15817031639682505,False,-0.4988824524587856,0.7466547740155308
SECOM SYSTEMS INC,2021,43571.92,4,3,1.5714285714285714,97.2,0.15617210696508543,False,-0.31738507493433843,0.2231126074358536
"SECOR, INCORPORATED",2018,716922.6,2,1,2.5,8.0,0.042514565245228675,False,-0.29177321072406737,-0.1788262159624372
"SECOR, INCORPORATED",2019,672384.4,2,1,1.0,8.0,0.04654475377595896,False,-0.2608893342880169,-0.49939053208030093
"SECOR, INCORPORATED",2020,672239.0,2,1,1.5,2.0,0.04350656296905364,False,-0.2634262826037172,-0.4436516353568453
SECURITY SERVICES INC,2018,1270.5,4,5,6.166666666666667,4.0,0.14075269857527706,False,-0.1947896236463206,0.4302584877690354
SECURITY SERVICES INC,2019,1290.6,4,4,1.4,294.0,0.06269261799474923,False,-0.5518069116445087,1.7632198641275036
SECURITY SERVICES INC,2020,1800.0,3,2,0.4,37.0,0.1876539559427351,False,-0.26739711587245585,-0.5175709797147575
SENTRY SECURITY FASTENERS INC,2016,1698.07,2,1,0.6666666666666666,14.0,0.19676761637167095,False,-0.30050011494130524,-0.6524947931675973
SENTRY SECURITY FASTENERS INC,2017,243.89000000000001,2,2,0.8571428571428571,12.0,0.19979001630574922,False,-0.25515473335032063,-0.6250181584026031
SENTRY SECURITY FASTENERS INC,2018,665.0,1,1,5.0,73.0,0.16826551910963194,False,-0.4952611525402364,0.7202122341626154
SENTRY SECURITY FASTENERS INC,2020,1978.2,2,3,0.0,152.0,0.1319130225461272,False,-0.39020001066126586,0.32524430502216617
SENTRYSAFE,2020,60.0,1,1,0.0,224.0,0.1189766610761746,False,-0.6006940403326855,0.8929323513676948
SEXTON'S INCORPORATED,2018,3635.66,2,2,1.5,16.0,0.2058250673848835,False,-0.27503429244730965,-0.45861168159787197
SEXTON'S INCORPORATED,2019,586.94,1,1,1.0,30.0,0.2009980103315933,False,-0.3443522705107092,-0.45645746656864883
SHEEHY FORD OF RICHMOND,2017,95362.14,6,11,1.8205128205128205,111.0,0.11665896168722639,False,0.06139190878618404,0.43260699822323456
SHERATON ROANOKE HOTEL/CONFERENCE CENTER,2019,6034.469999999999,2,1,0.0,44.0,0.1944028147712607,False,-0.32847421985049147,-0.5493902883028967
SHI INTERNATIONAL CORP,2016,38908.99,4,4,3.25,19.333333333333332,0.17961540105282936,False,-0.19644213905371222,-0.04974641478787581
SHI INTERNATIONAL CORP,2017,36572.05,2,2,2.6,24.2,0.18614321585267507,False,-0.30944266867221465,-0.1576504984711283
SHI INTERNATIONAL CORP,2019,41378.99,4,3,2.2,8.0,0.18188508971543488,False,-0.20342234208877233,-0.36272447451359185
SHI INTERNATIONAL CORP,2020,7.82,1,1,1.0,10.0,0.20325872223988,False,-0.3156636008691207,-0.6171240146207523
SHI INTERNATIONAL CORP,2021,110278.81,6,4,2.5,21.333333333333332,0.17337895233357214,False,-0.1517459027355803,-0.17259666614745398
SHULTZ & JAMES INC,2018,4985.0,1,1,0.0,36.0,0.19320788695365898,False,-0.3304265101208764,-0.6152927875438615
SIEMENS INDUSTRY INC,2020,355.61,1,1,2.0,88.0,0.18285323373237738,False,-0.44994922821457745,0.21696607991167838
SIGNS WORKINC,2016,2664.61998,1,1,0.0,20.0,0.1976281743962074,False,-0.30758196874879773,-0.7441914727370288
SIMUTECH SYSTEMS INC,2017,3475.0,1,1,1.0,6.0,0.20217204454724635,False,-0.30972059278736525,-0.648552241877195
SMITH AND ASSOCIATES PRE EMPLOYMENT,2019,34650.0,6,2,2.0,138.5,0.14247930141126364,False,-0.406800322557028,0.6407091349379602
"SMYTH PAINT AND DECORATING, INC.",2018,1070.72,1,1,0.0,15.0,0.2009229905580583,False,-0.3004928229808896,-0.7846432751941053
"SMYTH PAINT AND DECORATING, INC.",2020,5716.5,3,3,0.0,83.0,0.17144671020273866,False,-0.2775145594377618,-0.2264515288768034
SNAKE CREEK FARMS LLC,2019,26640.0,9,1,1.0,1.5454545454545454,0.18165690272107404,False,-0.1949490723355939,-0.667953593338225
SNAKE CREEK FARMS LLC,2021,4725.0,1,1,1.0,6.0,0.20088749310080917,False,-0.30964897894272614,-0.6483062603090827
SNAKE CREEK FARMS LLC,2022,1785.0,1,1,0.0,0.0,0.1941572570988649,False,-0.27891051507431475,-0.9049171547541709
SNAP OFFICE SUPPLIES LLC,2016,1304.27,4,14,2.9,39.875,0.14770699250115893,False,0.24772821911438378,0.07724533757537147
SNAP OFFICE SUPPLIES LLC,2017,286.19,7,6,1.0,17.0,0.1916529143112114,False,-0.01140343240171269,-0.5309040515760032
SNAP OFFICE SUPPLIES LLC,2018,3230.5299999999997,12,27,0.6739130434782609,17.6,0.11080568037608751,False,1.0449247641563877,-0.4972030602073572
SNAP OFFICE SUPPLIES LLC,2019,1392.6499999999999,4,13,3.1875,18.2,0.1603175308487238,False,0.2256498227097792,-0.04119891861532713
SNAP OFFICE SUPPLIES LLC,2020,6326.3099999999995,9,11,0.4444444444444444,24.076923076923077,0.16365753588302678,False,0.25193627249534034,-0.564313957798273
SNAP OFFICE SUPPLIES LLC,2021,2967.63,13,17,0.4411764705882353,54.31578947368421,0.1208848852448483,False,0.5427282351608014,-0.29166147784403845
SO LO CO INC,2016,3.5,1,1,6.0,29.0,0.16794803941361397,False,-0.45440133009443606,0.5747329420748502
SO LO CO INC,2017,203.35,2,3,0.16666666666666666,6.0,0.1924349099706119,False,-0.18434726050273786,-0.8124944071040459
SOOTS CONSTRUCTION,2018,5720.0,1,1,0.0,33.0,0.1955414676638924,False,-0.32607612397282554,-0.63923103824814
SOUTH HILL AUTO GLASS INC,2018,6748.5,1,1,1.0,42.0,0.19750005467494108,False,-0.3612323769398622,-0.3589134109506807
SOUTHERN BOYS TRUCK REPAIR LLC,2017,178.0,1,1,1.0,2.0,0.20217229118491892,False,-0.30416511185411454,-0.6813115600163525
SOUTHERN CORROSION INC,2018,3320.0,2,2,0.0,40.0,0.1924892154907542,False,-0.2760830767831994,-0.5778105509970228
SOUTHERN PAVING CORPORATION,2017,108139.07,2,1,0.0,0.0,0.15415039713408218,False,-0.2594364717728425,-0.8825132973134695
SOUTHERN POLICE EQUIPMENT CO INC,2016,7453.1900000000005,27,14,2.9591836734693877,27.77777777777778,0.12889974485348715,False,0.5718947989398475,0.02756937447004408
SOUTHERN POLICE EQUIPMENT CO INC,2017,3141.68,18,8,1.71875,41.43478260869565,0.16253491481549664,False,0.1784428936089452,-0.16011142341309803
SOUTHERN POLICE EQUIPMENT CO INC,2018,1707.5,9,5,2.5,79.46153846153847,0.1647324056204188,False,-0.1544985425921559,0.28131903923498536
SOUTHERN POLICE EQUIPMENT CO INC,2019,5558.1,6,5,1.1764705882352942,66.8125,0.18009761130859375,False,-0.14675353472556008,-0.09900736442461511
SOUTHERN POLICE EQUIPMENT CO INC,2020,729.2,4,4,0.625,47.4,0.1853239524121963,False,-0.18042367086332137,-0.37760058552634806
SOUTHERN POLICE EQUIPMENT CO INC,2021,844.54,2,2,0.6666666666666666,47.0,0.19012354786440117,False,-0.30113777551088444,-0.383526566625515
SOUTHERN REFRIGERATION CORP,2017,1080.8400000000001,1,1,1.0,54.0,0.1967273940039062,False,-0.37879019210764064,-0.26369717140082843
SOUTHERN REFRIGERATION CORP,2018,2913.95,1,2,2.0,2.0,0.19782200598750932,False,-0.2794964231880113,-0.46868217320436656
SOUTHERNS M AND P LLC,2016,1049.1299999999999,2,2,5.5,33.0,0.17025970575449834,False,-0.3887574292401056,0.5088153056039512
SOUTHERNS M AND P LLC,2017,621.13,2,2,1.0,43.25,0.19796446762510783,False,-0.30319534347292065,-0.3443852835640541
SOUTHERNS M AND P LLC,2018,936.85,8,7,2.25,102.625,0.14843740167998848,False,-0.10201130628332691,0.42212232598989
SOUTHWEST SANITATION COMPANY INC,2019,4010.0,3,1,7.666666666666667,16.0,0.14608356267143685,False,-0.4458913590780457,0.8205563543027105
SOUTHWEST VIRGINIA VETERINARY SERVICES,2019,269.28,4,1,1.6,38.0,0.19542164818556906,False,-0.32909070326857937,-0.26315416689466425
SPECIALIZED PSYCHOLOGICAL SERVICES INC,2017,34375.0,2,1,1.5,0.0,0.18336712073985295,False,-0.2970980125162786,-0.5852291235042757
SPENCER & ASSOCIATES LLC,2017,225062.96,32,5,2.28125,14.5,0.10187656012132584,False,0.2642253140032032,-0.2077621324028883
SPENCER & ASSOCIATES LLC,2019,32715.0,8,2,3.230769230769231,7.166666666666667,0.18011965698345273,False,-0.2189768411832877,-0.155181289828703
STANDARD PRODUCE CO INC,2016,27149.65,37,2,2.4,16.59375,0.14535507962669791,False,0.17373050664701192,-0.2105150923032241
STANDARD PRODUCE CO INC,2017,14666.0,31,2,3.746031746031746,18.205128205128204,0.1436622739696996,False,0.060412279271415195,0.07090919031617839
STANDARD PRODUCE CO INC,2018,29861.0,38,3,2.0963855421686746,22.157894736842106,0.14176425142546834,False,0.2328460804886279,-0.22272657647784896
STANDARD PRODUCE CO INC,2019,21926.35,32,2,1.6944444444444444,18.826923076923077,0.15716319947930513,False,0.11904677106012315,-0.3476520119955127
STANDARD PRODUCE CO INC,2020,16898.25,31,3,1.5892857142857142,10.18867924528302,0.1618536438344979,False,0.16692943067616345,-0.43709559424947414
STANDARD PRODUCE CO INC,2021,17076.15,27,3,1.048780487804878,13.0,0.16188247336067718,False,0.12142673757159993,-0.5327450916912557
STANDARD PRODUCE CO INC,2022,7577.25,8,2,1.4545454545454546,8.0,0.1995786602555069,False,-0.18202111243722807,-0.5226558813159461
STARBUCK INC,2016,36608.603,50,20,0.03211009174311927,19.076923076923077,0.06159449020444002,False,1.239880383209127,-0.5857109908479274
STARBUCK INC,2017,16822.3396,43,23,0.5588235294117647,36.653333333333336,0.08053337168829888,False,1.2485053688239263,-0.3366729608415534
STARBUCK INC,2018,4256.6125,18,16,0.8292682926829268,35.138888888888886,0.1324327221958519,False,0.5817934156582222,-0.3615312565504972
STARBUCK INC,2019,2543.8272,8,5,0.0,86.75,0.1515844300891825,False,-0.12257257393269323,-0.18114868645815693
STARBUCK INC,2020,5382.82595,23,14,0.0,40.541666666666664,0.11269822044279026,False,0.5658836704371984,-0.49138941359634936
STARBUCK INC,2021,15449.772649999999,19,7,0.02702702702702703,53.833333333333336,0.1380006350191343,False,0.16563027791848514,-0.4125605326449686
STEEL SERVICES INC,2016,12735.76,4,3,5.444444444444445,85.0,0.12807226808923222,False,-0.3879622452387692,0.9241779538478289
STEEL SERVICES INC,2018,1579.01,2,1,1.5,34.0,0.201515252572384,False,-0.3478040717462974,-0.318743494924281
STEPHENS OFFICE SUPPLY,2017,17.91,1,1,7.0,2.0,0.15701791042565083,False,-0.437916354879603,0.5658563570176423
STERILE SERVICES CO,2021,9860.0,1,2,1.0,27.0,0.19839824895984998,False,-0.29271044135706353,-0.47449113083224465
STORYS TRK & EQUIP SERVICE,2018,63.36,1,1,5.0,6.0,0.18580905315028495,False,-0.39907743017769015,0.18224267793410143
STRATUS AUDIO INC,2019,3.37,3,2,0.0,7.0,0.19355877017923517,False,-0.21550113657730097,-0.8419000366955088
SUDANOS PRODUCE,2016,75816.95,66,2,2.046875,4.627450980392157,0.1011042866323294,False,0.5896209204002597,-0.327628583747329
SUDANOS PRODUCE,2017,49717.25,33,2,1.296875,9.142857142857142,0.14927267254098991,False,0.15678901951799423,-0.5010897160625419
SUDANOS PRODUCE,2018,78947.85,64,3,1.28,8.541176470588235,0.09973106356686579,False,0.6213142099889672,-0.45372767462744445
SUDANOS PRODUCE,2019,62766.85,65,2,1.592,3.89247311827957,0.10851765329748653,False,0.586687178812199,-0.43212503157713633
SUDANOS PRODUCE,2020,46238.0,50,3,1.9,8.846153846153847,0.12442885140651694,False,0.417849578621497,-0.3494881979678532
SUDANOS PRODUCE,2021,25744.5,20,3,2.1785714285714284,7.608695652173913,0.16234413360537758,False,0.010816008214928535,-0.34979752613911225
SUPERIOR GLOBAL SOLUTIONS INC,2016,22154.85,13,19,1.4181818181818182,17.2,0.14151586446081582,False,0.6689559851607433,-0.37430191972822724
SUPERIOR GLOBAL SOLUTIONS INC,2017,1862.0,4,4,0.6666666666666666,25.4,0.19295245231459884,False,-0.14969350306247403,-0.5453244044571279
SUPERIOR GLOBAL SOLUTIONS INC,2018,363.77,3,4,4.5,18.166666666666668,0.1854735101756616,False,-0.238218830779973,0.19166115465204966
SUPERIOR GLOBAL SOLUTIONS INC,2020,1944.085,4,15,7.5,52.69047619047619,0.06836174180215598,False,0.1736273671820455,1.1406597801754492
SUPERIOR GLOBAL SOLUTIONS INC,2021,538.69,3,5,0.8,20.5,0.19382622893377421,False,-0.11228312603380056,-0.5544551757710118
SUPPLYONE - WEYERS CAVE,2016,357.5,1,1,0.0,62.0,0.19036500230778775,False,-0.36803002703789095,-0.40748504980083267
SWEET SPRINGS VALLEY WATER COMPANY,2019,1282.0,2,2,4.6,268.0,0.09492394259271808,False,-0.7061644917526417,2.2082741007907547
Southside Regional Public Service Authority,2017,9102.4,2,1,1.5,27.0,0.20134640194303915,False,-0.33732040182292794,-0.37345640772993827
T L WALKER,2019,1445.8500000000001,1,2,0.0,0.0,0.191623428408925,False,-0.23212765697893498,-0.9007594723424976
TATE ENGINEERING SYSTEMS INC,2017,14320.0,1,1,6.0,77.0,0.13672649235902673,False,-0.5225135577274659,0.9628764240320092
TATE ENGINEERING SYSTEMS INC,2018,16812.0,2,1,4.5,267.0,0.09133230471657428,False,-0.7484119227864656,2.1782914673670484
"TECHNOLOGY INTERNATIONAL, INC.",2018,5912.0,1,2,0.0,46.0,0.190197046035335,False,-0.29793203695466197,-0.5306096525944541
TELCO ENTERPRISE MANAGEMENT CORP,2017,52790.12,4,5,0.0,3.0,0.1584993503337807,False,-0.052944787960606046,-0.8494746887162477
TELCO ENTERPRISE MANAGEMENT CORP,2020,106.4,1,1,0.0,47.0,0.19445165924084595,False,-0.3465030267899864,-0.5279489019098776
TELCO ENTERPRISE MANAGEMENT CORP,2021,753.61,1,1,0.0,75.0,0.18494714637107018,False,-0.38667653470197144,-0.3030479204395867
TENNESSEE VEGETABLE PACKERS,2016,7593.6,2,1,0.0,12.5,0.19783447493834433,False,-0.2831479849378846,-0.8019537971055132
TENNESSEE VEGETABLE PACKERS,2017,18620.0,4,1,0.25,10.5,0.19097792408090147,False,-0.2584548636699755,-0.7609226908174497
TENNESSEE VEGETABLE PACKERS,2018,4995.2,1,1,0.0,22.0,0.19906732282978717,False,-0.3103206321173561,-0.727677590377132
TENNESSEE VEGETABLE PACKERS,2019,5308.8,1,1,0.0,12.0,0.19930879800179196,False,-0.29594174161133596,-0.8078921714090859
TENNESSEE VEGETABLE PACKERS,2020,4444.0,3,1,0.75,12.0,0.2007382457604195,False,-0.28594723739595823,-0.6492125343295433
THE CHANGE COMPANIES,2016,387.1,2,2,2.3333333333333335,6.0,0.19901837544506334,False,-0.2794347695997086,-0.3663051014717664
THE CHANGE COMPANIES,2018,1257.63,1,2,0.0,16.0,0.1975632630623183,False,-0.2551159187446888,-0.7723544426426788
THE CHANGE COMPANIES,2021,27915.14,2,2,3.0,27.0,0.1842074028361787,False,-0.3228758291718387,-0.053730060674307925
THE COUNSELING CENTER LLC,2017,439099.45,5,3,2.875,164.0,0.031288912130390756,False,-0.40633200268398567,1.1096360959754692
THE FAMILY LIBRARY,2017,675.3299999999999,2,2,0.0,19.0,0.19707675395326385,False,-0.2460766523205786,-0.7469111981203138
THE FAMILY LIBRARY,2020,3826.76,4,13,0.851063829787234,27.0,0.1590569442664171,False,0.26523163115801307,-0.4557437567944261
THE FAMILY LIBRARY,2021,8393.24,6,5,0.5555555555555556,109.9090909090909,0.14730096560942357,False,-0.19464138285361557,0.11844652660556457
"THE GEO GROUP, INC.",2017,117572.01999999999,3,3,2.0,43.0,0.16311153407010082,False,-0.2582432307064017,-0.10981204333009982
THE HOLDEN COMPANY,2017,3526.25,2,2,0.0,6.0,0.19794044271845307,False,-0.22724411881493153,-0.8507093598566738
THE HOLDEN COMPANY,2020,1112.78,3,2,0.0,29.0,0.19319182758940812,False,-0.24703161013928587,-0.6650738768132497
THE HOLDEN COMPANY,2021,575.0,1,1,0.0,15.0,0.2009229905580583,False,-0.30052122331294107,-0.7847408255804608
THE HOTEL ROANOKE & CONFERENCE CENTER,2017,2421.331,2,4,10.0,7.0,0.10467490367138682,False,-0.35804238865003185,1.2442153825692732
THE LIBRARY STORE INC,2019,39.8,1,1,1.0,14.0,0.20554675201799066,False,-0.32140613831039044,-0.585007204273209
THE OPTIMIZATION MANAGEMENT GROUP,2018,1559.04,1,1,0.0,23.0,0.19937510587441193,False,-0.3119535858225399,-0.7203261467084234
THE RADFORD COUNSELING GROUP LLC,2017,719361.0,33,5,2.0588235294117645,87.0,-0.0013101100994145076,True,0.20676634829740057,0.4267514738056469
THE RADFORD COUNSELING GROUP LLC,2019,499897.0,20,4,3.1,22.2,0.05154837384108485,False,0.043289581089609654,0.056400895217190467
THE RADFORD COUNSELING GROUP LLC,2021,204110.0,8,2,3.125,83.0,0.11319283788226797,False,-0.3157034784484579,0.46532271937843545
THE RADFORD COUNSELING GROUP LLC,2022,205800.0,6,2,3.0,0.0,0.13269341483893965,False,-0.22038650242346058,-0.22957115518737903
THE SHERWIN WILLIAMS CO,2018,543.28,2,2,10.6,80.2,0.0838134092404727,False,-0.5702507319298316,1.9477393715407805
THE SHERWIN WILLIAMS CO,2019,553.97,2,2,0.0,20.0,0.19690091903463552,False,-0.2475196975679946,-0.7389074506900224
THE SHERWIN WILLIAMS CO,2020,519.54,1,1,1.0,19.0,0.20464002116209673,False,-0.3285591155020673,-0.5447746520713392
THE SUPPLY ROOM COMPANIES,2016,89775.21,188,138,1.7643312101910829,14.824489795918367,-0.14488295882484725,True,8.579656245675595,0.45270949933911014
THE SUPPLY ROOM COMPANIES,2017,9116.8,51,47,2.280821917808219,9.427184466019417,0.04703841556336641,False,2.4790813916971963,-0.08561914001303299
THE SUPPLY ROOM COMPANIES,2018,9023.380000000001,69,51,2.607843137254902,18.196581196581196,0.018104450381325132,False,2.8872583891744585,0.09618341487025367
THE SUPPLY ROOM COMPANIES,2019,9143.33,50,50,2.111111111111111,24.596638655462186,0.04627957709354891,False,2.5881070470528127,0.012081953837200737
THE SUPPLY ROOM COMPANIES,2020,6221.55,37,39,1.0,14.451612903225806,0.06589499720458203,False,1.938498972854985,-0.36653929553913334
THE SUPPLY ROOM COMPANIES,2021,11273.33,47,52,1.8644067796610169,11.478991596638656,0.04637311822619283,False,2.666028219090575,-0.14006007436620752
THE TODD VENTURE GROUP,2016,11355.77,28,42,1.5476190476190477,8.354166666666666,0.07260521999570713,False,1.9553217235051301,-0.30124653761008785
THE TRAILER CONNECTION LLC,2017,5448.0,1,1,1.0,3.0,0.20070651339394702,False,-0.3052992802875838,-0.6722468724364151
THERESA M HEATH,2016,1207.5,2,1,4.0,33.0,0.1904996761175043,False,-0.4021151265918581,0.1928221932576247
TIDEWATER PRESSURE WASHING LLC,2016,2180.0,3,2,1.0,93.0,0.17891811153097825,False,-0.3611707269315956,0.05677098089195237
TIDEWATER PRESSURE WASHING LLC,2017,710.0,1,1,1.0,82.0,0.18629250269412378,False,-0.41902202519925347,-0.03899652715887081
TIDEWATER TACTICAL,2019,719.7,2,1,3.6666666666666665,7.333333333333333,0.19194985153540062,False,-0.3578532531098531,-0.08260514035618065
TIDEWATER VALVE & FITTING INC,2016,4235.84,2,2,0.0,24.0,0.19858372939375535,False,-0.2530531288849365,-0.7060723958099695
TIDEWATER VALVE & FITTING INC,2017,36456.68927,9,4,0.0,41.76923076923077,0.15968743097774407,False,-0.08945451277360078,-0.538313553194847
TIDEWATER VALVE & FITTING INC,2018,26985.28,18,13,0.0,17.074074074074073,0.12127744886814223,False,0.48711612020594897,-0.6871266484912422
TIDEWATER VALVE & FITTING INC,2019,12250.68,8,6,0.0,7.0,0.17631601494758026,False,0.03931419956649759,-0.8152175346087792
TIDEWATER VALVE & FITTING INC,2020,24934.593999999997,14,11,0.0,101.55,0.10675556265245323,False,0.21855520515840055,-0.02373739919855319
TIDEWATER VALVE & FITTING INC,2021,11117.92996,7,5,0.6410256410256411,93.54545454545455,0.15450488538029344,False,-0.1595098420621509,0.006862817088628227
TIGER EQUIPMENT CO INC,2019,38299.82,6,5,5.25,112.0,0.11027513532517952,False,-0.3005715286391971,1.1169348086438853
TIMBER RIDGE FRUIT FARM LLC,2016,29256.0,9,2,0.5,1.6666666666666667,0.17015558832225014,False,-0.1370258097160875,-0.7661746200394645
TIMBER RIDGE FRUIT FARM LLC,2017,111124.0,20,1,0.7083333333333334,5.388888888888889,0.13683959718839728,False,-0.04193712279323505,-0.6648780795881492
TIMBER RIDGE FRUIT FARM LLC,2018,35547.0,6,1,0.5,6.8,0.17674153811373988,False,-0.23098233359652934,-0.7323774032476629
TIMBER RIDGE FRUIT FARM LLC,2019,32635.0,9,1,0.09090909090909091,8.555555555555555,0.1681124685575235,False,-0.18440881494130004,-0.7994689827008933
TIMBER RIDGE FRUIT FARM LLC,2020,47189.0,11,2,1.0833333333333333,5.75,0.17501266599543036,False,-0.12810334575841492,-0.6056607951846096
TIMBER RIDGE FRUIT FARM LLC,2021,13101.0,4,1,0.5,10.0,0.18979657841010567,False,-0.2636255932196413,-0.7140559207653091
TMS SUPPLIES INC,2021,51.900000000000006,1,1,0.0,14.0,0.2008688257070556,False,-0.29911509987217805,-0.7928713932358606
TODAYS OFFICE SOLUTIONS INC,2016,5283.97,12,17,2.52,6.333333333333333,0.1477833992261861,False,0.552049583146973,-0.2457480544294355
TODAYS OFFICE SOLUTIONS INC,2019,2.07,1,1,0.0,5.0,0.19731966044366267,False,-0.2861931230642712,-0.8651298626440775
TOM KIRKLAND OPTICIANS INC,2018,55.0,1,1,5.0,228.0,0.10951101418803,False,-0.7178904224789165,1.9643747349176819
TOM LANGE COMPANY INC,2016,93634.1,38,1,0.58,8.923076923076923,0.12322892300859639,False,0.19570231178783742,-0.6400758876852024
TOM LANGE COMPANY INC,2017,275617.4,124,2,0.6587677725118484,7.92,-0.013888007265910218,True,1.403373132818552,-0.46487373349759353
TOM LANGE COMPANY INC,2018,101959.25,64,3,0.1891891891891892,6.74,0.08362875624977784,False,0.6495337632320374,-0.6904016492440525
TOM LANGE COMPANY INC,2019,225981.5,97,2,0.5069444444444444,10.045045045045045,0.035284283782339,False,1.0395774579917587,-0.52896477449106
TOM LANGE COMPANY INC,2020,184108.4,91,3,0.7572815533980582,5.0,0.04750087291820804,False,1.005360416343996,-0.5302930644272743
TOM LANGE COMPANY INC,2021,226531.3,99,3,0.6198347107438017,6.666666666666667,0.033105073528140516,False,1.1155083539531816,-0.5253365271775096
TOM LANGE COMPANY INC,2022,222726.5,67,3,0.7708333333333334,1.0,0.06297815202940837,False,0.6918734831941423,-0.5873858199659787
TOM LANGE COMPANY INC,2023,63440.5,16,3,1.0,0.0,0.15895296999352093,False,-0.0033504102710801807,-0.6543446765243877
TOP QUALITY MFG INC,2021,26000.0,1,1,1.0,5.0,0.19123724647702312,False,-0.3069940189045012,-0.6521472833085885
TOTEMIC BUSINESS SOLUTIONS LLC,2021,4620.0,2,2,1.0,64.0,0.18908902127100846,False,-0.3327651612601963,-0.1770250571713272
TOWN POLICE SUPPLY,2016,4100.36,7,6,1.8181818181818181,111.66666666666667,0.15445239599733696,False,-0.1653725504432989,0.39986807507662814
TOWN POLICE SUPPLY,2017,996.93,2,2,3.5,71.0,0.1771902747790376,False,-0.3987512406956383,0.398121806258699
TOWN POLICE SUPPLY,2018,17048.0,5,5,0.25,214.5,0.08402772855262663,False,-0.35091771766467905,0.894776970905489
TOWN POLICE SUPPLY,2019,17846.04,7,2,2.4571428571428573,58.970588235294116,0.1796334469426384,False,-0.2903604233675491,0.09546939064480593
TOWN POLICE SUPPLY,2020,1280.71,4,4,0.75,115.5,0.15246280689669867,False,-0.2809762600222321,0.1951728193330412
TREASURER OF VIRGINIA TECH,2016,29485.0,1,3,6.0,36.0,0.1360655469976103,False,-0.3691603733357136,0.6451767158379912
TREASURER OF VIRGINIA TECH,2017,19886.0,1,3,1.0,1.0,0.1842762480270222,False,-0.2079953502041143,-0.6770121012481766
TRI-CITY OFFICE PRODUCTS INC,2016,11284.47,38,56,2.1436781609195403,8.342857142857143,0.042911099497134564,False,2.731088596108824,-0.10355923669847907
TRI-CITY OFFICE PRODUCTS INC,2017,708.97,5,8,0.875,10.166666666666666,0.18054482947314537,False,0.06806314863244509,-0.606160687928761
TRI-CITY OFFICE PRODUCTS INC,2018,1270.31,8,11,2.1538461538461537,12.625,0.18016181364753875,False,0.2166085701003379,-0.30338817166455206
TRI-CITY OFFICE PRODUCTS INC,2019,157.98,2,1,0.0,6.0,0.19706027585754837,False,-0.2742393789902248,-0.8555966078565477
TRI-CITY OFFICE PRODUCTS INC,2020,1327.6100000000001,9,7,2.533333333333333,9.307692307692308,0.18287805677977287,False,0.03908866378672782,-0.2665470576899805
TRI-CITY OFFICE PRODUCTS INC,2021,2233.6099999999997,5,11,8.428571428571429,7.857142857142857,0.08653244929003973,False,0.04350233682736048,0.9584075887497019
TRIDENT PLASTICS INC,2018,1223.0,2,1,2.0,205.0,0.12859824059574154,False,-0.6045414413722394,1.1578443409701074
TRIDIM FILTER CORP,2016,1667.2,1,1,4.0,52.0,0.18413727863477442,False,-0.44275544975614023,0.3439626672161348
TRIDIM FILTER CORP,2017,134.61,1,1,0.0,47.0,0.19445165924084595,False,-0.34650141060874046,-0.5279433505978484
TRUESHRED INC,2018,5057.4,2,1,0.75,3.0,0.19673703917136132,False,-0.2863681676528076,-0.7228154345631507
TSRC INC,2016,1342.08,2,1,1.0,1.0,0.19835654829575428,False,-0.2892814238313328,-0.6876351708163562
TURBO SALES & FABRICATION INC,2021,18544.4,2,2,6.25,7.0,0.15018485234730194,False,-0.367134462849933,0.45943968280326164
TURNER LEASING COMPANY INC,2018,3600.0,1,1,1.0,53.0,0.19694657686466138,False,-0.3772097743188841,-0.27122906714790407
Travis Scarberry,2017,900.0,1,1,5.0,14.0,0.18983216914876327,False,-0.4105182373918489,0.24662835065962696
ULINE INC,2019,735.0,2,2,0.0,9.5,0.19532388731789668,False,-0.23243035593864755,-0.8231619341875519
ULINE INC,2021,974.04,2,2,3.0,4.666666666666667,0.19750159327273276,False,-0.29234658344990455,-0.23831539267671056
UNIFORMS MANUFACTURING INC,2020,170.25,1,1,5.0,83.0,0.1648663904585529,False,-0.5096504213246216,0.8003911675457185
UNITEC SALES ASSOCIATES LLC,2016,3771.29,13,13,0.5454545454545454,36.483870967741936,0.1438470523566604,False,0.3788490126524351,-0.42987312344736023
UNITEC SALES ASSOCIATES LLC,2017,731.88,3,4,0.6,31.666666666666668,0.18981914037223863,False,-0.1706526424522414,-0.5105730345799426
UNITEC SALES ASSOCIATES LLC,2018,1784.28,4,5,2.6666666666666665,53.0,0.18542612358342592,False,-0.18711250810167265,0.09618043202231062
UNITEC SALES ASSOCIATES LLC,2019,365.99,2,2,3.5,97.0,0.16527267662416023,False,-0.4361257903911083,0.6067160080784115
UNITEC SALES ASSOCIATES LLC,2020,351.99,1,1,0.0,21.0,0.20041627530231154,False,-0.3091505542105419,-0.7366189349274079
UNITEC SALES ASSOCIATES LLC,2021,14.99,1,1,0.0,16.0,0.1993256761015217,False,-0.3019893992907179,-0.7768233980020516
UNIVAR SOLUTIONS USA INC CORP HDQTR,2021,74059.7996,2,1,3.0,25.0,0.1694176364899509,False,-0.3641622555437958,-0.06492915279986278
UNIVAR USA INC CORP HEADQUARTERS,2019,285606.622,10,2,3.95,33.0,0.0977478678708617,False,-0.23085755553741882,0.25441839816239853
UNIVERSITY OF VIRGINIA,2019,2772.5,1,1,1.0,34.0,0.19877002837264218,False,-0.3499714270371485,-0.4239168634327414
US21 INC,2020,58870.0,3,2,2.0,22.5,0.17726794213096703,False,-0.27896872669174566,-0.2901545578255097
US21 INC,2021,51900.0,2,1,3.5,117.0,0.1475011639266901,False,-0.5086974879355544,0.7731853049959309
"V. F. LANASA, INCORPORATED",2016,87874.75,36,2,1.2,1.542857142857143,0.13877586233350153,False,0.21219149586572084,-0.5703031051548411
"V. F. LANASA, INCORPORATED",2017,110979.5,49,2,0.5775862068965517,2.0825688073394497,0.11383360682152621,False,0.40056568926567243,-0.6716285649875198
"V. F. LANASA, INCORPORATED",2018,56177.0,45,3,0.38095238095238093,5.610169491525424,0.11906028195442347,False,0.3900217418730903,-0.6966435739910106
"V. F. LANASA, INCORPORATED",2019,47760.5,27,2,1.6046511627906976,5.578947368421052,0.15306021219012667,False,0.07464915668842352,-0.47495781504860674
"V. F. LANASA, INCORPORATED",2020,27613.0,12,3,2.2,11.571428571428571,0.17699371564477817,False,-0.1022926781022879,-0.3249637560784661
VA INDUSTRIES F T BLIND,2016,28476.23,129,12,1.4919908466819223,27.406779661016948,0.015779296497376416,False,1.8775839079131815,-0.13425666099816924
VA INDUSTRIES F T BLIND,2017,21275.350000000002,48,11,1.325925925925926,19.072727272727274,0.13090336702236838,False,0.7621859448998504,-0.3607906601520227
VA INDUSTRIES F T BLIND,2018,28416.48,71,14,1.8866666666666667,41.35042735042735,0.06686280778479509,False,1.1662707896692297,-0.017392024248360158
VA INDUSTRIES F T BLIND,2019,6097.86,40,7,1.4134615384615385,35.18987341772152,0.13974289566426729,False,0.44196311276670613,-0.2448964106036399
VA INDUSTRIES F T BLIND,2020,463218.59,61,15,0.7046979865771812,58.197916666666664,-0.03503380643560261,True,1.106326254893589,-0.05280078212199813
VA INDUSTRIES F T BLIND,2021,1546169.0,48,18,1.1056910569105691,47.76842105263158,-0.06487658155047038,True,1.1408642044377302,0.15343580476677776
VA INDUSTRIES F T BLIND,2022,3682897.52,48,14,1.5052631578947369,0.0,-0.0790760576629862,True,1.1357637928785278,0.2566052880318858
VADOC AGRIBUSINESS,2017,121378.35,4,4,0.5,18.5,0.15240964969473442,False,-0.12922218769282878,-0.6118404195432807
VADOC AGRIBUSINESS,2018,193439.86000000002,5,3,0.8,12.0,0.13985856619225112,False,-0.15586759335517597,-0.5902288737377951
VADOC AGRIBUSINESS,2019,266662.4,7,3,7.285714285714286,61.5,0.061998803418792436,False,-0.34056617114680376,1.172660964632378
VALLEY AUTOS INC.,2021,283.41999999999996,1,1,14.0,11.0,0.06572047359362915,False,-0.6068583916616748,2.0932232595191635
VALLEY BOILER & MECHANICAL INC,2020,188273.69,9,6,2.4545454545454546,21.428571428571427,0.13714172174067873,False,-0.012653775953463774,-0.15305868978183257
VALLEY BOILER & MECHANICAL INC,2021,12381.0,5,5,7.285714285714286,45.5,0.12258275422650766,False,-0.26531397936907464,0.9996790208429537
VAMAC INC,2016,3243.6,3,2,0.0,8.0,0.1961968208709417,False,-0.21675159271751668,-0.833234777921577
VEG-PRO INC,2018,35324.1,5,2,0.16666666666666666,13.0,0.17729168401995382,False,-0.1990473774617325,-0.7491893443575459
VEG-PRO INC,2019,15860.0,2,1,0.0,2.0,0.1875483008451752,False,-0.267595423763714,-0.8846171990099486
"VICTORIA CASH GRAFF, LCSW",2019,30700.0,1,1,6.0,0.0,0.13810945504232847,False,-0.4109960149173011,0.3479723112647874
"VIPPERMAN AIR AND REFRIGERATION, INC",2017,2340.24,1,1,0.0,6.0,0.19667219798127572,False,-0.28749525919224306,-0.8566421159768106
"VIPPERMAN AIR AND REFRIGERATION, INC",2018,924.75,2,1,3.0,19.5,0.19951169292499005,False,-0.36045373299400485,-0.12347301323579145
"VIPPERMAN AIR AND REFRIGERATION, INC",2019,5131.75,3,3,3.75,37.25,0.18701185445345997,False,-0.29543562754212216,0.1856689987249903
"VIPPERMAN AIR AND REFRIGERATION, INC",2020,3932.5,4,3,0.75,58.0,0.1858211225492059,False,-0.24505131134238506,-0.27011845373231813
"VIPPERMAN AIR AND REFRIGERATION, INC",2021,443.5,3,1,0.75,93.25,0.1716669507196315,False,-0.40285893804484335,0.0022451059729336428
VIRGINIA BUSINESS SYSTEMS,2016,30537.68,4,4,3.1666666666666665,5.5,0.179044875629795,False,-0.17519826673990496,-0.1797648511567283
VIRGINIA BUSINESS SYSTEMS,2017,10855.039999999999,3,2,2.0,16.0,0.20133849519979158,False,-0.2723849547843393,-0.351782784325472
VIRGINIA BUSINESS SYSTEMS,2019,39393.06,7,2,8.153846153846153,283.0,0.0013170847307770739,False,-0.737834390655743,3.0822887688479623
VIRGINIA CORRECTIONAL ENTERPRISES,2016,480877.132,611,113,1.6864943929790346,37.17275280898876,-0.2020253442916624,True,13.061769012344495,1.211187548035484
VIRGINIA CORRECTIONAL ENTERPRISES,2017,556065.6,273,54,1.610126582278481,39.24119718309859,-0.14777672427101474,True,5.780727786695711,0.47894170201107805
VIRGINIA CORRECTIONAL ENTERPRISES,2018,215468.95,256,63,1.9424460431654675,77.83382352941176,-0.12470703440706143,True,5.892129768691173,0.8037484467623471
VIRGINIA CORRECTIONAL ENTERPRISES,2019,713080.36603,241,57,2.1852409638554215,44.16350710900474,-0.15264835411712896,True,5.482052871447111,0.6343764616065644
VIRGINIA CORRECTIONAL ENTERPRISES,2020,457141.31,237,50,1.542336548767417,73.34782608695652,-0.1294371249600902,True,5.05866939476297,0.6491832537346823
VIRGINIA CORRECTIONAL ENTERPRISES,2021,482680.26900000003,200,46,1.6470588235294117,62.06622516556291,-0.12382547892983764,True,4.391697065135115,0.5139420515813433
VIRGINIA DEPT OF HEALTH PROFESSION,2019,100.0,2,1,12.0,4.0,0.09054568988567929,False,-0.5388546585162148,1.6227355647276163
VIRGINIA DISTRIBUTION CENTER - VDC,2016,117285.516,144,79,2.9004405286343613,48.220588235294116,-0.11167753200879926,True,5.157853389192862,0.6482352941707918
VIRGINIA DISTRIBUTION CENTER - VDC,2017,284596.3997,186,88,2.478076923076923,36.1098807495741,-0.13870158092730211,True,6.177464108000787,0.5961115418563475
VIRGINIA DISTRIBUTION CENTER - VDC,2018,307064.16,139,75,1.701226309921962,99.757016840417,-0.13725522544073465,True,4.867332162628454,0.825747318148899
VIRGINIA DISTRIBUTION CENTER - VDC,2019,171996.42,77,70,2.367052023121387,29.830708661417322,-0.052215961960731194,True,3.881545637655071,0.2636597235725693
VIRGINIA FILTERS AND SUPPLY,2017,134.4,1,1,0.0,3.0,0.19847976446811377,False,-0.2833133569312869,-0.8811590806289031
VIRGINIA FILTERS AND SUPPLY,2018,774.8399999999999,2,2,1.0,62.166666666666664,0.19210569094759827,False,-0.3303526185416874,-0.19249904832323747
VIRGINIA FILTERS AND SUPPLY,2019,2875.96,3,1,0.3333333333333333,132.44444444444446,0.1519496888225767,False,-0.4497187798403466,0.23075117755250635
VIRGINIA FILTERS AND SUPPLY,2020,767.7,1,1,0.0,36.0,0.19377754571468697,False,-0.33066812377447363,-0.6161226899976213
VIRGINIA FILTERS AND SUPPLY,2021,432.41999999999996,1,1,0.0,54.0,0.19252805975367399,False,-0.356536995570757,-0.4716913409597758
VIRGINIA GRINDING & SHARPENING,2018,216.0,1,1,0.0,6.0,0.1988253337695502,False,-0.28761695918691194,-0.8570601350858081
VIRGINIA INFORMATION TECHNOLOGIES AGENCY,2016,5620.25,20,6,4.293103448275862,54.1875,0.14208929457124864,False,0.03604481764581172,0.47237347684115666
VIRGINIA INFORMATION TECHNOLOGIES AGENCY,2017,25966.72,28,3,3.923076923076923,31.692307692307693,0.13492400493632306,False,0.04440405125807799,0.21800444415191056
VIRGINIA INFORMATION TECHNOLOGIES AGENCY,2018,2006.7000000000003,4,3,5.0,25.0,0.18213022561171632,False,-0.2925045603833896,0.3480237334679536
VIRGINIA OFFICE SUPPLY INC,2016,630.0,2,1,0.5,4.0,0.1933236189248087,False,-0.2824853242598303,-0.7676256948261606
VIRGINIA TRAILER RENTALS,2019,4550.0,1,1,1.0,5.0,0.20088749310080917,False,-0.30822291247850797,-0.6563683270173944
VIRGINIA WATER SYSTEMS INC,2018,5000.0,2,2,5.0,143.0,0.13006659837832385,False,-0.5353560713111611,1.2886987152956197
VOLATIA LANGUAGE NETWORK INC,2019,4329.33,3,1,7.0,0.0,0.1484637436793279,False,-0.4080353557352244,0.5535994117414543
VWI OPERATIONS LLC,2017,6739.56,1,2,0.0,0.0,0.18976859625415693,False,-0.23182437463853134,-0.899717748272952
W W GRAINGER INC,2016,12671.69,31,45,2.6219512195121952,86.27272727272727,0.025107490385469666,False,2.0001012038573536,0.5649295795049559
W W GRAINGER INC,2017,15208.14,30,45,2.3333333333333335,12.735294117647058,0.06565240311765191,False,2.0989055569509256,-0.08637149152234908
W W GRAINGER INC,2018,20061.72,39,51,0.5053763440860215,20.454545454545453,0.044767762746952156,False,2.530085726109543,-0.36479920483519473
W W GRAINGER INC,2019,19947.850000000002,36,47,1.550561797752809,36.0,0.06002649292882911,False,2.2571050825024086,-0.04409187387306371
W W GRAINGER INC,2020,46274.94,47,96,1.314102564102564,39.06060606060606,-0.05082646710337657,True,4.699990910941452,0.1597274264401244
W W GRAINGER INC,2021,40802.71,45,92,1.2941176470588236,50.39090909090909,-0.04411395924382999,True,4.469880547694131,0.22560427062243119
W W GRAINGER INC,2022,8668.66,21,40,0.7627118644067796,4.0,0.062372861065677465,False,1.7916457075265129,-0.5186583783194859
WAFFLE & EGG INC KATHYS CUSTOM CATERING,2019,20340.0,2,1,3.5,3.0,0.186637699061786,False,-0.34679106040368235,-0.14817497655624967
WAGNER FOOD EQUIPMENT INC,2016,249680.89,14,8,2.8125,86.0,0.07394874518660094,False,0.05066393806506418,0.46761118432842513
WAGNER FOOD EQUIPMENT INC,2017,100097.04,2,2,8.5,15.0,0.1100716612626847,False,-0.42410424033342176,1.007408856774706
WAGNER FOOD EQUIPMENT INC,2018,254999.2,12,5,2.107142857142857,48.4375,0.11049340934090257,False,-0.046534168692302334,0.0048765983879037016
WAGNER FOOD EQUIPMENT INC,2019,207808.72,19,9,1.679245283018868,44.15217391304348,0.10320061276263359,False,0.24732982985426688,-0.10053410101694339
WAGNER FOOD EQUIPMENT INC,2020,225763.75,7,3,3.0,80.5,0.11010226044797877,False,-0.27466500352077367,0.4262809410238823
WAGNER FOOD EQUIPMENT INC,2021,200097.28,4,2,5.25,70.75,0.09828780523014952,False,-0.39923184004757356,0.8020112990121185
WALMART,2019,59.88,1,1,1.0,7.0,0.20232326670684836,False,-0.3113523410883161,-0.641196657846732
WASTE MANAGEMENT INC,2017,1023.0,1,1,4.0,6.0,0.19318135131577618,False,-0.3767321061535982,-0.025435049128511047
WASTE MANAGEMENT INC,2018,115.64,3,2,0.8,4.0,0.19791564051271893,False,-0.2290187034737848,-0.6996675754299307
WASTE MANAGEMENT INC,2019,9397.71,6,2,2.625,146.4,0.13836324654389598,False,-0.43352364915491876,0.8290747342953362
WASTE MANAGEMENT INC,2020,513.45,4,1,0.0,48.5,0.18812557904519933,False,-0.30849113238661974,-0.5114025224096954
WASTE MANAGEMENT INC,2021,254.68,2,1,0.0,1.0,0.1918197902977158,False,-0.2670533769308649,-0.8957157251663193
WATER CHEMISTRY INC,2018,40475.64,4,2,5.5,47.0,0.1491798376459052,False,-0.3798421272554124,0.6319105608702636
WATER CHEMISTRY INC,2019,54678.33,6,2,10.0,44.0,0.0886853975458971,False,-0.44826490768299887,1.5489720076785167
WATER CHEMISTRY INC,2020,14718.0,2,2,2.0,164.0,0.14317613460437756,False,-0.49808622144063197,0.8355915792703578
WAYNE NORMAN INC,2021,3380.0,1,1,7.0,42.0,0.15766556968333822,False,-0.4951674332255736,0.8876231383049562
WAYNE PRODUCE FARM,2016,1132.95,5,1,0.8,1.5,0.19333949549199675,False,-0.24541066959729096,-0.720810989755908
WAYNE PRODUCE FARM,2017,32.0,1,1,0.0,1.0,0.19447743889641989,False,-0.28044703873250426,-0.8972344900165151
WELDING PROCESSES & MECHANICAL INC,2017,1394.72,1,1,2.0,28.0,0.2036411585783483,False,-0.3637241523368321,-0.2644871958890984
WELDING PROCESSES & MECHANICAL INC,2020,9390.8,2,2,1.0,80.0,0.1806072653703838,False,-0.3554693154356764,-0.04764416545878872
WELDING PROCESSES & MECHANICAL INC,2021,9950.0,1,1,1.0,89.0,0.17584313298437676,False,-0.42854530247695544,0.01901517361404799
WESTERN BRANCH DIESEL INC,2016,4367.76,1,1,0.0,0.0,0.19358113730883886,False,-0.2787625459756106,-0.9044089056702848
WESTOVER INDUSTRIAL SALES & EQUIPMENT,2021,3465.0,2,1,2.5,228.5,0.1213285993423091,False,-0.6493063388465842,1.4508681068290286
WHALEY FOODSERVICE LLC,2020,10606.16,5,5,0.0,0.0,0.17791608675322695,False,-0.037672370974464325,-0.8803838131768374
"WIDGEON RIVER, LLC",2017,12322.84,27,23,0.0,11.31578947368421,0.09386495807930967,False,1.0829965436728362,-0.680718650894413
"WIDGEON RIVER, LLC",2018,3366.6899999999996,12,13,0.0,6.583333333333333,0.14362797788846166,False,0.42054323350270184,-0.7848398846247656
"WIDGEON RIVER, LLC",2020,870.19,5,4,0.0,8.1875,0.18834339639475872,False,-0.09679045007776878,-0.8207979158398713
"WIDGEON RIVER, LLC",2021,7284.209999999999,9,5,0.0,18.818181818181817,0.18165582669044972,False,-0.011363720101170524,-0.7240723575889346
WILKINSON-COOPER PRODUCE INC,2017,11660.0,5,1,0.6,9.0,0.19137600738391536,False,-0.2511201875539932,-0.700105515889656
WILLIAM MANIS COMPANY,2016,40606.15,22,2,0.8863636363636364,1.6666666666666667,0.15487427153241368,False,0.028964028677066177,-0.6644547127683268
WILLIAMS DISPOSAL LLC,2019,460.0,1,1,10.0,377.0,-0.01072793067898814,True,-1.043296713641925,4.199904047294554
WILLIS PRODUCE SALES LLC,2016,35582.35,16,2,0.5806451612903226,4.6,0.1689072576631082,False,-0.04900718294404404,-0.7142939290265351
WILLIS PRODUCE SALES LLC,2017,69319.65,33,2,1.1842105263157894,2.549019607843137,0.1408950922426211,False,0.1698927520996792,-0.5735843138242699
WILLIS PRODUCE SALES LLC,2018,20402.4,17,3,0.2727272727272727,3.263157894736842,0.16536226352463057,False,0.019089758804799888,-0.786319260705669
WILLIS PRODUCE SALES LLC,2019,12326.1,11,1,0.8461538461538461,3.0,0.17497110029334406,False,-0.16766690041131943,-0.688123388997823
WILLIS PRODUCE SALES LLC,2020,13251.75,9,1,0.8333333333333334,3.5714285714285716,0.18561066467120652,False,-0.1949105279502509,-0.6889688634364777
WILLIS PRODUCE SALES LLC,2021,6073.25,5,1,0.375,0.25,0.18938594776740597,False,-0.23385912227598646,-0.8182166404514204
WILLIS PRODUCE SALES LLC,2022,58526.85,19,2,0.8214285714285714,0.0,0.14993710191741288,False,-0.006311075465649842,-0.6922302287602798
WILLIS PRODUCE SALES LLC,2023,15446.7,8,2,0.7272727272727273,0.0,0.18399100238307287,False,-0.15387036380449656,-0.7365040112246516
WILSON READY MIX LLC,2019,9694.0,1,1,0.0,0.0,0.19009515950256045,False,-0.2784573999565142,-0.9033607801764111
WINDOW TINT SPECIALISTS INC,2020,139.0,1,1,1.0,124.0,0.1681838803557189,False,-0.47937061930712893,0.2980515385894144
WOMACK ELECTRIC & SUPPLY CO INC,2019,20.95,1,1,4.0,44.0,0.18779609726005098,False,-0.4313610259697881,0.2794176751807217
WOOL SERVICE SUPPLY & LOGISTICS LLC,2020,2222.7299999999996,3,3,0.42857142857142855,119.0,0.15038155075496157,False,-0.33896705286084305,0.15094127598523002
WYTHEVILLE OFFICE SUPPLY INC,2016,14650.67,68,68,2.0350877192982457,65.54838709677419,-0.018441014787694776,True,3.6146041279243293,0.4286970537822137
WYTHEVILLE OFFICE SUPPLY INC,2017,4600.89,40,46,2.533333333333333,12.837837837837839,0.056000301352473414,False,2.2743038555000683,-0.027088475700613138
WYTHEVILLE OFFICE SUPPLY INC,2018,8788.9,40,40,2.1392405063291138,7.054794520547945,0.06091187522494479,False,2.0108195106480666,-0.17995372201977963
WYTHEVILLE OFFICE SUPPLY INC,2019,4709.2,37,36,2.0303030303030303,23.174603174603174,0.0814080500970163,False,1.7625126333272387,-0.09531968088686874
WYTHEVILLE OFFICE SUPPLY INC,2020,1531.63,12,12,1.3888888888888888,6.294117647058823,0.16368585968472465,False,0.34309234022706053,-0.50304356628486
XELERA2,2019,75972.26000000001,7,2,3.4,32.0,0.16857410795317435,False,-0.26931466404577015,0.08638636993314167
XEROX CORP,2016,24245.64,8,3,4.555555555555555,258.0,0.05671251520197562,False,-0.5624095603674021,2.1363522898084177
XEROX CORP,2017,7041.5858,6,3,4.285714285714286,211.4,0.08152848106258381,False,-0.5172202465755809,1.6998383921243119
XEROX CORP,2018,59594.18000000001,2,2,1.3333333333333333,51.0,0.16971708274606467,False,-0.3183765451916361,-0.2012772732356726
XPRESSCREEN INC,2019,13341.24,1,2,10.0,39.0,0.10628221585057401,False,-0.5103572131480342,1.493324607910488
YORK BOLT INC,2019,420.0,1,1,0.0,14.0,0.20097027853008304,False,-0.2990940110272087,-0.7927989565836828
YORK BOLT INC,2020,100.0,1,1,0.0,118.0,0.16621068572072034,False,-0.4484659540280789,0.04201151816760134
YOUNGLOVE PRODUCE LLC,2016,27437.5,6,1,0.5,15.0,0.18160928841471957,False,-0.24322289327524527,-0.6681466731009835
ZOLL MEDICAL CORPORATION,2016,277.5,2,1,4.0,14.0,0.1952495925633514,False,-0.37488265164538287,0.040114226484202035
ZOLL MEDICAL CORPORATION,2017,127.5,1,1,1.0,42.0,0.19854715969272624,False,-0.36161170115214664,-0.3602163261206576
ZOLL MEDICAL CORPORATION,2020,1409.35,1,1,0.0,26.0,0.19962713517502656,False,-0.3162704389310663,-0.6962727156268396
